Date,Close,High,Low,Open,Volume
2020-01-01,0.0025859999004751444,0.0027230000123381615,0.0025679999962449074,0.0027199999894946814,10081
2020-01-02,0.002561999950557947,0.002730000065639615,0.0025450000539422035,0.0025770000647753477,9022
2020-01-03,0.0033319999929517508,0.005018999800086021,0.0025690000038594007,0.0025760000571608543,19227
2020-01-04,0.003702000016346574,0.0050130002200603485,0.0033279999624937773,0.0033319999929517508,16011
2020-01-05,0.0033569999504834414,0.0038320000749081373,0.0028470000252127647,0.003702000016346574,15862
2020-01-06,0.00344299990683794,0.0036669999826699495,0.0033100000582635403,0.003519000019878149,14199
2020-01-07,0.0035500000230968,0.0036170000676065683,0.0033199999015778303,0.00344299990683794,14399
2020-01-08,0.00356299988925457,0.0037960000336170197,0.0033760000951588154,0.0035500000230968,17807
2020-01-09,0.0037700000684708357,0.0037799999117851257,0.003456000005826354,0.0036949999630451202,15084
2020-01-10,0.003633999964222312,0.003771000076085329,0.0034620000515133142,0.0037640000227838755,14094
2020-01-11,0.0029440000653266907,0.0036460000555962324,0.0028860000893473625,0.003636999987065792,12456
2020-01-12,0.002841999987140298,0.0031079999171197414,0.0025679999962449074,0.0029329999815672636,12497
2020-01-13,0.003527000080794096,0.003616000059992075,0.0028379999566823244,0.0028379999566823244,15085
2020-01-14,0.003435000078752637,0.0038040000945329666,0.003237999975681305,0.0035260000731796026,10729
2020-01-15,0.0035800000187009573,0.003783999942243099,0.0033420000690966845,0.003387999953702092,17999
2020-01-16,0.003575999988242984,0.004488000180572271,0.003287999890744686,0.003636999987065792,21311
2020-01-17,0.0033100000582635403,0.003705000039190054,0.0028959999326616526,0.0035920001100748777,19822
2020-01-18,0.0034149999264627695,0.003693999955430627,0.0029100000392645597,0.0032820000778883696,14085
2020-01-19,0.003857000032439828,0.004298999905586243,0.0033650000113993883,0.0034080001059919596,15724
2020-01-20,0.00419300002977252,0.00430000014603138,0.003708000062033534,0.003857000032439828,17183
2020-01-21,0.003971000202000141,0.0042050001211464405,0.003722999943420291,0.00419300002977252,15669
2020-01-22,0.004182999953627586,0.0041970000602304935,0.0039059999398887157,0.004042999818921089,17489
2020-01-23,0.004098000004887581,0.004188999999314547,0.003951000049710274,0.004182999953627586,16299
2020-01-24,0.00418600020930171,0.004191000014543533,0.003955000080168247,0.004098000004887581,16105
2020-01-25,0.004188000224530697,0.0041970000602304935,0.003984000068157911,0.004188000224530697,16509
2020-01-26,0.004133999813348055,0.00420599989593029,0.003971000202000141,0.004188000224530697,15012
2020-01-27,0.003829000052064657,0.004162000026553869,0.003719999920576811,0.004009999800473452,15131
2020-01-28,0.003872999921441078,0.003961999900639057,0.003780999919399619,0.003837999887764454,10911
2020-01-29,0.0037479999009519815,0.00393499992787838,0.003722999943420291,0.003872999921441078,11096
2020-01-30,0.003857000032439828,0.0038980001118034124,0.0037410000804811716,0.0037899999879300594,14418
2020-01-31,0.00392800010740757,0.0039980001747608185,0.0037430000957101583,0.0038499999791383743,14797
2020-02-01,0.0038109999150037766,0.003978000022470951,0.003768000053241849,0.003924000076949596,12107
2020-02-02,0.0036090000066906214,0.004536000080406666,0.003599999938160181,0.0037849999498575926,13031
2020-02-03,0.003713000100106001,0.003916999790817499,0.0035979999229311943,0.0036090000066906214,14412
2020-02-04,0.0033519999124109745,0.0038109999150037766,0.0027570000384002924,0.003713000100106001,13958
2020-02-05,0.0032319999299943447,0.003806999884545803,0.0025919999461621046,0.0031969998963177204,13565
2020-02-06,0.002991999965161085,0.0032770000398159027,0.0026400000788271427,0.0032319999299943447,11957
2020-02-07,0.002643000101670623,0.0029959999956190586,0.0026000000070780516,0.002896999940276146,10916
2020-02-08,0.0023849999997764826,0.0027749999426305294,0.0023089998867362738,0.0027129999361932278,9677
2020-02-09,0.0005019999807700515,0.0024019998963922262,0.0005019999807700515,0.0023849999997764826,0
2020-02-10,0.0019099999917671084,0.0024019998963922262,0.0005019999807700515,0.0005019999807700515,2537
2020-02-11,0.0019519999623298645,0.002082000020891428,0.0016850000247359276,0.0016929999692365527,7434
2020-02-12,0.001943000010214746,0.0020669999066740274,0.0018060000147670507,0.0018309999722987413,7449
2020-02-13,0.0017519999528303742,0.0020469999872148037,0.0015510000521317124,0.001943000010214746,6895
2020-02-14,0.001728000002913177,0.0018489999929443002,0.0016599999507889152,0.001816999982111156,6593
2020-02-15,0.0017219999572262168,0.0018400000408291817,0.0017170000355690718,0.001728000002913177,6618
2020-02-16,0.0018579999450594187,0.0019160000374540687,0.0017180000431835651,0.0017209999496117234,7791
2020-02-17,0.0017590000061318278,0.0019160000374540687,0.0017350000562146306,0.0018720000516623259,7195
2020-02-18,0.0014029999729245901,0.001766999950632453,0.0013899999903514981,0.0017519999528303742,6502
2020-02-19,0.0014019999653100967,0.001765000051818788,0.0012120000319555402,0.0014019999653100967,6400
2020-02-20,0.0016949999844655395,0.001728000002913177,0.0014059999957680702,0.0014070000033825636,6648
2020-02-21,0.0016449999529868364,0.001702000037766993,0.0015910000074654818,0.001686000032350421,6243
2020-02-22,0.0015979999443516135,0.0016639999812468886,0.0014179999707266688,0.001643999945372343,6291
2020-02-23,0.0016250000335276127,0.001661999966017902,0.001429000054486096,0.0015979999443516135,6539
2020-02-24,0.0015579999890178442,0.0016599999507889152,0.001420999993570149,0.001601999974809587,5907
2020-02-25,0.001307999948039651,0.0016700000269338489,0.0013050000416114926,0.001560000004246831,5736
2020-02-26,0.0013520000502467155,0.0015399999683722854,0.001306000049225986,0.0013089999556541443,4464
2020-02-27,0.001184999942779541,0.0013859999598935246,0.001019999966956675,0.0013299999991431832,4847
2020-02-28,0.0010000000474974513,0.0015790000325068831,0.0008019999950192869,0.0012489999644458294,4201
2020-02-29,0.0011919999960809946,0.0011940000113099813,0.0009239999926649034,0.0009539999882690609,4815
2020-03-01,0.0011350000277161598,0.0011919999960809946,0.0010000000474974513,0.0011909999884665012,4555
2020-03-02,0.0011180000146850944,0.0011869999580085278,0.0010649999603629112,0.0011180000146850944,4437
2020-03-03,0.0011409999569877982,0.0011820000363513827,0.0010000000474974513,0.0011080000549554825,4385
2020-03-04,0.001151000033132732,0.001154000055976212,0.0010489999549463391,0.0010839999886229634,3998
2020-03-05,0.0010369999799877405,0.0011840000515803695,0.0010010000551119447,0.001151000033132732,4222
2020-03-06,0.0010519999777898192,0.0010939999483525753,0.0009500000160187483,0.0010369999799877405,4272
2020-03-07,0.0009009999921545386,0.0010860000038519502,0.0008190000080503523,0.0010420000180602074,3562
2020-03-08,0.0009389999904669821,0.001016999944113195,0.0008720000041648746,0.0009009999921545386,3718
2020-03-09,0.0009280000231228769,0.0010920000495389104,0.0008989999769255519,0.0009399999980814755,3517
2020-03-10,0.0010489999549463391,0.0010849999962374568,0.000914999982342124,0.0009200000204145908,4078
2020-03-11,0.001630999962799251,0.001693999976851046,0.000994000001810491,0.0010310000507161021,8740
2020-03-12,0.0013010000111535192,0.0016850000247359276,0.0009459999855607748,0.0016449999529868364,5087
2020-03-13,0.0009200000204145908,0.0013299999991431832,0.00088900001719594,0.0013010000111535192,2308
2020-03-14,0.0009009999921545386,0.0011660000309348106,0.0008950000046752393,0.0009190000128000975,21
2020-03-15,0.0010349999647587538,0.0014550000196322799,0.0009009999921545386,0.0009009999921545386,1186
2020-03-16,0.0012110000243410468,0.0012649999698624015,0.0010270000202581286,0.001032999949529767,3
2020-03-17,0.000195999993593432,0.001221999991685152,0.00019299999985378236,0.00120900000911206,99
2020-03-18,0.0001990000018849969,0.00020199999562464654,0.0001939999929163605,0.00019500000053085387,0
2020-03-19,0.0001990000018849969,0.0001990000018849969,0.0001990000018849969,0.0001990000018849969,0
2020-03-20,0.00023999999393709004,0.0006019999855197966,0.0001990000018849969,0.0001990000018849969,19
2020-03-21,0.00023999999393709004,0.00023999999393709004,0.00023999999393709004,0.00023999999393709004,0
2020-03-22,0.00023999999393709004,0.00023999999393709004,0.00023999999393709004,0.00023999999393709004,0
2020-03-23,0.00023999999393709004,0.00023999999393709004,0.00023999999393709004,0.00023999999393709004,0
2020-03-24,0.00023999999393709004,0.00023999999393709004,0.00023999999393709004,0.00023999999393709004,0
2020-03-25,0.00023999999393709004,0.00023999999393709004,0.00023999999393709004,0.00023999999393709004,0
2020-03-26,0.00023999999393709004,0.00023999999393709004,0.00023999999393709004,0.00023999999393709004,0
2020-03-27,0.00023999999393709004,0.00023999999393709004,0.00023999999393709004,0.00023999999393709004,0
2020-03-28,0.00023999999393709004,0.00023999999393709004,0.00023999999393709004,0.00023999999393709004,0
2020-03-29,0.00023999999393709004,0.00023999999393709004,0.00023999999393709004,0.00023999999393709004,0
2020-03-30,0.00023999999393709004,0.00023999999393709004,0.00023999999393709004,0.00023999999393709004,0
2020-03-31,0.00023999999393709004,0.00023999999393709004,0.00023999999393709004,0.00023999999393709004,0
2020-04-01,0.00023999999393709004,0.00023999999393709004,0.00023999999393709004,0.00023999999393709004,0
2020-04-02,0.00023999999393709004,0.00023999999393709004,0.00023999999393709004,0.00023999999393709004,0
2020-04-03,0.00023999999393709004,0.00023999999393709004,0.00023999999393709004,0.00023999999393709004,0
2020-04-04,0.00023999999393709004,0.00023999999393709004,0.00023999999393709004,0.00023999999393709004,0
2020-04-05,0.00023999999393709004,0.00023999999393709004,0.00023999999393709004,0.00023999999393709004,0
2020-04-06,0.00023999999393709004,0.00023999999393709004,0.00023999999393709004,0.00023999999393709004,0
2020-04-07,0.00023999999393709004,0.00023999999393709004,0.00023999999393709004,0.00023999999393709004,0
2020-04-08,0.00023999999393709004,0.00023999999393709004,0.00023999999393709004,0.00023999999393709004,0
2020-04-09,0.00023999999393709004,0.00023999999393709004,0.00023999999393709004,0.00023999999393709004,0
2020-04-10,0.00023999999393709004,0.00023999999393709004,0.00023999999393709004,0.00023999999393709004,0
2020-04-11,0.00023999999393709004,0.00023999999393709004,0.00023999999393709004,0.00023999999393709004,0
2020-04-12,0.00023999999393709004,0.00023999999393709004,0.00023999999393709004,0.00023999999393709004,0
2020-04-13,0.00028899998869746923,0.00029200001154094934,0.00023999999393709004,0.00023999999393709004,4
2020-04-14,0.00034500000765547156,0.0003480000013951212,0.00028899998869746923,0.00028899998869746923,106
2020-04-15,0.0003459999861661345,0.00034699999378062785,0.0003440000000409782,0.00034500000765547156,0
2020-04-16,0.0003459999861661345,0.0003459999861661345,0.0003459999861661345,0.0003459999861661345,0
2020-04-17,0.0003459999861661345,0.0003459999861661345,0.0003459999861661345,0.0003459999861661345,0
2020-04-18,0.0003459999861661345,0.0003459999861661345,0.0003459999861661345,0.0003459999861661345,0
2020-04-19,0.0003459999861661345,0.0003459999861661345,0.0003459999861661345,0.0003459999861661345,0
2020-04-20,0.0003459999861661345,0.0003459999861661345,0.0003459999861661345,0.0003459999861661345,0
2020-04-21,0.0003459999861661345,0.0003459999861661345,0.0003459999861661345,0.0003459999861661345,0
2020-04-22,0.0002460000105202198,0.0003459999861661345,0.00022400000307243317,0.0003459999861661345,16210
2020-04-23,0.0003699999942909926,0.0007559999939985573,0.0001990000018849969,0.00024399999529123306,102428
2020-04-24,0.00037399999564513564,0.0007740000146441162,0.0002119999990100041,0.00039500001003034413,98022
2020-04-25,0.0005130000063218176,0.0007750000222586095,0.00020399999630171806,0.00042600001324899495,68510
2020-04-26,0.0006070000235922635,0.000770999991800636,0.00020500000391621143,0.0004710000066552311,79892
2020-04-27,0.0006670000148005784,0.0007699999841861427,0.00021800000104121864,0.0006070000235922635,63450
2020-04-28,0.0005929999751970172,0.0007730000070296228,0.00021699999342672527,0.0006639999919570982,86169
2020-04-29,0.0004659999976865947,0.0006629999843426049,0.00026000000070780516,0.0005910000181756914,60724
2020-04-30,0.00026199998683296144,0.0006649999995715916,0.00026000000070780516,0.00046400001156143844,52558
2020-05-01,0.0006730000022798777,0.0007600000244565308,0.0002589999930933118,0.00026199998683296144,97297
2020-05-02,0.0006910000229254365,0.00076299998909235,0.00026000000070780516,0.0006719999946653843,85833
2020-05-03,0.0004079999926034361,0.0007609999738633633,0.00026199998683296144,0.0006820000126026571,94997
2020-05-04,0.0005239999736659229,0.0007619999814778566,0.00026199998683296144,0.0004070000140927732,73173
2020-05-05,0.0007469999836757779,0.0007609999738633633,0.0002610000083222985,0.0005050000036135316,62389
2020-05-06,0.00035600000410340726,0.000754999986384064,0.0002640000020619482,0.0007459999760612845,60421
2020-05-07,0.0007489999989047647,0.0007529999711550772,0.0002579999854788184,0.00035600000410340726,86339
2020-05-08,0.0005740000051446259,0.000754999986384064,0.00026000000070780516,0.0007489999989047647,80376
2020-05-09,0.0007379999733529985,0.0007529999711550772,0.0002589999930933118,0.00060299999313429,67585
2020-05-10,0.0006019999855197966,0.0007830000249668956,0.00028300000121816993,0.0007489999989047647,75956
2020-05-11,0.0006200000061653554,0.0007619999814778566,0.00020399999630171806,0.0005750000127591193,93278
2020-05-12,0.00023299999884329736,0.0010460000485181808,0.00020300000323913991,0.0006200000061653554,76671
2020-05-13,0.00025400001322850585,0.0007619999814778566,0.0002119999990100041,0.00021300000662449747,70453
2020-05-14,0.0006089999806135893,0.0007609999738633633,0.00021600000036414713,0.00025400001322850585,94090
2020-05-15,0.0003169999981764704,0.0007680000271648169,0.0002579999854788184,0.0006220000213943422,71423
2020-05-16,0.0002809999859891832,0.000691999972332269,0.0002579999854788184,0.000299000006634742,92236
2020-05-17,0.0003589999978430569,0.0009399999980814755,0.0002570000069681555,0.00026500000967644155,59873
2020-05-18,0.000311999989207834,0.00046099998871795833,0.0002809999859891832,0.00036800000816583633,39273
2020-05-19,0.00043899999582208693,0.00045900000259280205,0.00030499999411404133,0.0003220000071451068,29864
2020-05-20,0.0003859999997075647,0.00046300000394694507,0.0003319999959785491,0.000450999999884516,22444
2020-05-21,0.00039000000106170774,0.0004579999949783087,0.0003129999968223274,0.00039000000106170774,26752
2020-05-22,0.00034699999378062785,0.0004569999873638153,0.00034100000630132854,0.00039500001003034413,17029
2020-05-23,0.0003809999907389283,0.00039900001138448715,0.0002809999859891832,0.0003459999861661345,28771
2020-05-24,0.0003459999861661345,0.00040099999750964344,0.0002849999873433262,0.00038300000596791506,23217
2020-05-25,0.00037799999699927866,0.0003980000037699938,0.0002849999873433262,0.0003440000000409782,21515
2020-05-26,0.00036299999919719994,0.0003980000037699938,0.00028700000257231295,0.0003859999997075647,16365
2020-05-27,0.00031800000579096377,0.00039999998989515007,0.0002969999914057553,0.00036299999919719994,13261
2020-05-28,0.0003499999875202775,0.00039900001138448715,0.0003009999927598983,0.000311999989207834,43784
2020-05-29,0.0002969999914057553,0.0003859999997075647,0.00029399999766610563,0.0003499999875202775,11656
2020-05-30,0.00032500000088475645,0.0003549999964889139,0.0002800000074785203,0.00029600001289509237,14665
2020-05-31,0.000295000005280599,0.0003490000090096146,0.0002789999998640269,0.00031599999056197703,8701
2020-06-01,0.0003009999927598983,0.00032500000088475645,0.0002789999998640269,0.000291000003926456,9840
2020-06-02,0.00031599999056197703,0.00035799999022856355,0.0002800000074785203,0.0003009999927598983,10646
2020-06-03,0.00029600001289509237,0.00034500000765547156,0.0002809999859891832,0.00031599999056197703,9689
2020-06-04,0.00031599999056197703,0.00032500000088475645,0.0002789999998640269,0.0003000000142492354,8866
2020-06-05,0.00029600001289509237,0.0003239999932702631,0.0002800000074785203,0.00031599999056197703,8209
2020-06-06,0.00029399999766610563,0.0003260000084992498,0.0002800000074785203,0.00029600001289509237,9008
2020-06-07,0.0002899999963119626,0.00031999999191612005,0.0002809999859891832,0.00029399999766610563,9072
2020-06-08,0.00030499999411404133,0.0003150000120513141,0.0002789999998640269,0.00028700000257231295,8060
2020-06-09,0.00028700000257231295,0.0003150000120513141,0.0002800000074785203,0.00030399998649954796,7870
2020-06-10,0.0002899999963119626,0.0003380000125616789,0.0002800000074785203,0.0002880000101868063,9658
2020-06-11,0.0003389999910723418,0.0003499999875202775,0.0002800000074785203,0.00029200001154094934,9927
2020-06-12,0.00029399999766610563,0.0003490000090096146,0.0002800000074785203,0.00034100000630132854,10629
2020-06-13,0.0002849999873433262,0.00034100000630132854,0.0002809999859891832,0.00029299999005161226,11323
2020-06-14,0.00033000000985339284,0.0003499999875202775,0.0002809999859891832,0.0002849999873433262,9141
2020-06-15,0.00030300000798888505,0.00035099999513477087,0.0002809999859891832,0.00033400001120753586,8091
2020-06-16,0.00029799999902024865,0.00030300000798888505,0.0002809999859891832,0.0003009999927598983,6621
2020-06-17,0.00022499999613501132,0.0003020000003743917,0.0002209999947808683,0.00029799999902024865,14414
2020-06-18,0.00029399999766610563,0.00030300000798888505,0.0002209999947808683,0.00022499999613501132,14672
2020-06-19,0.00022200000239536166,0.00030300000798888505,0.00022000000171829015,0.000291000003926456,10822
2020-06-20,0.000299000006634742,0.00030300000798888505,0.00022000000171829015,0.00022000000171829015,12807
2020-06-21,0.00030399998649954796,0.0003800000122282654,0.0002209999947808683,0.0002849999873433262,17517
2020-06-22,0.00021699999342672527,0.00037799999699927866,0.00019999999494757503,0.00028700000257231295,23434
2020-06-23,0.00021699999342672527,0.00037799999699927866,0.0002119999990100041,0.00023700000019744039,182
2020-06-24,0.0003129999968223274,0.00037299998803064227,0.00021600000036414713,0.00021699999342672527,14539
2020-06-25,0.00028700000257231295,0.00033400001120753586,0.00021100000594742596,0.00030700000934302807,15166
2020-06-26,0.00031900001340545714,0.00037299998803064227,0.0002119999990100041,0.000291000003926456,21735
2020-06-27,0.0002229999954579398,0.00037299998803064227,0.00021300000662449747,0.0003220000071451068,21035
2020-06-28,0.0002410000015515834,0.0003370000049471855,0.00021300000662449747,0.0002229999954579398,16850
2020-06-29,0.0002519999979995191,0.0003370000049471855,0.00021300000662449747,0.0002519999979995191,21458
2020-06-30,0.0003100000030826777,0.0003349999897181988,0.00021800000104121864,0.00025400001322850585,13025
2020-07-01,0.00031800000579096377,0.0003330000035930425,0.00022699999681208283,0.00030499999411404133,12583
2020-07-02,0.0002570000069681555,0.00033400001120753586,0.00022899999748915434,0.000311999989207834,12303
2020-07-03,0.0002570000069681555,0.00033400001120753586,0.0002229999954579398,0.00025499999173916876,15088
2020-07-04,0.0002610000083222985,0.0003319999959785491,0.00022200000239536166,0.0002699999895412475,20818
2020-07-05,0.000307999987853691,0.0003319999959785491,0.00023999999393709004,0.00026199998683296144,22540
2020-07-06,0.00030700000934302807,0.0003319999959785491,0.00025599999935366213,0.000307999987853691,20181
2020-07-07,0.0002690000110305846,0.00033099998836405575,0.0002209999947808683,0.00030300000798888505,18080
2020-07-08,0.00027600000612437725,0.0003220000071451068,0.0002229999954579398,0.0002690000110305846,20059
2020-07-09,0.0003020000003743917,0.00031900001340545714,0.00023200000578071922,0.0002749999985098839,0
2020-07-10,0.0003020000003743917,0.0003020000003743917,0.0003020000003743917,0.0003020000003743917,0
2020-07-11,0.0003020000003743917,0.00031999999191612005,0.0003009999927598983,0.0003020000003743917,35339
2020-07-12,0.000307999987853691,0.00031999999191612005,0.0003009999927598983,0.00030300000798888505,38974
2020-07-13,0.000307999987853691,0.00031900001340545714,0.0003000000142492354,0.000307999987853691,36640
2020-07-14,0.00031900001340545714,0.00031999999191612005,0.0003009999927598983,0.000307999987853691,40595
2020-07-15,0.0002899999963119626,0.00031900001340545714,0.0002479999966453761,0.0003169999981764704,73292
2020-07-16,0.00030700000934302807,0.00031800000579096377,0.00023099999816622585,0.000291000003926456,73668
2020-07-17,0.00029799999902024865,0.0013770000077784061,0.00023700000019744039,0.00030499999411404133,87944
2020-07-18,0.0002680000034160912,0.0018090000376105309,0.00021600000036414713,0.00029799999902024865,68770
2020-07-19,0.00024300000222865492,0.0009219999774359167,0.00021600000036414713,0.00026699999580159783,59377
2020-07-20,0.00025400001322850585,0.00039599998854100704,0.00022000000171829015,0.00024300000222865492,1284187
2020-07-21,0.00023700000019744039,0.0004670000053010881,0.00022600000374950469,0.00025400001322850585,3176102
2020-07-22,0.00031400000443682075,0.00043200000072829425,0.00023200000578071922,0.00023700000019744039,3383431
2020-07-23,0.00033999999868683517,0.00036199999158270657,0.0002300000051036477,0.00031400000443682075,2992109
2020-07-24,0.00032500000088475645,0.00045900000259280205,0.00022899999748915434,0.00033999999868683517,3647007
2020-07-25,0.00029200001154094934,0.0003490000090096146,0.00022899999748915434,0.0003380000125616789,3818302
2020-07-26,0.0002640000020619482,0.0003490000090096146,0.0002280000044265762,0.00029200001154094934,4192190
2020-07-27,0.0002770000137388706,0.0007989999721758068,0.00022899999748915434,0.0002640000020619482,4638486
2020-07-28,0.0002690000110305846,0.00040499999886378646,0.00022899999748915434,0.00027799999224953353,4675452
2020-07-29,0.0003239999932702631,0.0003980000037699938,0.00022899999748915434,0.0002840000088326633,4837062
2020-07-30,0.00026500000967644155,0.0004149999876972288,0.00023600000713486224,0.0003239999932702631,4461286
2020-07-31,0.0002809999859891832,0.00046800001291558146,0.0002469999890308827,0.00026500000967644155,3431202
2020-08-01,0.0003239999932702631,0.00041000000783242285,0.00023499999952036887,0.0002809999859891832,5400509
2020-08-02,0.00033400001120753586,0.00036199999158270657,0.00023499999952036887,0.0003000000142492354,4743233
2020-08-03,0.0003319999959785491,0.00034699999378062785,0.00023600000713486224,0.00033099998836405575,4344923
2020-08-04,0.0002390000008745119,0.0004149999876972288,0.0002300000051036477,0.00033599999733269215,4305473
2020-08-05,0.00026699999580159783,0.0003429999924264848,0.0002300000051036477,0.00025099999038502574,4271532
2020-08-06,0.0003169999981764704,0.0003440000000409782,0.0002300000051036477,0.00026699999580159783,4307036
2020-08-07,0.00031900001340545714,0.0003370000049471855,0.0002300000051036477,0.00033000000985339284,5039561
2020-08-08,0.0002500000118743628,0.00040099999750964344,0.00023099999816622585,0.0003150000120513141,4495262
2020-08-09,0.00021499999274965376,0.000455000001238659,0.00019700000120792538,0.00025599999935366213,1216427
2020-08-10,0.0002500000118743628,0.0008900000248104334,0.00020700000459328294,0.00021100000594742596,2404352
2020-08-11,0.00025099999038502574,0.00034699999378062785,0.00020700000459328294,0.00024900000425986946,2661137
2020-08-12,0.0002410000015515834,0.0005670000100508332,0.00020599999697878957,0.00025599999935366213,2828240
2020-08-13,0.00025099999038502574,0.0007849999819882214,0.00020700000459328294,0.0002410000015515834,4585569
2020-08-14,0.000295000005280599,0.00030300000798888505,0.00020700000459328294,0.00025400001322850585,5492452
2020-08-15,0.00023200000578071922,0.000295000005280599,0.00020700000459328294,0.000295000005280599,8397127
2020-08-16,0.0010110000148415565,0.0010110000148415565,0.00023200000578071922,0.00023200000578071922,15
2020-08-17,0.0010130000300705433,0.0010140000376850367,0.0010110000148415565,0.0010110000148415565,15
2020-08-18,0.0002469999890308827,0.00101500004529953,0.00020799999765586108,0.0010130000300705433,3584994
2020-08-19,0.0002530000056140125,0.00029299999005161226,0.00020599999697878957,0.00023600000713486224,3878911
2020-08-20,0.0002469999890308827,0.000291000003926456,0.00020599999697878957,0.0002530000056140125,2777252
2020-08-21,0.0002229999954579398,0.0002859999949578196,0.00020599999697878957,0.00023999999393709004,3511495
2020-08-22,0.000291000003926456,0.000291000003926456,0.00020700000459328294,0.00021800000104121864,3654907
2020-08-23,0.00024399999529123306,0.00029299999005161226,0.00022200000239536166,0.0002849999873433262,2847616
2020-08-24,0.0002789999998640269,0.00029299999005161226,0.0002229999954579398,0.0002469999890308827,3292744
2020-08-25,0.00023499999952036887,0.000291000003926456,0.0002229999954579398,0.00028700000257231295,3090474
2020-08-26,0.00024199999461416155,0.00029200001154094934,0.00022400000307243317,0.00022899999748915434,3344035
2020-08-27,0.000291000003926456,0.00029200001154094934,0.00022400000307243317,0.00024399999529123306,3418243
2020-08-28,0.00023700000019744039,0.000291000003926456,0.00022400000307243317,0.000291000003926456,2333046
2020-08-29,0.00023700000019744039,0.0002610000083222985,0.00022400000307243317,0.00023200000578071922,2343094
2020-08-30,0.0002410000015515834,0.00024500000290572643,0.00023600000713486224,0.00023799999326001853,2317490
2020-08-31,0.00023799999326001853,0.00024500000290572643,0.00023600000713486224,0.0002410000015515834,2431906
2020-09-01,0.00028199999360367656,0.00029200001154094934,0.00023499999952036887,0.00023799999326001853,6755430
2020-09-02,0.0002770000137388706,0.00029200001154094934,0.00023600000713486224,0.0002579999854788184,5227123
2020-09-03,0.00027799999224953353,0.00029200001154094934,0.0002500000118743628,0.00027600000612437725,5319663
2020-09-04,0.00028700000257231295,0.00029299999005161226,0.00022400000307243317,0.0002770000137388706,7405990
2020-09-05,0.00024500000290572643,0.000291000003926456,0.00022400000307243317,0.000291000003926456,7867674
2020-09-06,0.0002410000015515834,0.00028899998869746923,0.00022699999681208283,0.00024500000290572643,6905454
2020-09-07,0.00025599999935366213,0.00028700000257231295,0.00022699999681208283,0.00022899999748915434,7023295
2020-09-08,0.0002859999949578196,0.00028700000257231295,0.00022699999681208283,0.0002589999930933118,8022074
2020-09-09,0.00025599999935366213,0.00028700000257231295,0.0002300000051036477,0.0002859999949578196,7228189
2020-09-10,0.00028300000121816993,0.0003000000142492354,0.0002300000051036477,0.00025599999935366213,6685460
2020-09-11,0.00025499999173916876,0.00028700000257231295,0.00023200000578071922,0.00028300000121816993,4809369
2020-09-12,0.00026199998683296144,0.00027099999715574086,0.00023200000578071922,0.00024300000222865492,5390041
2020-09-13,0.00027099999715574086,0.0002880000101868063,0.00023099999816622585,0.00026500000967644155,7677510
2020-09-14,0.00026699999580159783,0.0002880000101868063,0.00022899999748915434,0.00028300000121816993,6817564
2020-09-15,0.0002519999979995191,0.00029299999005161226,0.0002300000051036477,0.00026699999580159783,4825613
2020-09-16,0.0010229999898001552,0.0010239999974146485,0.0002300000051036477,0.00023999999393709004,39
2020-09-17,0.002555999904870987,0.0025579999200999737,0.0010189999593421817,0.0010229999898001552,26
2020-09-18,0.0007210000185295939,0.002570000011473894,0.0007210000185295939,0.002555999904870987,192
2020-09-19,0.0007210000185295939,0.0007210000185295939,0.0007210000185295939,0.0007210000185295939,192
2020-09-20,0.0007210000185295939,0.0007210000185295939,0.0007210000185295939,0.0007210000185295939,192
2020-09-21,0.0007179999956861138,0.0007259999983943999,0.0007159999804571271,0.0007210000185295939,215
2020-09-22,0.0007650000043213367,0.0007650000043213367,0.0006680000224150717,0.0007179999956861138,298
2020-09-23,0.0007329999934881926,0.000838999985717237,0.0007159999804571271,0.0007730000070296228,2
2020-09-24,0.0005089999758638442,0.0007389999809674919,0.0003929999948013574,0.0007329999934881926,2
2020-09-25,0.00039599998854100704,0.0005099999834783375,0.00039599998854100704,0.0005089999758638442,2
2020-09-26,0.00031900001340545714,0.00039900001138448715,0.00031800000579096377,0.00039599998854100704,2
2020-09-27,0.00029200001154094934,0.00031999999191612005,0.000291000003926456,0.00031900001340545714,2
2020-09-28,0.0004070000140927732,0.0004140000091865659,0.00029200001154094934,0.00029200001154094934,2
2020-09-29,0.00041199999395757914,0.0004130000015720725,0.00040499999886378646,0.0004070000140927732,2
2020-09-30,0.0004149999876972288,0.00041700000292621553,0.00023600000713486224,0.00041199999395757914,11
2020-10-01,0.00030399998649954796,0.00042100000428035855,0.0003009999927598983,0.0004149999876972288,5
2020-10-02,0.0003020000003743917,0.00030499999411404133,0.00029799999902024865,0.00030399998649954796,5
2020-10-03,0.00036800000816583633,0.00036899998667649925,0.0003009999927598983,0.0003020000003743917,18
2020-10-04,0.00029799999902024865,0.00037900000461377203,0.00029600001289509237,0.00036800000816583633,5
2020-10-05,0.0003020000003743917,0.0003020000003743917,0.0002969999914057553,0.00029799999902024865,5
2020-10-06,0.00032900000223889947,0.00033599999733269215,0.00029799999902024865,0.0003020000003743917,10
2020-10-07,0.00012799999967683107,0.00033000000985339284,0.0001250000059371814,0.00032900000223889947,13
2020-10-08,0.00013099999341648072,0.00013099999341648072,0.00012700000661425292,0.00012799999967683107,13
2020-10-09,0.00013299999409355223,0.00013299999409355223,0.00013000000035390258,0.00013099999341648072,13
2020-10-10,0.00013600000238511711,0.00013699999544769526,0.00013299999409355223,0.00013299999409355223,14
2020-10-11,0.0003260000084992498,0.00045399999362416565,0.00013499999477062374,0.00013600000238511711,7
2020-10-12,0.00033099998836405575,0.0003349999897181988,0.0003220000071451068,0.0003260000084992498,7
2020-10-13,0.00032699998700991273,0.00033099998836405575,0.0003239999932702631,0.00033099998836405575,7
2020-10-14,0.00040099999750964344,0.00040499999886378646,0.0003260000084992498,0.00032699998700991273,25
2020-10-15,0.0004030000127386302,0.00040600000647827983,0.00039599998854100704,0.00040099999750964344,25
2020-10-16,0.0003969999961555004,0.00040499999886378646,0.0003929999948013574,0.0004030000127386302,25
2020-10-17,0.0003980000037699938,0.00039900001138448715,0.00039599998854100704,0.0003969999961555004,25
2020-10-18,0.0004030000127386302,0.0004030000127386302,0.0003980000037699938,0.0003980000037699938,25
2020-10-19,0.00041199999395757914,0.0004140000091865659,0.00039999998989515007,0.0004030000127386302,26
2020-10-20,0.0004180000105407089,0.00042100000428035855,0.00041000000783242285,0.00041199999395757914,26
2020-10-21,0.00024900000425986946,0.0004309999931138009,0.00022699999681208283,0.0004180000105407089,15
2020-10-22,0.0004299999854993075,0.0004360000020824373,0.00024900000425986946,0.00024900000425986946,20
2020-10-23,0.00042799999937415123,0.0004309999931138009,0.0004220000118948519,0.0004299999854993075,20
2020-10-24,0.0004349999944679439,0.0004360000020824373,0.00042699999175965786,0.00042799999937415123,21
2020-10-25,0.00043200000072829425,0.0004419999895617366,0.00042799999937415123,0.00043399998685345054,21
2020-10-26,0.0004330000083427876,0.00043799998820759356,0.0004250000056345016,0.00043200000072829425,21
2020-10-27,0.00045200000749900937,0.0004560000088531524,0.0004330000083427876,0.0004330000083427876,21
2020-10-28,0.0004400000034365803,0.00045900000259280205,0.00042799999937415123,0.00045200000749900937,21
2020-10-29,0.0004450000124052167,0.000450999999884516,0.0004299999854993075,0.0004400000034365803,21
2020-10-30,0.0002479999966453761,0.000450999999884516,0.00024199999461416155,0.0004450000124052167,12
2020-10-31,0.00025099999038502574,0.00025499999173916876,0.0002460000105202198,0.0002469999890308827,13
2020-11-01,0.00023799999326001853,0.0002530000056140125,0.00023700000019744039,0.00025099999038502574,8
2020-11-02,0.00023600000713486224,0.00023999999393709004,0.00023099999816622585,0.0002390000008745119,8
2020-11-03,0.00024199999461416155,0.00024300000222865492,0.00023200000578071922,0.00023600000713486224,8
2020-11-04,0.00010599999950500205,0.0002469999890308827,0.00010599999950500205,0.00024199999461416155,64
2020-11-05,0.00025400001322850585,0.0002570000069681555,0.00010599999950500205,0.00010599999950500205,58
2020-11-06,0.00025499999173916876,0.00026000000070780516,0.0002500000118743628,0.00025499999173916876,59
2020-11-07,0.00025599999935366213,0.00026699999580159783,0.00018400000408291817,0.00025499999173916876,91
2020-11-08,0.00024300000222865492,0.00025499999173916876,0.00023299999884329736,0.00025499999173916876,97
2020-11-09,0.00012399999832268804,0.0002469999890308827,0.00012399999832268804,0.00024300000222865492,25
2020-11-10,0.00012399999832268804,0.0001250000059371814,0.0001230000052601099,0.00012399999832268804,25
2020-11-11,0.00012599999899975955,0.00012700000661425292,0.00012399999832268804,0.00012399999832268804,25
2020-11-12,0.00012799999967683107,0.00012799999967683107,0.0001250000059371814,0.00012599999899975955,25
2020-11-13,0.00013000000035390258,0.00013099999341648072,0.00012700000661425292,0.00012799999967683107,25
2020-11-14,0.0002410000015515834,0.00024199999461416155,0.00012599999899975955,0.00013099999341648072,44
2020-11-15,0.0002390000008745119,0.00024199999461416155,0.00023700000019744039,0.0002410000015515834,44
2020-11-16,0.00025099999038502574,0.0002519999979995191,0.00023799999326001853,0.0002390000008745119,45
2020-11-17,0.00026500000967644155,0.00026699999580159783,0.0002479999966453761,0.0002500000118743628,47
2020-11-18,0.00015999999595806003,0.00027600000612437725,0.000155999994603917,0.00026500000967644155,25
2020-11-19,0.0001429999974789098,0.0001630000042496249,0.00014200000441633165,0.00015999999595806003,17
2020-11-20,0.00014899999951012433,0.0001500000071246177,0.00014200000441633165,0.0001429999974789098,17
2020-11-21,0.00014899999951012433,0.00015100000018719584,0.00014800000644754618,0.00014899999951012433,16
2020-11-22,0.00014699999883305281,0.0001500000071246177,0.00014099999680183828,0.00014899999951012433,16
2020-11-23,0.00014699999883305281,0.0001500000071246177,0.00014400000509340316,0.00014699999883305281,16
2020-11-24,0.0001720000000204891,0.0001740000006975606,0.0001449999981559813,0.00014699999883305281,21
2020-11-25,0.00016900000628083944,0.00017499999376013875,0.00016700000560376793,0.0001720000000204891,21
2020-11-26,0.0001539999939268455,0.00016999999934341758,0.00014699999883305281,0.00016900000628083944,19
2020-11-27,0.0001539999939268455,0.00015700000221841037,0.00014899999951012433,0.0001539999939268455,19
2020-11-28,0.00017699999443721026,0.00017899999511428177,0.00015199999324977398,0.0001539999939268455,22
2020-11-29,0.00018200000340584666,0.0001829999964684248,0.00017600000137463212,0.00017699999443721026,23
2020-11-30,0.000195999993593432,0.00019700000120792538,0.00018200000340584666,0.00018200000340584666,25
2020-12-01,0.0001880000054370612,0.00019799999427050352,0.0001829999964684248,0.000195999993593432,24
2020-12-02,0.00019200000679120421,0.00019299999985378236,0.0001829999964684248,0.0001880000054370612,24
2020-12-03,0.00015500000154133886,0.0001939999929163605,0.0001539999939268455,0.00019200000679120421,29
2020-12-04,0.00015300000086426735,0.000155999994603917,0.00015300000086426735,0.00015500000154133886,28
2020-12-05,0.0001539999939268455,0.00015500000154133886,0.00015199999324977398,0.00015300000086426735,29
2020-12-06,0.00015500000154133886,0.00015500000154133886,0.00015300000086426735,0.0001539999939268455,29
2020-12-07,0.00015500000154133886,0.000155999994603917,0.0001539999939268455,0.00015500000154133886,29
2020-12-08,9.999999747378752e-05,0.00015500000154133886,8.299999899463728e-05,0.00015500000154133886,118
2020-12-09,0.00018600000475998968,0.00018600000475998968,7.300000288523734e-05,9.999999747378752e-05,28
2020-12-10,0.0001829999964684248,0.00018600000475998968,0.00018000000272877514,0.00018600000475998968,28
2020-12-11,0.00018099999579135329,0.0001829999964684248,0.00017600000137463212,0.0001829999964684248,27
2020-12-12,0.00016900000628083944,0.0001880000054370612,0.00016900000628083944,0.00018099999579135329,19
2020-12-13,0.0001720000000204891,0.0001740000006975606,0.00016900000628083944,0.00016900000628083944,23
2020-12-14,0.00017299999308306724,0.0001740000006975606,0.00017100000695791095,0.0001720000000204891,23
2020-12-15,0.00017499999376013875,0.00017600000137463212,0.0001720000000204891,0.00017299999308306724,23
2020-12-16,0.00010699999984353781,0.00017699999443721026,9.7999996796716e-05,0.00017499999376013875,6
2020-12-17,0.0001140000022132881,0.00011800000356743112,0.00010599999950500205,0.00010699999984353781,7
2020-12-18,0.00011600000289035961,0.00011600000289035961,0.00011200000153621659,0.0001140000022132881,7
2020-12-19,0.00011899999663000926,0.00011999999696854502,0.0001140000022132881,0.00011600000289035961,7
2020-12-20,0.00011800000356743112,0.00012099999730708078,0.00011600000289035961,0.00011899999663000926,7
2020-12-21,0.0001140000022132881,0.00011999999696854502,0.00011100000119768083,0.00011700000322889537,7
2020-12-22,0.00011899999663000926,0.00011899999663000926,0.00011200000153621659,0.0001140000022132881,3
2020-12-23,0.00011600000289035961,0.00011999999696854502,0.0001140000022132881,0.00011899999663000926,3
2020-12-24,0.00011899999663000926,0.00011899999663000926,0.0001140000022132881,0.00011600000289035961,3
2020-12-25,0.0001230000052601099,0.00012399999832268804,0.00011700000322889537,0.00011899999663000926,3
2020-12-26,0.0001320000010309741,0.0001340000017080456,0.0001230000052601099,0.0001230000052601099,3
2020-12-27,0.0001320000010309741,0.00014099999680183828,0.00013000000035390258,0.0001320000010309741,3
2020-12-28,8.099999831756577e-05,0.00013699999544769526,7.999999797903001e-05,0.00013099999341648072,5
2020-12-29,8.199999865610152e-05,8.199999865610152e-05,7.79999973019585e-05,8.099999831756577e-05,5
2020-12-30,8.70000003487803e-05,0.00012199999764561653,8.199999865610152e-05,8.199999865610152e-05,0
2020-12-31,8.70000003487803e-05,8.800000068731606e-05,8.499999967170879e-05,8.70000003487803e-05,5
2021-01-01,8.800000068731606e-05,8.900000102585182e-05,8.600000001024455e-05,8.70000003487803e-05,5
2021-01-02,0.00028899998869746923,0.00029799999902024865,8.70000003487803e-05,8.800000068731606e-05,19
2021-01-03,0.000295000005280599,0.0003110000106971711,0.0002880000101868063,0.00028899998869746923,19
2021-01-04,0.0002880000101868063,0.0003009999927598983,0.0002589999930933118,0.000295000005280599,10
2021-01-05,0.0003060000017285347,0.0003100000030826777,0.00027200000477023423,0.0002880000101868063,10
2021-01-06,0.00011100000119768083,0.00032699998700991273,0.00010299999848939478,0.0003060000017285347,81
2021-01-07,0.00011800000356743112,0.00011899999663000926,0.00011000000085914508,0.00011000000085914508,89
2021-01-08,0.00012199999764561653,0.00012599999899975955,0.00011100000119768083,0.00011800000356743112,92
2021-01-09,0.0003220000071451068,0.0003279999946244061,0.00011700000322889537,0.00012199999764561653,25
2021-01-10,0.00034500000765547156,0.0003699999942909926,0.0003220000071451068,0.0003220000071451068,100
2021-01-11,0.00035600000410340726,0.00035600000410340726,0.0002749999985098839,0.00034500000765547156,11
2021-01-12,0.0003389999910723418,0.0003659999929368496,0.00032699998700991273,0.0003549999964889139,20
2021-01-13,0.00018699999782256782,0.00035200000274926424,0.0001720000000204891,0.0003389999910723418,21
2021-01-14,0.000195999993593432,0.00019999999494757503,0.00018400000408291817,0.00018600000475998968,22
2021-01-15,0.00018400000408291817,0.00019799999427050352,0.00017299999308306724,0.000195999993593432,21
2021-01-16,0.00018099999579135329,0.00018899999849963933,0.00017800000205170363,0.00018400000408291817,21
2021-01-17,0.00017899999511428177,0.00018400000408291817,0.00016999999934341758,0.00018099999579135329,20
2021-01-18,0.00018400000408291817,0.00018699999782256782,0.0001740000006975606,0.00017899999511428177,21
2021-01-19,0.00018099999579135329,0.00018899999849963933,0.00018099999579135329,0.0001829999964684248,21
2021-01-20,0.00017800000205170363,0.00018200000340584666,0.00016799999866634607,0.00018000000272877514,20
2021-01-21,0.00030899999546818435,0.0003229999856557697,0.000155999994603917,0.00017800000205170363,56
2021-01-22,0.00033000000985339284,0.0003380000125616789,0.0002899999963119626,0.000307999987853691,60
2021-01-23,0.0003209999995306134,0.00033400001120753586,0.0003150000120513141,0.00033000000985339284,59
2021-01-24,0.0003229999856557697,0.00032900000223889947,0.0003110000106971711,0.0003209999995306134,59
2021-01-25,0.0003239999932702631,0.0003480000013951212,0.0003209999995306134,0.0003229999856557697,59
2021-01-26,0.0003260000084992498,0.0003279999946244061,0.0003100000030826777,0.0003239999932702631,13
2021-01-27,0.00033400001120753586,0.0003480000013951212,0.00029399999766610563,0.0003260000084992498,10
2021-01-28,0.00036800000816583633,0.00037200000951997936,0.00033000000985339284,0.0003349999897181988,11
2021-01-29,0.0003769999893847853,0.0004220000118948519,0.0003530000103637576,0.00036800000816583633,12
2021-01-30,0.0003769999893847853,0.00038300000596791506,0.00036199999158270657,0.00037799999699927866,10
2021-01-31,0.0003650000144261867,0.0003769999893847853,0.0003549999964889139,0.0003769999893847853,9
2021-02-01,0.0002010000025620684,0.0003809999907389283,0.0002010000025620684,0.0003640000068116933,20
2021-02-02,0.00021300000662449747,0.00021499999274965376,0.0002010000025620684,0.0002010000025620684,22
2021-02-03,0.0004870000120718032,0.0004870000120718032,0.00021300000662449747,0.00021300000662449747,64
2021-02-04,0.0002589999930933118,0.0005019999807700515,0.00025400001322850585,0.0004870000120718032,39
2021-02-05,0.00026599998818710446,0.0002680000034160912,0.0002570000069681555,0.0002579999854788184,40
2021-02-06,0.0004710000066552311,0.0004839999892283231,0.00026699999580159783,0.00026699999580159783,22
2021-02-07,0.0004670000053010881,0.00047500000800937414,0.0004490000137593597,0.0004710000066552311,22
2021-02-08,0.0005540000274777412,0.0005540000274777412,0.0004569999873638153,0.0004670000053010881,26
2021-02-09,0.00032500000088475645,0.0005760000203736126,0.00031599999056197703,0.0005540000274777412,18
2021-02-10,0.00022400000307243317,0.00033000000985339284,0.0002229999954579398,0.00032500000088475645,51
2021-02-11,0.0002390000008745119,0.00024199999461416155,0.0002209999947808683,0.00022499999613501132,54
2021-02-12,0.00023799999326001853,0.00024399999529123306,0.00023200000578071922,0.0002390000008745119,54
2021-02-13,0.00023499999952036887,0.00023999999393709004,0.00023200000578071922,0.00023799999326001853,51
2021-02-14,0.00019500000053085387,0.0002460000105202198,0.00019299999985378236,0.00023600000713486224,15
2021-02-15,0.00019200000679120421,0.000195999993593432,0.0001849999971454963,0.00019500000053085387,45
2021-02-16,0.00019700000120792538,0.0002010000025620684,0.00018899999849963933,0.00019200000679120421,42
2021-02-17,0.00020900000527035445,0.0002099999983329326,0.000195999993593432,0.00019700000120792538,45
2021-02-18,0.00020700000459328294,0.0002099999983329326,0.00020399999630171806,0.00020900000527035445,10
2021-02-19,0.00022400000307243317,0.00022400000307243317,0.00020399999630171806,0.00020700000459328294,10
2021-02-20,0.00011200000153621659,0.00022600000374950469,0.00010900000052060932,0.00022400000307243317,52
2021-02-21,0.00011500000255182385,0.00011700000322889537,0.00011100000119768083,0.00011200000153621659,54
2021-02-22,0.00021699999342672527,0.0005419999943114817,0.00011200000153621659,0.00011500000255182385,60
2021-02-23,0.00019500000053085387,0.00021699999342672527,0.00018099999579135329,0.00021699999342672527,31
2021-02-24,0.00014899999951012433,0.0002460000105202198,0.0001449999981559813,0.00019500000053085387,101
2021-02-25,0.00014099999680183828,0.000155999994603917,0.00014099999680183828,0.00014899999951012433,60
2021-02-26,0.00013899999612476677,0.0001449999981559813,0.00013299999409355223,0.00014099999680183828,28
2021-02-27,0.00013899999612476677,0.0001449999981559813,0.00013600000238511711,0.00013899999612476677,26
2021-02-28,0.00018099999579135329,0.00018400000408291817,0.00013000000035390258,0.00013899999612476677,18
2021-03-01,0.0001990000018849969,0.0001990000018849969,0.00018000000272877514,0.00018099999579135329,55
2021-03-02,0.0001939999929163605,0.0002010000025620684,0.00014600000577047467,0.0001990000018849969,250
2021-03-03,0.00020199999562464654,0.0002099999983329326,0.00019299999985378236,0.0001939999929163605,261
2021-03-04,0.0001939999929163605,0.00020700000459328294,0.00019099999917671084,0.00020199999562464654,18
2021-03-05,0.000195999993593432,0.00019799999427050352,0.00018600000475998968,0.0001939999929163605,27
2021-03-06,0.000195999993593432,0.00019700000120792538,0.00018899999849963933,0.000195999993593432,27
2021-03-07,0.00020500000391621143,0.00020599999697878957,0.000195999993593432,0.000195999993593432,28
2021-03-08,0.00020900000527035445,0.00020900000527035445,0.00019799999427050352,0.00020500000391621143,45
2021-03-09,0.00021899999410379678,0.00021899999410379678,0.00020799999765586108,0.00020900000527035445,35
2021-03-10,0.00022400000307243317,0.00022899999748915434,0.00021300000662449747,0.00021899999410379678,35
2021-03-11,0.00023099999816622585,0.00023200000578071922,0.00021800000104121864,0.00022400000307243317,37
2021-03-12,0.00022899999748915434,0.00023200000578071922,0.00022200000239536166,0.00023099999816622585,33
2021-03-13,0.00024500000290572643,0.0003020000003743917,0.00022699999681208283,0.00022899999748915434,26
2021-03-14,0.00047500000800937414,0.0004959999932907522,0.0002390000008745119,0.00024500000290572643,118
2021-03-15,0.0005590000073425472,0.0005699999746866524,0.00044299999717622995,0.00047400000039488077,77
2021-03-16,0.0002840000088326633,0.0005629999795928597,0.00027600000612437725,0.0005590000073425472,89
2021-03-17,0.00029399999766610563,0.000295000005280599,0.0002730000123847276,0.0002840000088326633,100
2021-03-18,0.0002899999963119626,0.0003009999927598983,0.00027200000477023423,0.000295000005280599,99
2021-03-19,0.0005249999812804163,0.0005360000068321824,0.00028300000121816993,0.0002899999963119626,74
2021-03-20,0.00035099999513477087,0.0005319999763742089,0.00035099999513477087,0.0005249999812804163,49
2021-03-21,0.0006900000153109431,0.0006949999951757491,0.0002809999859891832,0.0003499999875202775,187
2021-03-22,0.0006000000284984708,0.0024049999192357063,0.00043399998685345054,0.0006900000153109431,384
2021-03-23,0.00043799998820759356,0.0014299999456852674,0.0004349999944679439,0.0006000000284984708,340
2021-03-24,0.0005840000230818987,0.0006290000164881349,0.0004309999931138009,0.00043799998820759356,15
2021-03-25,0.00113800005055964,0.0011630000080913305,0.0005629999795928597,0.0005840000230818987,36
2021-03-26,0.0007169999880716205,0.001247999956831336,0.0007089999853633344,0.00113800005055964,269
2021-03-27,0.0012880000285804272,0.0013010000111535192,0.0006580000044777989,0.0007169999880716205,452
2021-03-28,0.0012870000209659338,0.0013020000187680125,0.0012669999850913882,0.0012870000209659338,452
2021-03-29,0.001155999954789877,0.0013180000241845846,0.0006300000241026282,0.0012870000209659338,594
2021-03-30,0.0011790000135079026,0.0011859999503940344,0.000691999972332269,0.001155999954789877,840
2021-03-31,0.0008299999753944576,0.001184999942779541,0.0007510000141337514,0.0011790000135079026,414
2021-04-01,0.0011239999439567327,0.0012519999872893095,0.0008210000232793391,0.0008299999753944576,705
2021-04-02,0.001366000040434301,0.001370999962091446,0.0011190000222995877,0.0011239999439567327,703
2021-04-03,0.0008660000166855752,0.0013830000534653664,0.0008660000166855752,0.001366000040434301,621
2021-04-04,0.0010580000234767795,0.00228299992159009,0.0008590000215917826,0.0008660000166855752,706
2021-04-05,0.0010239999974146485,0.0010600000387057662,0.000965000013820827,0.0010580000234767795,0
2021-04-06,0.0011099999537691474,0.001120000029914081,0.0009820000268518925,0.0010260000126436353,0
2021-04-07,0.001462999964132905,0.001677999971434474,0.0011020000092685223,0.0011099999537691474,0
2021-04-08,0.0019829999655485153,0.0019829999655485153,0.0013020000187680125,0.0014600000577047467,0
2021-04-09,0.0021359999664127827,0.0021440000273287296,0.0019650000613182783,0.0019829999655485153,0
2021-04-10,0.002113000024110079,0.0021389999892562628,0.0015829999465495348,0.0021359999664127827,0
2021-04-11,0.00108299998100847,0.0021879998967051506,0.0008239999879151583,0.002113000024110079,0
2021-04-12,0.00133500003721565,0.0018390000332146883,0.0010740000288933516,0.00108299998100847,0
2021-04-13,0.0011370000429451466,0.001370999962091446,0.00107999995816499,0.00133500003721565,0
2021-04-14,0.0006489999941550195,0.0017099999822676182,0.0006339999963529408,0.0011360000353306532,0
2021-04-15,0.001307999948039651,0.0015350000467151403,0.0001939999929163605,0.0006489999941550195,0
2021-04-16,0.001272000023163855,0.0015219999477267265,0.0012519999872893095,0.0013089999556541443,0
2021-04-17,0.0012570000253617764,0.00165200000628829,0.0012570000253617764,0.0012700000079348683,0
2021-04-18,0.0006980000180192292,0.0012629999546334147,0.0006910000229254365,0.001256000017747283,0
2021-04-19,0.001361000002361834,0.0013830000534653664,0.0006929999799467623,0.0006980000180192292,0
2021-04-20,0.0013689999468624592,0.0013760000001639128,0.0013340000296011567,0.001361000002361834,0
2021-04-21,0.0016710000345483422,0.0016840000171214342,0.0013409999664872885,0.0013689999468624592,0
2021-04-22,0.0009030000073835254,0.0016769999638199806,0.0008970000199042261,0.0016710000345483422,0
2021-04-23,0.0005530000198632479,0.0009059999720193446,0.00036100001307204366,0.0009030000073835254,0
2021-04-24,0.0005949999904260039,0.001095999963581562,0.0005280000041238964,0.0005530000198632479,0
2021-04-25,0.000582000007852912,0.0006000000284984708,0.0005600000149570405,0.0005949999904260039,0
2021-04-26,0.0010689999908208847,0.001075000036507845,0.0005799999926239252,0.000582000007852912,0
2021-04-27,0.0011810000287368894,0.001193000003695488,0.0010420000180602074,0.0010689999908208847,0
2021-04-28,0.0011249999515712261,0.001196000026538968,0.0011099999537691474,0.0011820000363513827,0
2021-04-29,0.0008929999894462526,0.0011309999972581863,0.0008750000270083547,0.0011249999515712261,0
2021-04-30,0.0014779999619349837,0.0014809999847784638,0.0007399999885819852,0.0008929999894462526,0
2021-05-01,0.0008040000102482736,0.0014949999749660492,0.0007929999846965075,0.0014779999619349837,0
2021-05-02,0.0006130000110715628,0.000805000017862767,0.0006000000284984708,0.0008040000102482736,0
2021-05-03,0.0006200000061653554,0.0006399999838322401,0.0006130000110715628,0.0006130000110715628,0
2021-05-04,0.0005849999724887311,0.0006210000137798488,0.0005840000230818987,0.0006210000137798488,181
2021-05-05,0.001259000040590763,0.0012659999774768949,0.0005810000002384186,0.0005849999724887311,132
2021-05-06,0.0011230000527575612,0.0012610000558197498,0.001104000024497509,0.0012580000329762697,155
2021-05-07,0.000742000003810972,0.0011370000429451466,0.0007280000136233866,0.0011239999439567327,109
2021-05-08,0.0007609999738633633,0.0007699999841861427,0.000737000023946166,0.000742000003810972,111
2021-05-09,0.0007910000276751816,0.0007949999999254942,0.0007309999782592058,0.0007609999738633633,21
2021-05-10,0.0012700000079348683,0.00133500003721565,0.0007800000021234155,0.0007919999770820141,55
2021-05-11,0.000770999991800636,0.0013599999947473407,0.0007689999765716493,0.0012710000155493617,197
2021-05-12,0.0009710000013001263,0.0010989999864250422,0.0006440000142902136,0.000770999991800636,196
2021-05-13,0.0008159999852068722,0.0010029999539256096,0.00035600000410340726,0.000957000011112541,192
2021-05-14,0.0008570000063627958,0.0008670000243000686,0.000805000017862767,0.0008159999852068722,189
2021-05-15,0.0005559999844990671,0.0009009999921545386,0.0005520000122487545,0.0008570000063627958,151
2021-05-16,0.0005000000237487257,0.000830999983008951,0.0005000000237487257,0.0005559999844990671,113
2021-05-17,0.0009500000160187483,0.0009609999833628535,0.0004920000210404396,0.0005000000237487257,760
2021-05-18,0.0010590000310912728,0.00108299998100847,0.0009469999931752682,0.0009529999806545675,800
2021-05-19,0.0005939999828115106,0.0010720000136643648,0.0005779999773949385,0.001057000015862286,220
2021-05-20,0.0008500000112690032,0.0008500000112690032,0.0005830000154674053,0.0005929999751970172,95
2021-05-21,0.0012359999818727374,0.0018060000147670507,0.0008490000036545098,0.0008490000036545098,201
2021-05-22,0.0018649999983608723,0.0018649999983608723,0.0012329999590292573,0.0012359999818727374,86
2021-05-23,0.0011790000135079026,0.0019330000504851341,0.0011780000058934093,0.0018649999983608723,150
2021-05-24,0.00203399988822639,0.00203399988822639,0.0011699999449774623,0.0011790000135079026,73
2021-05-25,0.0016740000573918223,0.002041999949142337,0.0016740000573918223,0.00203399988822639,101
2021-05-26,0.0015770000172778964,0.0016830000095069408,0.0014479999663308263,0.0016740000573918223,116
2021-05-27,0.0013650000328198075,0.0015770000172778964,0.0013620000099763274,0.0015770000172778964,132
2021-05-28,0.0016469999682158232,0.001905999961309135,0.0013650000328198075,0.0013650000328198075,100
2021-05-29,0.0014830000000074506,0.0016570000443607569,0.0014100000262260437,0.0016469999682158232,116
2021-05-30,0.0014769999543204904,0.0014900000533089042,0.001474000047892332,0.0014830000000074506,117
2021-05-31,0.0014890000456944108,0.0014909999445080757,0.0014730000402778387,0.0014769999543204904,120
2021-06-01,0.0007699999841861427,0.0020520000252872705,0.0007159999804571271,0.0014890000456944108,63
2021-06-02,0.0007900000200606883,0.0008730000117793679,0.000754999986384064,0.0007699999841861427,103
2021-06-03,0.0017239999724552035,0.0017369999550282955,0.0007820000173524022,0.0007890000124461949,630
2021-06-04,0.0029529999010264874,0.0029819998890161514,0.0015719999792054296,0.001724999980069697,508
2021-06-05,0.0015640000347048044,0.003031000029295683,0.0015369999455288053,0.002951999893411994,59
2021-06-06,0.0015780000248923898,0.0016029999824240804,0.0015529999509453773,0.0015640000347048044,119
2021-06-07,0.001478999969549477,0.0016189999878406525,0.0014730000402778387,0.0015780000248923898,14
2021-06-08,0.0014730000402778387,0.001496999990195036,0.0013689999468624592,0.0014769999543204904,38
2021-06-09,0.0016410000389441848,0.00165200000628829,0.001429000054486096,0.0014730000402778387,42
2021-06-10,0.0005869999877177179,0.0030670000705868006,0.0005740000051446259,0.0016430000541731715,571
2021-06-11,0.000446999998530373,0.001117000007070601,0.00043899999582208693,0.0005869999877177179,993
2021-06-12,0.0005680000176653266,0.0005789999850094318,0.00042100000428035855,0.00044800000614486635,101
2021-06-13,0.0008210000232793391,0.0012550000101327896,0.0005600000149570405,0.00056900002527982,9
2021-06-14,0.00139999995008111,0.001639000023715198,0.0008140000281855464,0.0008210000232793391,13
2021-06-15,0.0007280000136233866,0.0014299999456852674,0.0006350000039674342,0.0014130000490695238,11
2021-06-16,0.0006130000110715628,0.0006479999865405262,0.000610999995842576,0.0006419999990612268,78
2021-06-17,0.0006089999806135893,0.0006319999811239541,0.0005990000208839774,0.0006140000186860561,22
2021-06-18,0.0005009999731555581,0.000610999995842576,0.0004959999932907522,0.0006089999806135893,13
2021-06-19,0.0004980000085197389,0.0005099999834783375,0.0004889999981969595,0.0005009999731555581,13
2021-06-20,0.0002859999949578196,0.0005029999883845448,0.00026699999580159783,0.0004990000161342323,23
2021-06-21,0.0002530000056140125,0.0002859999949578196,0.0002500000118743628,0.0002859999949578196,21
2021-06-22,0.00026000000070780516,0.00026599998818710446,0.00023099999816622585,0.0002530000056140125,21
2021-06-23,0.0002699999895412475,0.00027799999224953353,0.00025400001322850585,0.00026000000070780516,22
2021-06-24,0.0008319999906234443,0.0008449999731965363,0.0002589999930933118,0.0002690000110305846,128
2021-06-25,0.0007600000244565308,0.0008520000264979899,0.0007520000217482448,0.0008319999906234443,132
2021-06-26,0.0007699999841861427,0.0007830000249668956,0.0007239999831654131,0.0007590000168420374,30
2021-06-27,0.0008299999753944576,0.0008319999906234443,0.0007699999841861427,0.0007719999994151294,33
2021-06-28,0.0008270000107586384,0.0008449999731965363,0.0008140000281855464,0.0008319999906234443,33
2021-06-29,0.0008619999862276018,0.0008769999840296805,0.0008219999726861715,0.000826000003144145,34
2021-06-30,0.0004900000058114529,0.0008660000166855752,0.00048499999684281647,0.0008609999786131084,4
2021-07-01,0.00046999999904073775,0.0004910000134259462,0.0004600000102072954,0.0004910000134259462,39
2021-07-02,0.00047500000800937414,0.00047500000800937414,0.00045900000259280205,0.00046999999904073775,40
2021-07-03,0.00041599999531172216,0.0004870000120718032,0.00041199999395757914,0.00047500000800937414,41
2021-07-04,0.00042299999040551484,0.0004309999931138009,0.0004130000015720725,0.00041599999531172216,52
2021-07-05,0.00040600000647827983,0.00042299999040551484,0.00039900001138448715,0.00042299999040551484,50
2021-07-06,0.00041000000783242285,0.0004199999966658652,0.0004030000127386302,0.00040499999886378646,11
2021-07-07,0.00040600000647827983,0.0004199999966658652,0.00040600000647827983,0.00041099998634308577,34
2021-07-08,0.00039400000241585076,0.0004070000140927732,0.0003859999997075647,0.00040600000647827983,33
2021-07-09,0.0007789999945089221,0.0007800000021234155,0.000387999985832721,0.00039500001003034413,30
2021-07-10,0.0004360000020824373,0.000881000014487654,0.0003969999961555004,0.0007769999792799354,580
2021-07-11,0.0003769999893847853,0.00043899999582208693,0.00036800000816583633,0.0004360000020824373,435
2021-07-12,0.0003650000144261867,0.0003809999907389283,0.0003600000054575503,0.0003769999893847853,422
2021-07-13,0.0003600000054575503,0.00036700000055134296,0.0003549999964889139,0.0003650000144261867,416
2021-07-14,0.00036100001307204366,0.0003640000068116933,0.0003480000013951212,0.0003600000054575503,417
2021-07-15,0.0003490000090096146,0.0003650000144261867,0.0003429999924264848,0.00036100001307204366,403
2021-07-16,0.0003459999861661345,0.0003539999888744205,0.0003420000139158219,0.0003499999875202775,400
2021-07-17,0.0007249999907799065,0.0007660000119358301,0.0003440000000409782,0.0003459999861661345,17
2021-07-18,0.0007309999782592058,0.0007450000266544521,0.0007179999956861138,0.0007249999907799065,17
2021-07-19,0.0007089999853633344,0.0007329999934881926,0.0007029999978840351,0.0007309999782592058,16
2021-07-20,0.0006559999892488122,0.0007130000158213079,0.0006459999713115394,0.0007089999853633344,24
2021-07-21,0.00044999999227002263,0.0007210000185295939,0.0004419999895617366,0.0006559999892488122,222
2021-07-22,0.0007110000005923212,0.0007169999880716205,0.0004440000047907233,0.00044999999227002263,16
2021-07-23,0.0007379999733529985,0.0007379999733529985,0.0007050000131130219,0.0007110000005923212,17
2021-07-24,0.0007539999787695706,0.0007590000168420374,0.0007350000087171793,0.0007389999809674919,10
2021-07-25,0.0007779999868944287,0.0007779999868944287,0.0007450000266544521,0.0007539999787695706,11
2021-07-26,0.0008219999726861715,0.0008909999742172658,0.000775999971665442,0.0007779999868944287,75
2021-07-27,0.0008670000243000686,0.0008670000243000686,0.0008019999950192869,0.0008210000232793391,82
2021-07-28,0.0008800000068731606,0.0008980000275187194,0.0008549999911338091,0.0008670000243000686,4
2021-07-29,0.0004799999878741801,0.0008839999791234732,0.00047400000039488077,0.0008800000068731606,11
2021-07-30,0.000506000011228025,0.000506000011228025,0.00046099998871795833,0.0004799999878741801,12
2021-07-31,0.0005000000237487257,0.0005070000188425183,0.000493000028654933,0.0005070000188425183,12
2021-08-01,0.00048099999548867345,0.0005109999910928309,0.00047400000039488077,0.0005000000237487257,29
2021-08-02,0.00046999999904073775,0.00048499999684281647,0.00046499999007210135,0.0004799999878741801,59
2021-08-03,0.00076299998909235,0.0007719999994151294,0.00037799999699927866,0.00046999999904073775,269
2021-08-04,0.00035799999022856355,0.000770999991800636,0.0003389999910723418,0.00076299998909235,396
2021-08-05,0.00032699998700991273,0.0003589999978430569,0.0003009999927598983,0.00035799999022856355,51
2021-08-06,0.0003429999924264848,0.0003459999861661345,0.00031900001340545714,0.00032699998700991273,53
2021-08-07,8.900000102585182e-05,0.00035099999513477087,8.499999967170879e-05,0.0003429999924264848,93
2021-08-08,8.800000068731606e-05,9.100000170292333e-05,8.70000003487803e-05,8.900000102585182e-05,91
2021-08-09,9.300000237999484e-05,9.300000237999484e-05,8.600000001024455e-05,8.800000068731606e-05,97
2021-08-10,0.0005920000257901847,0.0005959999980404973,9.300000237999484e-05,9.300000237999484e-05,47
2021-08-11,0.0003650000144261867,0.0006050000083632767,0.0003650000144261867,0.0005929999751970172,91
2021-08-12,0.0003549999964889139,0.0003699999942909926,0.00035099999513477087,0.0003650000144261867,88
2021-08-13,0.00038300000596791506,0.00038300000596791506,0.0003539999888744205,0.0003549999964889139,95
2021-08-14,0.0006120000034570694,0.0006150000263005495,0.00036899998667649925,0.0003819999983534217,28
2021-08-15,0.0006120000034570694,0.000615999975707382,0.0005929999751970172,0.0006120000034570694,28
2021-08-16,0.0005990000208839774,0.000623999978415668,0.0005939999828115106,0.0006120000034570694,5
2021-08-17,0.0005810000002384186,0.0006130000110715628,0.0005789999850094318,0.000598000013269484,5
2021-08-18,0.0008069999748840928,0.0008140000281855464,0.00017800000205170363,0.0005810000002384186,1440
2021-08-19,0.00018699999782256782,0.0008140000281855464,0.00017699999443721026,0.0008060000254772604,1617
2021-08-20,0.00019700000120792538,0.00019700000120792538,0.00018699999782256782,0.00018699999782256782,1709
2021-08-21,0.0004400000034365803,0.0005469999741762877,0.00019299999985378236,0.00019700000120792538,9
2021-08-22,0.000493000028654933,0.0004949999856762588,0.00043799998820759356,0.0004400000034365803,38
2021-08-23,0.0004949999856762588,0.0005050000036135316,0.0004910000134259462,0.000493000028654933,39
2021-08-24,0.0004780000017490238,0.0004990000161342323,0.0004769999941345304,0.0004949999856762588,37
2021-08-25,0.0004900000058114529,0.0004920000210404396,0.0004720000142697245,0.0004769999941345304,10
2021-08-26,0.0004689999914262444,0.000493000028654933,0.00046400001156143844,0.0004900000058114529,9
2021-08-27,0.00044100001105107367,0.00048499999684281647,0.0004349999944679439,0.0004689999914262444,15
2021-08-28,0.0003420000139158219,0.0004440000047907233,0.00033999999868683517,0.0004419999895617366,28
2021-08-29,0.00043899999582208693,0.0004450000124052167,0.0003420000139158219,0.0003420000139158219,13
2021-08-30,0.00042299999040551484,0.0004400000034365803,0.00042299999040551484,0.00043899999582208693,12
2021-08-31,0.0004250000056345016,0.00043399998685345054,0.00042100000428035855,0.00042299999040551484,12
2021-09-01,0.0004400000034365803,0.0004419999895617366,0.0004189999890513718,0.0004239999980200082,13
2021-09-02,0.0004440000047907233,0.0004529999860096723,0.00043799998820759356,0.0004400000034365803,22
2021-09-03,0.00044999999227002263,0.00045900000259280205,0.0004349999944679439,0.0004440000047907233,23
2021-09-04,0.00044999999227002263,0.000455000001238659,0.0004459999909158796,0.00044999999227002263,5
2021-09-05,0.0004659999976865947,0.0004670000053010881,0.0004459999909158796,0.00044999999227002263,5
2021-09-06,0.00047400000039488077,0.00047400000039488077,0.00045900000259280205,0.0004659999976865947,5
2021-09-07,0.0002809999859891832,0.00047599998652003706,0.00026000000070780516,0.00047400000039488077,14
2021-09-08,0.00018400000408291817,0.0002840000088326633,0.00017800000205170363,0.0002809999859891832,23
2021-09-09,0.00018600000475998968,0.00018899999849963933,0.0001829999964684248,0.0001829999964684248,23
2021-09-10,0.00018000000272877514,0.0001880000054370612,0.00017800000205170363,0.00018600000475998968,22
2021-09-11,0.00018099999579135329,0.00018400000408291817,0.00017899999511428177,0.00018000000272877514,23
2021-09-12,0.00018400000408291817,0.0001849999971454963,0.00017899999511428177,0.00018099999579135329,23
2021-09-13,0.00018000000272877514,0.00018600000475998968,0.0001740000006975606,0.00018400000408291817,22
2021-09-14,0.0001880000054370612,0.00018899999849963933,0.00017899999511428177,0.00018000000272877514,23
2021-09-15,0.00038499999209307134,0.000387999985832721,0.00018699999782256782,0.0001880000054370612,55
2021-09-16,0.0003819999983534217,0.000387999985832721,0.0003769999893847853,0.00038499999209307134,9
2021-09-17,0.00037799999699927866,0.00038499999209307134,0.000375000003259629,0.0003819999983534217,26
2021-09-18,0.0003859999997075647,0.00039000000106170774,0.0003769999893847853,0.00037799999699927866,27
2021-09-19,0.00037799999699927866,0.0003870000073220581,0.000375000003259629,0.0003859999997075647,26
2021-09-20,0.0003429999924264848,0.00037900000461377203,0.00034100000630132854,0.00037799999699927866,24
2021-09-21,0.0003239999932702631,0.0003490000090096146,0.00031800000579096377,0.0003429999924264848,23
2021-09-22,0.0003490000090096146,0.00035200000274926424,0.00032500000088475645,0.0003260000084992498,24
2021-09-23,0.0003589999978430569,0.0003600000054575503,0.00034500000765547156,0.0003490000090096146,6
2021-09-24,0.0003429999924264848,0.00036100001307204366,0.00032699998700991273,0.0003589999978430569,6
2021-09-25,0.0003420000139158219,0.0003440000000409782,0.00033400001120753586,0.0003429999924264848,6
2021-09-26,0.0003459999861661345,0.00035099999513477087,0.00032699998700991273,0.0003420000139158219,0
2021-09-27,0.00021100000594742596,0.0003549999964889139,0.00021100000594742596,0.0003459999861661345,7
2021-09-28,0.00020500000391621143,0.00021399999968707561,0.00020500000391621143,0.00021100000594742596,6
2021-09-29,0.00020799999765586108,0.00021300000662449747,0.00020399999630171806,0.00020500000391621143,7
2021-09-30,0.00021899999410379678,0.00022000000171829015,0.00020700000459328294,0.00020799999765586108,7
2021-10-01,0.0002410000015515834,0.00024199999461416155,0.00021699999342672527,0.00021899999410379678,8
2021-10-02,0.0002390000008745119,0.0002410000015515834,0.00023700000019744039,0.0002410000015515834,8
2021-10-03,0.0002410000015515834,0.0002460000105202198,0.00023600000713486224,0.0002390000008745119,8
2021-10-04,0.0002460000105202198,0.0002469999890308827,0.00023499999952036887,0.0002410000015515834,8
2021-10-05,0.0002570000069681555,0.0002589999930933118,0.00024500000290572643,0.0002460000105202198,8
2021-10-06,0.0002770000137388706,0.00027799999224953353,0.0002519999979995191,0.0002579999854788184,9
2021-10-07,0.0002690000110305846,0.0002770000137388706,0.0002680000034160912,0.0002770000137388706,9
2021-10-08,0.0002699999895412475,0.0002800000074785203,0.0002680000034160912,0.0002690000110305846,9
2021-10-09,0.0004949999856762588,0.0004990000161342323,0.0002690000110305846,0.0002699999895412475,204
2021-10-10,0.00032900000223889947,0.0004959999932907522,0.0003260000084992498,0.0004949999856762588,307
2021-10-11,0.00034500000765547156,0.00034699999378062785,0.00032699998700991273,0.00032900000223889947,23
2021-10-12,0.00033599999733269215,0.0003459999861661345,0.00032699998700991273,0.00034500000765547156,23
2021-10-13,0.0003440000000409782,0.0003459999861661345,0.0003260000084992498,0.00033599999733269215,23
2021-10-14,0.00028700000257231295,0.00035099999513477087,0.0002859999949578196,0.0003440000000409782,55
2021-10-15,0.000307999987853691,0.00031400000443682075,0.0002840000088326633,0.00028700000257231295,59
2021-10-16,0.00030399998649954796,0.0003110000106971711,0.0003009999927598983,0.000307999987853691,59
2021-10-17,0.000307999987853691,0.000307999987853691,0.00029600001289509237,0.00030399998649954796,59
2021-10-18,0.0003100000030826777,0.0003129999968223274,0.0003000000142492354,0.000307999987853691,60
2021-10-19,0.0003209999995306134,0.0003220000071451068,0.000307999987853691,0.0003100000030826777,62
2021-10-20,0.00033000000985339284,0.00039999998989515007,0.00031800000579096377,0.0003209999995306134,32
2021-10-21,0.0003110000106971711,0.0003330000035930425,0.0003110000106971711,0.00033000000985339284,36
2021-10-22,0.00030300000798888505,0.00031900001340545714,0.0003009999927598983,0.0003110000106971711,11
2021-10-23,0.00030700000934302807,0.00030899999546818435,0.000299000006634742,0.00030300000798888505,11
2021-10-24,0.00030499999411404133,0.000307999987853691,0.00029799999902024865,0.00030700000934302807,9
2021-10-25,0.0003150000120513141,0.00031900001340545714,0.00030300000798888505,0.00030499999411404133,9
2021-10-26,0.0003020000003743917,0.00031599999056197703,0.0003000000142492354,0.0003150000120513141,9
2021-10-27,0.00029299999005161226,0.00030700000934302807,0.000291000003926456,0.0003020000003743917,8
2021-10-28,0.00030300000798888505,0.0003110000106971711,0.000291000003926456,0.00029200001154094934,11
2021-10-29,0.00024900000425986946,0.0003100000030826777,0.00024300000222865492,0.00030300000798888505,73
2021-10-30,0.00012399999832268804,0.00024900000425986946,0.00012199999764561653,0.00024900000425986946,128
2021-10-31,0.00036800000816583633,0.0003699999942909926,0.00012199999764561653,0.00012399999832268804,20
2021-11-01,0.0001829999964684248,0.0003699999942909926,0.00018099999579135329,0.00036800000816583633,26
2021-11-02,0.0001900000061141327,0.00019299999985378236,0.00018200000340584666,0.0001829999964684248,6
2021-11-03,0.00012599999899975955,0.00019099999917671084,0.00012199999764561653,0.0001900000061141327,77
2021-11-04,0.0001230000052601099,0.00012599999899975955,0.00012199999764561653,0.00012599999899975955,76
2021-11-05,0.00012199999764561653,0.0001250000059371814,0.00012199999764561653,0.0001230000052601099,10
2021-11-06,0.0001230000052601099,0.0001230000052601099,0.00011999999696854502,0.00012199999764561653,10
2021-11-07,0.00012700000661425292,0.00012700000661425292,0.0001230000052601099,0.0001230000052601099,10
2021-11-08,0.00013499999477062374,0.00013499999477062374,0.00012700000661425292,0.00012700000661425292,11
2021-11-09,0.0001340000017080456,0.00013699999544769526,0.00013299999409355223,0.00013499999477062374,11
2021-11-10,0.00013000000035390258,0.00013800000306218863,0.00012599999899975955,0.0001340000017080456,0
2021-11-11,0.00013000000035390258,0.00013099999341648072,0.00012799999967683107,0.00013000000035390258,10
2021-11-12,0.0001289999927394092,0.00013099999341648072,0.0001250000059371814,0.00013000000035390258,10
2021-11-13,0.0001289999927394092,0.00013000000035390258,0.00012700000661425292,0.00012799999967683107,10
2021-11-14,0.00013099999341648072,0.00013099999341648072,0.00012700000661425292,0.0001289999927394092,10
2021-11-15,0.00012700000661425292,0.00013299999409355223,0.00012700000661425292,0.00013099999341648072,10
2021-11-16,0.00011999999696854502,0.00012700000661425292,0.00011800000356743112,0.00012700000661425292,9
2021-11-17,0.00012099999730708078,0.00012199999764561653,0.00011700000322889537,0.00011999999696854502,9
2021-11-18,0.0001140000022132881,0.00012199999764561653,0.00011300000187475234,0.00012099999730708078,9
2021-11-19,0.00011600000289035961,0.00011700000322889537,0.00011100000119768083,0.0001140000022132881,9
2021-11-20,0.00011899999663000926,0.00011999999696854502,0.00011500000255182385,0.00011600000289035961,9
2021-11-21,0.00011700000322889537,0.00011999999696854502,0.00011700000322889537,0.00011899999663000926,9
2021-11-22,0.00011300000187475234,0.00011899999663000926,0.00011100000119768083,0.00011700000322889537,9
2021-11-23,0.00011500000255182385,0.00011600000289035961,0.00011100000119768083,0.00011300000187475234,9
2021-11-24,0.00011300000187475234,0.00011600000289035961,0.00011200000153621659,0.00011500000255182385,7
2021-11-25,0.00011500000255182385,0.00011899999663000926,0.0001140000022132881,0.0001140000022132881,47
2021-11-26,0.00010699999984353781,0.00011800000356743112,0.00010699999984353781,0.00011800000356743112,111
2021-11-27,0.00010900000052060932,0.00011100000119768083,0.00010699999984353781,0.00010699999984353781,113
2021-11-28,0.0002859999949578196,0.00028700000257231295,0.00010800000018207356,0.00011000000085914508,49
2021-11-29,0.00028899998869746923,0.00029399999766610563,0.0002840000088326633,0.0002859999949578196,58
2021-11-30,0.0002849999873433262,0.00029600001289509237,0.0002800000074785203,0.00028899998869746923,57
2021-12-01,0.0002859999949578196,0.000295000005280599,0.00028300000121816993,0.0002849999873433262,57
2021-12-02,0.00016999999934341758,0.00028700000257231295,0.00016799999866634607,0.0002859999949578196,93
2021-12-03,0.0001610000035725534,0.0001720000000204891,0.00015700000221841037,0.00016900000628083944,88
2021-12-04,0.00019700000120792538,0.00021100000594742596,0.00015700000221841037,0.0001610000035725534,8
2021-12-05,0.00019700000120792538,0.0001990000018849969,0.00019099999917671084,0.00019700000120792538,8
2021-12-06,0.00020199999562464654,0.00020399999630171806,0.00018899999849963933,0.00019700000120792538,8
2021-12-07,0.00020300000323913991,0.00020799999765586108,0.0002010000025620684,0.00020199999562464654,8
2021-12-08,0.00020199999562464654,0.00020500000391621143,0.00019500000053085387,0.00020300000323913991,8
2021-12-09,0.00019099999917671084,0.00020300000323913991,0.00018899999849963933,0.00020199999562464654,8
2021-12-10,0.00018899999849963933,0.00019999999494757503,0.0001880000054370612,0.00019099999917671084,8
2021-12-11,0.00019799999427050352,0.00019799999427050352,0.0001880000054370612,0.00018899999849963933,8
2021-12-12,0.00019999999494757503,0.00020300000323913991,0.00019500000053085387,0.00019700000120792538,8
2021-12-13,0.00018699999782256782,0.0002010000025620684,0.00018400000408291817,0.00019999999494757503,8
2021-12-14,0.00018600000475998968,0.0001939999929163605,0.00018600000475998968,0.00018699999782256782,8
2021-12-15,0.000195999993593432,0.00019799999427050352,0.00018699999782256782,0.0001939999929163605,8
2021-12-16,0.0001900000061141327,0.00019799999427050352,0.0001900000061141327,0.000195999993593432,8
2021-12-17,0.0001849999971454963,0.00019200000679120421,0.00018200000340584666,0.00019099999917671084,8
2021-12-18,0.00018699999782256782,0.00018899999849963933,0.00018200000340584666,0.0001849999971454963,8
2021-12-19,0.00018699999782256782,0.00019200000679120421,0.00018600000475998968,0.00018699999782256782,8
2021-12-20,0.0001880000054370612,0.0001900000061141327,0.00018200000340584666,0.00018699999782256782,8
2021-12-21,0.000195999993593432,0.00019700000120792538,0.00018699999782256782,0.0001880000054370612,8
2021-12-22,0.0001939999929163605,0.00019799999427050352,0.0001939999929163605,0.000195999993593432,9
2021-12-23,0.00015199999324977398,0.0001990000018849969,0.00014899999951012433,0.00019500000053085387,33
2021-12-24,0.00015300000086426735,0.00015500000154133886,0.00015199999324977398,0.00015199999324977398,33
2021-12-25,0.00015100000018719584,0.0001539999939268455,0.00015100000018719584,0.00015199999324977398,33
2021-12-26,0.00015199999324977398,0.0001539999939268455,0.00014899999951012433,0.00015100000018719584,33
2021-12-27,0.00015199999324977398,0.000155999994603917,0.00015100000018719584,0.00015199999324977398,33
2021-12-28,0.0001429999974789098,0.00015199999324977398,0.00014200000441633165,0.00015199999324977398,31
2021-12-29,0.00013899999612476677,0.00014400000509340316,0.00013899999612476677,0.0001429999974789098,31
2021-12-30,0.00014200000441633165,0.00014400000509340316,0.00013800000306218863,0.00013899999612476677,31
2021-12-31,0.00013899999612476677,0.0001449999981559813,0.00013699999544769526,0.00014200000441633165,30
2022-01-01,0.0001429999974789098,0.0001429999974789098,0.00013899999612476677,0.00013899999612476677,31
2022-01-02,0.00014200000441633165,0.00014400000509340316,0.00014099999680183828,0.0001429999974789098,31
2022-01-03,0.00013899999612476677,0.0001429999974789098,0.00013800000306218863,0.00014200000441633165,31
2022-01-04,0.00013800000306218863,0.00014200000441633165,0.00013699999544769526,0.00013899999612476677,30
2022-01-05,0.0002610000083222985,0.0002800000074785203,0.00013699999544769526,0.00013800000306218863,889
2022-01-06,0.0002589999930933118,0.00026199998683296144,0.00025599999935366213,0.0002610000083222985,880
2022-01-07,0.00024900000425986946,0.0002589999930933118,0.0002460000105202198,0.0002589999930933118,848
2022-01-08,0.0002500000118743628,0.0002530000056140125,0.00024399999529123306,0.00024900000425986946,851
2022-01-09,0.00025099999038502574,0.00025599999935366213,0.0002479999966453761,0.0002500000118743628,855
2022-01-10,0.00025099999038502574,0.0002530000056140125,0.0002390000008745119,0.00025099999038502574,851
2022-01-11,0.00025599999935366213,0.0002579999854788184,0.0002479999966453761,0.00025099999038502574,872
2022-01-12,0.0002640000020619482,0.00026500000967644155,0.00025499999173916876,0.00025599999935366213,50
2022-01-13,0.00025599999935366213,0.00026599998818710446,0.00025499999173916876,0.0002640000020619482,102
2022-01-14,0.0002589999930933118,0.00026000000070780516,0.0002519999979995191,0.00025599999935366213,104
2022-01-15,0.0002589999930933118,0.00026199998683296144,0.00025599999935366213,0.0002589999930933118,104
2022-01-16,0.0002589999930933118,0.0002610000083222985,0.00025599999935366213,0.0002589999930933118,104
2022-01-17,0.00012700000661425292,0.0002589999930933118,0.0001250000059371814,0.0002589999930933118,12
2022-01-18,0.00012700000661425292,0.00012799999967683107,0.00012399999832268804,0.00012700000661425292,12
2022-01-19,0.0001250000059371814,0.00012700000661425292,0.00012399999832268804,0.00012700000661425292,11
2022-01-20,0.00024399999529123306,0.00026000000070780516,0.0001250000059371814,0.0001250000059371814,17
2022-01-21,0.00021899999410379678,0.0002460000105202198,0.00021499999274965376,0.00024399999529123306,15
2022-01-22,0.0001049999991664663,0.00022000000171829015,0.00010299999848939478,0.00021899999410379678,391
2022-01-23,0.00010900000052060932,0.00010900000052060932,0.00010399999882793054,0.0001049999991664663,405
2022-01-24,0.00011000000085914508,0.00011200000153621659,9.999999747378752e-05,0.00010900000052060932,410
2022-01-25,0.00011100000119768083,0.00011200000153621659,0.00010699999984353781,0.00011000000085914508,413
2022-01-26,0.00011100000119768083,0.00011600000289035961,0.00010900000052060932,0.00011100000119768083,411
2022-01-27,0.00011100000119768083,0.00011100000119768083,0.00010699999984353781,0.00011100000119768083,415
2022-01-28,0.00011300000187475234,0.0001140000022132881,0.00010900000052060932,0.00011100000119768083,422
2022-01-29,0.0001140000022132881,0.00011600000289035961,0.00011200000153621659,0.00011300000187475234,426
2022-01-30,0.0001140000022132881,0.00011500000255182385,0.00011200000153621659,0.0001140000022132881,424
2022-01-31,0.00011500000255182385,0.00011600000289035961,0.00011000000085914508,0.0001140000022132881,430
2022-02-01,0.00011600000289035961,0.00011700000322889537,0.0001140000022132881,0.00011500000255182385,433
2022-02-02,0.00011100000119768083,0.00011700000322889537,0.00011000000085914508,0.00011600000289035961,412
2022-02-03,7.400000322377309e-05,0.00011100000119768083,7.300000288523734e-05,0.00011100000119768083,4
2022-02-04,8.299999899463728e-05,8.299999899463728e-05,7.400000322377309e-05,7.400000322377309e-05,5
2022-02-05,8.299999899463728e-05,8.399999933317304e-05,8.199999865610152e-05,8.299999899463728e-05,5
2022-02-06,8.499999967170879e-05,8.499999967170879e-05,8.199999865610152e-05,8.299999899463728e-05,5
2022-02-07,8.800000068731606e-05,8.900000102585182e-05,8.299999899463728e-05,8.499999967170879e-05,5
2022-02-08,8.800000068731606e-05,9.100000170292333e-05,8.600000001024455e-05,8.800000068731606e-05,5
2022-02-09,8.900000102585182e-05,8.900000102585182e-05,8.600000001024455e-05,8.800000068731606e-05,5
2022-02-10,8.70000003487803e-05,9.100000170292333e-05,8.70000003487803e-05,8.900000102585182e-05,5
2022-02-11,8.499999967170879e-05,8.800000068731606e-05,8.399999933317304e-05,8.70000003487803e-05,5
2022-02-12,8.399999933317304e-05,8.600000001024455e-05,8.399999933317304e-05,8.499999967170879e-05,5
2022-02-13,8.399999933317304e-05,8.499999967170879e-05,8.399999933317304e-05,8.399999933317304e-05,5
2022-02-14,8.499999967170879e-05,8.600000001024455e-05,8.299999899463728e-05,8.399999933317304e-05,5
2022-02-15,8.900000102585182e-05,8.900000102585182e-05,8.499999967170879e-05,8.499999967170879e-05,5
2022-02-16,8.800000068731606e-05,8.900000102585182e-05,8.70000003487803e-05,8.900000102585182e-05,5
2022-02-17,8.099999831756577e-05,8.800000068731606e-05,7.999999797903001e-05,8.800000068731606e-05,4
2022-02-18,7.999999797903001e-05,8.199999865610152e-05,7.899999764049426e-05,8.099999831756577e-05,4
2022-02-19,7.999999797903001e-05,8.099999831756577e-05,7.899999764049426e-05,7.999999797903001e-05,4
2022-02-20,7.699999696342275e-05,7.999999797903001e-05,7.599999662488699e-05,7.999999797903001e-05,4
2022-02-21,7.400000322377309e-05,7.899999764049426e-05,7.400000322377309e-05,7.699999696342275e-05,4
2022-02-22,7.699999696342275e-05,7.699999696342275e-05,7.300000288523734e-05,7.400000322377309e-05,4
2022-02-23,7.500000356230885e-05,7.79999973019585e-05,7.400000322377309e-05,7.699999696342275e-05,4
2022-02-24,7.699999696342275e-05,7.79999973019585e-05,6.900000153109431e-05,7.500000356230885e-05,4
2022-02-25,7.79999973019585e-05,7.899999764049426e-05,7.599999662488699e-05,7.699999696342275e-05,4
2022-02-26,7.79999973019585e-05,7.999999797903001e-05,7.699999696342275e-05,7.79999973019585e-05,4
2022-02-27,7.500000356230885e-05,7.999999797903001e-05,7.500000356230885e-05,7.79999973019585e-05,4
2022-02-28,8.600000001024455e-05,8.800000068731606e-05,7.500000356230885e-05,7.500000356230885e-05,5
2022-03-01,8.900000102585182e-05,9.000000136438757e-05,8.600000001024455e-05,8.600000001024455e-05,5
2022-03-02,8.800000068731606e-05,9.000000136438757e-05,8.70000003487803e-05,8.900000102585182e-05,5
2022-03-03,8.499999967170879e-05,8.800000068731606e-05,8.399999933317304e-05,8.800000068731606e-05,5
2022-03-04,7.79999973019585e-05,8.499999967170879e-05,7.79999973019585e-05,8.499999967170879e-05,4
2022-03-05,7.899999764049426e-05,7.899999764049426e-05,7.79999973019585e-05,7.79999973019585e-05,4
2022-03-06,7.699999696342275e-05,7.899999764049426e-05,7.599999662488699e-05,7.899999764049426e-05,4
2022-03-07,7.599999662488699e-05,7.899999764049426e-05,7.500000356230885e-05,7.699999696342275e-05,4
2022-03-08,7.699999696342275e-05,7.899999764049426e-05,7.599999662488699e-05,7.599999662488699e-05,4
2022-03-09,8.399999933317304e-05,8.499999967170879e-05,7.699999696342275e-05,7.699999696342275e-05,5
2022-03-10,7.899999764049426e-05,8.399999933317304e-05,7.79999973019585e-05,8.399999933317304e-05,4
2022-03-11,7.79999973019585e-05,7.999999797903001e-05,7.699999696342275e-05,7.899999764049426e-05,4
2022-03-12,7.79999973019585e-05,7.899999764049426e-05,7.79999973019585e-05,7.79999973019585e-05,4
2022-03-13,7.599999662488699e-05,7.79999973019585e-05,7.500000356230885e-05,7.79999973019585e-05,4
2022-03-14,7.899999764049426e-05,7.899999764049426e-05,7.500000356230885e-05,7.599999662488699e-05,4
2022-03-15,7.899999764049426e-05,7.999999797903001e-05,7.699999696342275e-05,7.899999764049426e-05,4
2022-03-16,8.199999865610152e-05,8.299999899463728e-05,7.79999973019585e-05,7.899999764049426e-05,5
2022-03-17,8.199999865610152e-05,8.299999899463728e-05,8.099999831756577e-05,8.199999865610152e-05,5
2022-03-18,8.399999933317304e-05,8.399999933317304e-05,8.099999831756577e-05,8.199999865610152e-05,5
2022-03-19,8.399999933317304e-05,8.499999967170879e-05,8.299999899463728e-05,8.399999933317304e-05,5
2022-03-20,8.199999865610152e-05,8.399999933317304e-05,8.199999865610152e-05,8.399999933317304e-05,5
2022-03-21,8.199999865610152e-05,8.299999899463728e-05,8.099999831756577e-05,8.199999865610152e-05,5
2022-03-22,8.499999967170879e-05,8.600000001024455e-05,8.199999865610152e-05,8.199999865610152e-05,5
2022-03-23,8.600000001024455e-05,8.600000001024455e-05,8.399999933317304e-05,8.499999967170879e-05,5
2022-03-24,8.800000068731606e-05,8.800000068731606e-05,8.499999967170879e-05,8.600000001024455e-05,5
2022-03-25,8.900000102585182e-05,9.000000136438757e-05,8.70000003487803e-05,8.800000068731606e-05,5
2022-03-26,8.900000102585182e-05,8.900000102585182e-05,8.800000068731606e-05,8.900000102585182e-05,5
2022-03-27,9.40000027185306e-05,9.40000027185306e-05,8.900000102585182e-05,8.900000102585182e-05,5
2022-03-28,9.40000027185306e-05,9.600000339560211e-05,9.300000237999484e-05,9.40000027185306e-05,5
2022-03-29,9.500000305706635e-05,9.600000339560211e-05,9.40000027185306e-05,9.40000027185306e-05,5
2022-03-30,9.40000027185306e-05,9.500000305706635e-05,9.300000237999484e-05,9.500000305706635e-05,5
2022-03-31,9.100000170292333e-05,9.500000305706635e-05,9.100000170292333e-05,9.40000027185306e-05,5
2022-04-01,9.300000237999484e-05,9.300000237999484e-05,8.900000102585182e-05,9.100000170292333e-05,5
2022-04-02,9.200000204145908e-05,9.40000027185306e-05,9.200000204145908e-05,9.300000237999484e-05,5
2022-04-03,9.300000237999484e-05,9.500000305706635e-05,9.100000170292333e-05,9.200000204145908e-05,5
2022-04-04,9.300000237999484e-05,9.40000027185306e-05,9.000000136438757e-05,9.300000237999484e-05,5
2022-04-05,9.100000170292333e-05,9.40000027185306e-05,9.100000170292333e-05,9.300000237999484e-05,5
2022-04-06,8.600000001024455e-05,9.100000170292333e-05,8.600000001024455e-05,9.100000170292333e-05,5
2022-04-07,8.70000003487803e-05,8.800000068731606e-05,8.600000001024455e-05,8.600000001024455e-05,5
2022-04-08,0.00016900000628083944,0.00021600000036414713,8.600000001024455e-05,8.70000003487803e-05,97
2022-04-09,0.00017100000695791095,0.00017100000695791095,0.00016900000628083944,0.00016900000628083944,98
2022-04-10,0.00016900000628083944,0.0001740000006975606,0.00016799999866634607,0.00017100000695791095,97
2022-04-11,0.00015799999528098851,0.00016999999934341758,0.00015700000221841037,0.00016900000628083944,91
2022-04-12,0.0001610000035725534,0.00016199999663513154,0.00015799999528098851,0.00015799999528098851,92
2022-04-13,0.00016500000492669642,0.00016599999798927456,0.00015900000289548188,0.00015999999595806003,95
2022-04-14,0.00015999999595806003,0.00016599999798927456,0.00015900000289548188,0.00016500000492669642,92
2022-04-15,0.00016199999663513154,0.00016199999663513154,0.00015900000289548188,0.00015999999595806003,93
2022-04-16,0.00016199999663513154,0.0001630000042496249,0.00015999999595806003,0.00016199999663513154,93
2022-04-17,0.00015900000289548188,0.00016199999663513154,0.00015799999528098851,0.00016199999663513154,19
2022-04-18,0.0001630000042496249,0.00016399999731220305,0.00015500000154133886,0.00015900000289548188,20
2022-04-19,0.00016599999798927456,0.00016700000560376793,0.00016199999663513154,0.0001630000042496249,6
2022-04-20,0.00016500000492669642,0.00016900000628083944,0.00016399999731220305,0.00016599999798927456,6
2022-04-21,0.00012199999764561653,0.0001720000000204891,0.00011999999696854502,0.00016500000492669642,4
2022-04-22,0.00011899999663000926,0.00012199999764561653,0.00011800000356743112,0.00012199999764561653,4
2022-04-23,0.00011800000356743112,0.00011999999696854502,0.00011800000356743112,0.00011899999663000926,4
2022-04-24,0.00011800000356743112,0.00011999999696854502,0.00011800000356743112,0.00011800000356743112,4
2022-04-25,0.00012099999730708078,0.00012099999730708078,0.00011500000255182385,0.00011800000356743112,4
2022-04-26,0.0001140000022132881,0.00012199999764561653,0.0001140000022132881,0.00012099999730708078,4
2022-04-27,0.00011800000356743112,0.00011800000356743112,0.0001140000022132881,0.0001140000022132881,4
2022-04-28,0.00011899999663000926,0.00012099999730708078,0.00011700000322889537,0.00011800000356743112,10
2022-04-29,0.00011600000289035961,0.00011999999696854502,0.00011500000255182385,0.00011899999663000926,5
2022-04-30,0.00011300000187475234,0.00011600000289035961,0.00011300000187475234,0.00011600000289035961,5
2022-05-01,0.00011500000255182385,0.00011600000289035961,0.00011300000187475234,0.00011300000187475234,5
2022-05-02,0.00011600000289035961,0.00011700000322889537,0.0001140000022132881,0.00011500000255182385,5
2022-05-03,0.00011300000187475234,0.00011600000289035961,0.00011300000187475234,0.00011600000289035961,5
2022-05-04,0.00011899999663000926,0.00011999999696854502,0.00011300000187475234,0.00011300000187475234,5
2022-05-05,0.00011000000085914508,0.00011899999663000926,0.00010800000018207356,0.00011899999663000926,5
2022-05-06,0.00010800000018207356,0.00011000000085914508,0.00010599999950500205,0.00011000000085914508,5
2022-05-07,0.00010699999984353781,0.00010800000018207356,0.0001049999991664663,0.00010800000018207356,5
2022-05-08,0.00010199999815085903,0.00010699999984353781,0.00010199999815085903,0.00010699999984353781,4
2022-05-09,9.100000170292333e-05,0.00010299999848939478,9.100000170292333e-05,0.00010199999815085903,4
2022-05-10,9.300000237999484e-05,9.7999996796716e-05,9.000000136438757e-05,9.100000170292333e-05,4
2022-05-11,8.70000003487803e-05,9.600000339560211e-05,8.499999967170879e-05,9.300000237999484e-05,4
2022-05-12,8.70000003487803e-05,9.000000136438757e-05,7.899999764049426e-05,8.70000003487803e-05,4
2022-05-13,8.800000068731606e-05,9.300000237999484e-05,8.600000001024455e-05,8.70000003487803e-05,4
2022-05-14,9.000000136438757e-05,9.100000170292333e-05,8.600000001024455e-05,8.800000068731606e-05,4
2022-05-15,9.40000027185306e-05,9.40000027185306e-05,8.900000102585182e-05,9.000000136438757e-05,4
2022-05-16,9.000000136438757e-05,9.40000027185306e-05,8.800000068731606e-05,9.40000027185306e-05,4
2022-05-17,9.100000170292333e-05,9.200000204145908e-05,8.900000102585182e-05,9.000000136438757e-05,4
2022-05-18,8.600000001024455e-05,0.00014899999951012433,8.600000001024455e-05,9.100000170292333e-05,46
2022-05-19,9.100000170292333e-05,9.100000170292333e-05,8.600000001024455e-05,8.600000001024455e-05,49
2022-05-20,8.800000068731606e-05,9.200000204145908e-05,8.600000001024455e-05,9.100000170292333e-05,47
2022-05-21,8.800000068731606e-05,8.900000102585182e-05,8.70000003487803e-05,8.800000068731606e-05,47
2022-05-22,9.100000170292333e-05,9.100000170292333e-05,8.800000068731606e-05,8.800000068731606e-05,49
2022-05-23,8.70000003487803e-05,9.200000204145908e-05,8.70000003487803e-05,9.100000170292333e-05,47
2022-05-24,8.900000102585182e-05,8.900000102585182e-05,8.600000001024455e-05,8.70000003487803e-05,48
2022-05-25,8.900000102585182e-05,9.000000136438757e-05,8.800000068731606e-05,8.900000102585182e-05,47
2022-05-26,8.800000068731606e-05,9.000000136438757e-05,8.499999967170879e-05,8.900000102585182e-05,47
2022-05-27,0.0001429999974789098,0.00014699999883305281,8.600000001024455e-05,8.800000068731606e-05,62
2022-05-28,0.0001449999981559813,0.00014600000577047467,0.0001429999974789098,0.00014400000509340316,63
2022-05-29,0.00014699999883305281,0.00014699999883305281,0.00014400000509340316,0.0001449999981559813,64
2022-05-30,0.00015900000289548188,0.00015999999595806003,0.00014699999883305281,0.00014699999883305281,69
2022-05-31,0.00015900000289548188,0.0001610000035725534,0.000155999994603917,0.00015900000289548188,69
2022-06-01,0.00014899999951012433,0.00015999999595806003,0.00014800000644754618,0.00015900000289548188,65
2022-06-02,0.00015199999324977398,0.00015300000086426735,0.00014800000644754618,0.00014899999951012433,66
2022-06-03,0.00014899999951012433,0.00015300000086426735,0.00014699999883305281,0.00015199999324977398,65
2022-06-04,0.00014899999951012433,0.0001500000071246177,0.00014800000644754618,0.00014899999951012433,65
2022-06-05,0.0001500000071246177,0.00015100000018719584,0.00014800000644754618,0.00014899999951012433,65
2022-06-06,0.00015700000221841037,0.00015799999528098851,0.00014899999951012433,0.0001500000071246177,68
2022-06-07,0.000155999994603917,0.00015700000221841037,0.00014699999883305281,0.00015700000221841037,68
2022-06-08,0.00015100000018719584,0.000155999994603917,0.0001500000071246177,0.000155999994603917,66
2022-06-09,0.00015100000018719584,0.00015300000086426735,0.0001500000071246177,0.00015100000018719584,65
2022-06-10,0.0001449999981559813,0.00015100000018719584,0.0001449999981559813,0.00015100000018719584,63
2022-06-11,0.00014200000441633165,0.00014699999883305281,0.00014099999680183828,0.0001449999981559813,62
2022-06-12,0.0001340000017080456,0.0001429999974789098,0.0001340000017080456,0.00014200000441633165,58
2022-06-13,0.00011200000153621659,0.0001340000017080456,0.00011100000119768083,0.0001340000017080456,49
2022-06-14,0.00011100000119768083,0.00011500000255182385,0.0001049999991664663,0.00011200000153621659,48
2022-06-15,0.00011300000187475234,0.00011300000187475234,0.00010099999781232327,0.00011100000119768083,49
2022-06-16,0.00010199999815085903,0.0001140000022132881,0.00010099999781232327,0.00011300000187475234,44
2022-06-17,0.00010199999815085903,0.00010599999950500205,0.00010199999815085903,0.00010199999815085903,45
2022-06-18,9.500000305706635e-05,0.00010399999882793054,8.900000102585182e-05,0.00010199999815085903,41
2022-06-19,0.00010299999848939478,0.00010299999848939478,9.000000136438757e-05,9.500000305706635e-05,45
2022-06-20,0.00010299999848939478,0.0001049999991664663,9.7999996796716e-05,0.00010299999848939478,45
2022-06-21,0.00010399999882793054,0.00010800000018207356,0.00010199999815085903,0.00010299999848939478,45
2022-06-22,9.999999747378752e-05,0.00010399999882793054,9.899999713525176e-05,0.00010399999882793054,20
2022-06-23,0.0001049999991664663,0.00010599999950500205,9.999999747378752e-05,9.999999747378752e-05,21
2022-06-24,0.00010599999950500205,0.00010699999984353781,0.00010399999882793054,0.0001049999991664663,21
2022-06-25,0.00010800000018207356,0.00010800000018207356,0.0001049999991664663,0.00010599999950500205,21
2022-06-26,0.0001049999991664663,0.00010900000052060932,0.0001049999991664663,0.00010699999984353781,21
2022-06-27,0.00010399999882793054,0.00010699999984353781,0.00010299999848939478,0.0001049999991664663,21
2022-06-28,0.00010099999781232327,0.00010599999950500205,0.00010099999781232327,0.00010399999882793054,20
2022-06-29,0.00010099999781232327,0.00010199999815085903,9.999999747378752e-05,0.00010099999781232327,20
2022-06-30,9.899999713525176e-05,0.00010099999781232327,9.40000027185306e-05,0.00010099999781232327,20
2022-07-01,9.600000339560211e-05,0.00010299999848939478,9.500000305706635e-05,9.899999713525176e-05,19
2022-07-02,9.600000339560211e-05,9.699999645818025e-05,9.500000305706635e-05,9.600000339560211e-05,19
2022-07-03,9.600000339560211e-05,9.7999996796716e-05,9.500000305706635e-05,9.600000339560211e-05,19
2022-07-04,0.00010099999781232327,0.00010099999781232327,9.500000305706635e-05,9.600000339560211e-05,20
2022-07-05,0.00010099999781232327,0.00010299999848939478,9.699999645818025e-05,0.00010099999781232327,20
2022-07-06,0.00010299999848939478,0.00010299999848939478,9.899999713525176e-05,0.00010099999781232327,21
2022-07-07,0.00010800000018207356,0.00010900000052060932,0.00010099999781232327,0.00010299999848939478,22
2022-07-08,0.00010900000052060932,0.00011200000153621659,0.00010599999950500205,0.00010800000018207356,22
2022-07-09,0.00010800000018207356,0.00010900000052060932,0.00010699999984353781,0.00010900000052060932,22
2022-07-10,0.00010399999882793054,0.00010800000018207356,0.00010399999882793054,0.00010800000018207356,21
2022-07-11,9.999999747378752e-05,0.00010399999882793054,9.999999747378752e-05,0.00010399999882793054,20
2022-07-12,9.699999645818025e-05,9.999999747378752e-05,9.699999645818025e-05,9.999999747378752e-05,19
2022-07-13,0.00010099999781232327,0.00010099999781232327,9.500000305706635e-05,9.699999645818025e-05,20
2022-07-14,0.00010299999848939478,0.00010399999882793054,9.7999996796716e-05,0.00010099999781232327,21
2022-07-15,0.00010399999882793054,0.00010599999950500205,0.00010199999815085903,0.00010299999848939478,21
2022-07-16,0.00010599999950500205,0.00010800000018207356,0.00010299999848939478,0.00010399999882793054,21
2022-07-17,0.00010399999882793054,0.00010800000018207356,0.00010399999882793054,0.00010599999950500205,21
2022-07-18,0.00011200000153621659,0.00011300000187475234,0.00010399999882793054,0.00010399999882793054,22
2022-07-19,0.00011700000322889537,0.00011800000356743112,0.00010800000018207356,0.00011200000153621659,23
2022-07-20,0.00011600000289035961,0.00012099999730708078,0.00011500000255182385,0.00011700000322889537,23
2022-07-21,0.00011600000289035961,0.00011700000322889537,0.00011200000153621659,0.00011600000289035961,23
2022-07-22,0.0001140000022132881,0.00011800000356743112,0.00011300000187475234,0.00011600000289035961,23
2022-07-23,9.000000136438757e-05,0.00011500000255182385,8.800000068731606e-05,0.0001140000022132881,4
2022-07-24,9.000000136438757e-05,9.200000204145908e-05,8.900000102585182e-05,9.000000136438757e-05,4
2022-07-25,8.499999967170879e-05,9.100000170292333e-05,8.499999967170879e-05,9.000000136438757e-05,4
2022-07-26,8.499999967170879e-05,8.499999967170879e-05,8.299999899463728e-05,8.499999967170879e-05,4
2022-07-27,9.200000204145908e-05,9.200000204145908e-05,8.399999933317304e-05,8.499999967170879e-05,4
2022-07-28,9.500000305706635e-05,9.600000339560211e-05,9.100000170292333e-05,9.200000204145908e-05,4
2022-07-29,9.500000305706635e-05,9.699999645818025e-05,9.40000027185306e-05,9.500000305706635e-05,4
2022-07-30,9.500000305706635e-05,9.7999996796716e-05,9.40000027185306e-05,9.500000305706635e-05,4
2022-07-31,9.300000237999484e-05,9.600000339560211e-05,9.300000237999484e-05,9.500000305706635e-05,4
2022-08-01,9.300000237999484e-05,9.40000027185306e-05,9.200000204145908e-05,9.300000237999484e-05,4
2022-08-02,9.200000204145908e-05,9.40000027185306e-05,9.100000170292333e-05,9.300000237999484e-05,0
2022-08-03,9.100000170292333e-05,9.40000027185306e-05,9.100000170292333e-05,9.200000204145908e-05,4
2022-08-04,9.100000170292333e-05,9.300000237999484e-05,9.000000136438757e-05,9.100000170292333e-05,4
2022-08-05,9.300000237999484e-05,9.40000027185306e-05,9.000000136438757e-05,9.100000170292333e-05,4
2022-08-06,9.200000204145908e-05,9.300000237999484e-05,9.200000204145908e-05,9.300000237999484e-05,4
2022-08-07,9.300000237999484e-05,9.300000237999484e-05,9.200000204145908e-05,9.200000204145908e-05,4
2022-08-08,9.500000305706635e-05,9.699999645818025e-05,9.300000237999484e-05,9.300000237999484e-05,4
2022-08-09,9.300000237999484e-05,9.600000339560211e-05,9.200000204145908e-05,9.500000305706635e-05,4
2022-08-10,9.600000339560211e-05,9.699999645818025e-05,9.100000170292333e-05,9.300000237999484e-05,4
2022-08-11,9.600000339560211e-05,9.899999713525176e-05,9.600000339560211e-05,9.600000339560211e-05,4
2022-08-12,9.7999996796716e-05,9.7999996796716e-05,9.500000305706635e-05,9.600000339560211e-05,4
2022-08-13,9.7999996796716e-05,9.899999713525176e-05,9.699999645818025e-05,9.7999996796716e-05,4
2022-08-14,9.699999645818025e-05,9.999999747378752e-05,9.699999645818025e-05,9.7999996796716e-05,4
2022-08-15,9.699999645818025e-05,0.00010099999781232327,9.500000305706635e-05,9.699999645818025e-05,4
2022-08-16,9.600000339560211e-05,9.699999645818025e-05,9.500000305706635e-05,9.699999645818025e-05,4
2022-08-17,9.300000237999484e-05,9.7999996796716e-05,9.300000237999484e-05,9.600000339560211e-05,4
2022-08-18,0.00011600000289035961,0.00011800000356743112,9.300000237999484e-05,9.300000237999484e-05,1
2022-08-19,0.00010399999882793054,0.00011600000289035961,0.00010399999882793054,0.00011600000289035961,1
2022-08-20,0.00010599999950500205,0.00010699999984353781,0.00010399999882793054,0.00010399999882793054,1
2022-08-21,0.00010800000018207356,0.00010800000018207356,0.00010599999950500205,0.00010599999950500205,1
2022-08-22,0.00010699999984353781,0.00010800000018207356,0.0001049999991664663,0.00010800000018207356,1
2022-08-23,0.00010800000018207356,0.00010800000018207356,0.0001049999991664663,0.00010699999984353781,1
2022-08-24,0.00010699999984353781,0.00010900000052060932,0.00010599999950500205,0.00010800000018207356,1
2022-08-25,0.00010800000018207356,0.00010900000052060932,0.00010699999984353781,0.00010699999984353781,1
2022-08-26,0.00010099999781232327,0.00010900000052060932,0.00010099999781232327,0.00010800000018207356,1
2022-08-27,9.999999747378752e-05,0.00010199999815085903,9.899999713525176e-05,0.00010099999781232327,1
2022-08-28,9.7999996796716e-05,0.00010099999781232327,9.7999996796716e-05,9.999999747378752e-05,1
2022-08-29,0.00010099999781232327,0.00010199999815085903,9.7999996796716e-05,9.7999996796716e-05,1
2022-08-30,9.899999713525176e-05,0.00010299999848939478,9.7999996796716e-05,0.00010099999781232327,1
2022-08-31,9.999999747378752e-05,0.00010199999815085903,9.899999713525176e-05,9.899999713525176e-05,1
2022-09-01,0.00010099999781232327,0.00010099999781232327,9.7999996796716e-05,9.999999747378752e-05,1
2022-09-02,9.999999747378752e-05,0.00010199999815085903,9.899999713525176e-05,0.00010099999781232327,1
2022-09-03,9.899999713525176e-05,9.999999747378752e-05,9.7999996796716e-05,9.999999747378752e-05,1
2022-09-04,9.999999747378752e-05,9.999999747378752e-05,9.7999996796716e-05,9.899999713525176e-05,1
2022-09-05,9.899999713525176e-05,9.999999747378752e-05,9.7999996796716e-05,9.999999747378752e-05,1
2022-09-06,9.40000027185306e-05,0.00010099999781232327,9.40000027185306e-05,9.899999713525176e-05,1
2022-09-07,9.600000339560211e-05,9.699999645818025e-05,9.300000237999484e-05,9.40000027185306e-05,1
2022-09-08,9.699999645818025e-05,9.699999645818025e-05,9.500000305706635e-05,9.600000339560211e-05,1
2022-09-09,0.00010699999984353781,0.00010699999984353781,9.699999645818025e-05,9.699999645818025e-05,1
2022-09-10,4.3000000005122274e-05,0.00010800000018207356,4.199999966658652e-05,0.00010699999984353781,4
2022-09-11,4.400000034365803e-05,4.400000034365803e-05,4.3000000005122274e-05,4.3000000005122274e-05,4
2022-09-12,4.5000000682193786e-05,4.5000000682193786e-05,4.3000000005122274e-05,4.400000034365803e-05,4
2022-09-13,4.099999932805076e-05,4.5000000682193786e-05,3.9999998989515007e-05,4.5000000682193786e-05,4
2022-09-14,3.9999998989515007e-05,4.099999932805076e-05,3.9999998989515007e-05,3.9999998989515007e-05,4
2022-09-15,3.899999865097925e-05,4.099999932805076e-05,3.899999865097925e-05,3.9999998989515007e-05,3
2022-09-16,3.9999998989515007e-05,3.9999998989515007e-05,3.899999865097925e-05,3.899999865097925e-05,4
2022-09-17,3.9999998989515007e-05,3.9999998989515007e-05,3.9999998989515007e-05,3.9999998989515007e-05,4
2022-09-18,3.899999865097925e-05,3.9999998989515007e-05,3.899999865097925e-05,3.9999998989515007e-05,3
2022-09-19,3.899999865097925e-05,3.899999865097925e-05,3.7000001611886546e-05,3.899999865097925e-05,3
2022-09-20,3.7999998312443495e-05,3.899999865097925e-05,3.7999998312443495e-05,3.899999865097925e-05,3
2022-09-21,3.7000001611886546e-05,3.899999865097925e-05,3.7000001611886546e-05,3.7999998312443495e-05,3
2022-09-22,3.899999865097925e-05,3.899999865097925e-05,3.7000001611886546e-05,3.7000001611886546e-05,3
2022-09-23,3.899999865097925e-05,3.899999865097925e-05,3.7000001611886546e-05,3.899999865097925e-05,3
2022-09-24,3.7999998312443495e-05,3.899999865097925e-05,3.7999998312443495e-05,3.899999865097925e-05,3
2022-09-25,3.7999998312443495e-05,3.7999998312443495e-05,3.7000001611886546e-05,3.7999998312443495e-05,3
2022-09-26,3.7999998312443495e-05,3.899999865097925e-05,3.7000001611886546e-05,3.7999998312443495e-05,3
2022-09-27,3.7999998312443495e-05,4.099999932805076e-05,3.7999998312443495e-05,3.7999998312443495e-05,3
2022-09-28,3.899999865097925e-05,3.899999865097925e-05,3.7000001611886546e-05,3.7999998312443495e-05,3
2022-09-29,3.899999865097925e-05,3.899999865097925e-05,3.7999998312443495e-05,3.899999865097925e-05,3
2022-09-30,3.899999865097925e-05,3.9999998989515007e-05,3.899999865097925e-05,3.899999865097925e-05,3
2022-10-01,3.899999865097925e-05,3.899999865097925e-05,3.7999998312443495e-05,3.899999865097925e-05,3
2022-10-02,3.7999998312443495e-05,3.899999865097925e-05,3.7999998312443495e-05,3.899999865097925e-05,3
2022-10-03,3.899999865097925e-05,3.899999865097925e-05,3.7999998312443495e-05,3.7999998312443495e-05,3
2022-10-04,4.099999932805076e-05,4.099999932805076e-05,3.899999865097925e-05,3.899999865097925e-05,4
2022-10-05,3.9999998989515007e-05,4.099999932805076e-05,3.9999998989515007e-05,4.099999932805076e-05,4
2022-10-06,3.9999998989515007e-05,4.099999932805076e-05,3.9999998989515007e-05,3.9999998989515007e-05,4
2022-10-07,3.899999865097925e-05,3.9999998989515007e-05,3.899999865097925e-05,3.9999998989515007e-05,3
2022-10-08,3.899999865097925e-05,3.899999865097925e-05,3.899999865097925e-05,3.899999865097925e-05,3
2022-10-09,3.899999865097925e-05,3.899999865097925e-05,3.899999865097925e-05,3.899999865097925e-05,3
2022-10-10,3.7999998312443495e-05,3.899999865097925e-05,3.7999998312443495e-05,3.899999865097925e-05,3
2022-10-11,3.7999998312443495e-05,3.7999998312443495e-05,3.7999998312443495e-05,3.7999998312443495e-05,3
2022-10-12,3.7999998312443495e-05,3.7999998312443495e-05,3.7999998312443495e-05,3.7999998312443495e-05,3
2022-10-13,3.899999865097925e-05,3.899999865097925e-05,3.7000001611886546e-05,3.7999998312443495e-05,3
2022-10-14,3.7999998312443495e-05,3.9999998989515007e-05,3.7999998312443495e-05,3.899999865097925e-05,3
2022-10-15,3.7999998312443495e-05,3.7999998312443495e-05,3.7999998312443495e-05,3.7999998312443495e-05,3
2022-10-16,3.899999865097925e-05,3.899999865097925e-05,3.7999998312443495e-05,3.7999998312443495e-05,3
2022-10-17,3.899999865097925e-05,3.899999865097925e-05,3.7999998312443495e-05,3.899999865097925e-05,3
2022-10-18,3.899999865097925e-05,3.899999865097925e-05,3.7999998312443495e-05,3.899999865097925e-05,3
2022-10-19,3.7999998312443495e-05,3.899999865097925e-05,3.7999998312443495e-05,3.899999865097925e-05,3
2022-10-20,3.7999998312443495e-05,3.899999865097925e-05,3.7999998312443495e-05,3.7999998312443495e-05,3
2022-10-21,0.5981529951095581,1.0418139696121216,3.7999998312443495e-05,3.7999998312443495e-05,210829
2022-10-22,0.39584699273109436,0.6024919748306274,0.3368709981441498,0.5981529951095581,274975
2022-10-23,0.39835798740386963,0.41074201464653015,0.3580999970436096,0.3958370089530945,263516
2022-10-24,0.00023200000578071922,0.4395659863948822,0.00015500000154133886,0.39835599064826965,281828
2022-10-25,0.0003220000071451068,0.00032500000088475645,0.00023099999816622585,0.00023200000578071922,289626
2022-10-26,0.0010400000028312206,0.0010499999625608325,0.00028300000121816993,0.0003220000071451068,388116
2022-10-27,0.0011790000135079026,0.00120599998626858,0.0010290000354871154,0.0010400000028312206,358338
2022-10-28,0.001028000027872622,0.0011810000287368894,0.0010059999767690897,0.0011790000135079026,366674
2022-10-29,0.0010420000180602074,0.0010519999777898192,0.0010270000202581286,0.001028000027872622,329870
2022-10-30,0.001032999949529767,0.0010479999473318458,0.0010290000354871154,0.0010420000180602074,327970
2022-10-31,0.0010270000202581286,0.0010420000180602074,0.0010160000529140234,0.001032999949529767,304957
2022-11-01,0.0010260000126436353,0.0010339999571442604,0.0010140000376850367,0.0010270000202581286,382387
2022-11-02,0.0009689999860711396,0.0010290000354871154,0.00016399999731220305,0.0010260000126436353,364658
2022-11-03,0.0009679999784566462,0.0009800000116229057,0.000965000013820827,0.0009689999860711396,386799
2022-11-04,0.0010140000376850367,0.0010209999745711684,0.0009670000290498137,0.0009679999784566462,370543
2022-11-05,0.001019999966956675,0.001028000027872622,0.0010110000148415565,0.0010130000300705433,343224
2022-11-06,0.0010049999691545963,0.0010229999898001552,0.001003999961540103,0.001019999966956675,353969
2022-11-07,0.000990999978967011,0.00101200002245605,0.0009840000420808792,0.001003999961540103,406749
2022-11-08,0.0008909999742172658,0.0009929999941959977,0.0008459999808110297,0.0009899999713525176,3025583
2022-11-09,0.0007619999814778566,0.000893999997060746,0.0007529999711550772,0.0008909999742172658,2701034
2022-11-10,0.0008449999731965363,0.0008689999813213944,0.0007600000244565308,0.0007619999814778566,1959427
2022-11-11,0.0008159999852068722,0.0008479999960400164,0.0007939999923110008,0.0008449999731965363,2003783
2022-11-12,0.0008040000102482736,0.000818000000435859,0.0007970000151544809,0.0008159999852068722,2054192
2022-11-13,0.000783999974373728,0.0008099999977275729,0.0007820000173524022,0.0008040000102482736,1935633
2022-11-14,0.0007939999923110008,0.0008210000232793391,0.0007580000092275441,0.000783999974373728,2059930
2022-11-15,0.0008060000254772604,0.0008149999775923789,0.0007900000200606883,0.0007939999923110008,2032161
2022-11-16,0.0007890000124461949,0.0008099999977275729,0.0007750000222586095,0.0008060000254772604,1811641
2022-11-17,0.0007970000151544809,0.0008019999950192869,0.0007880000048317015,0.0007890000124461949,1698556
2022-11-18,0.0007989999721758068,0.000813000020571053,0.0007919999770820141,0.0007970000151544809,1612295
2022-11-19,0.0008030000026337802,0.0008079999824985862,0.0007919999770820141,0.0007989999721758068,1645987
2022-11-20,0.0007830000249668956,0.0008040000102482736,0.0007800000021234155,0.0008030000026337802,1563420
2022-11-21,0.0007570000016130507,0.0007830000249668956,0.0007479999912902713,0.0007830000249668956,1700822
2022-11-22,0.0007779999868944287,0.0007800000021234155,0.0007510000141337514,0.0007570000016130507,1616575
2022-11-23,0.0009640000062063336,0.0009660000214353204,0.00019700000120792538,0.0007779999868944287,1390825
2022-11-24,0.00019999999494757503,0.0009730000165291131,0.0001990000018849969,0.0009640000062063336,1339896
2022-11-25,0.00019799999427050352,0.00019999999494757503,9.899999713525176e-05,0.00019999999494757503,1250452
2022-11-26,0.00019700000120792538,0.00019999999494757503,0.00019700000120792538,0.00019799999427050352,1332880
2022-11-27,0.00019700000120792538,0.0001990000018849969,0.00019700000120792538,0.00019700000120792538,1158451
2022-11-28,0.00019500000053085387,0.00019799999427050352,0.00019299999985378236,0.00019700000120792538,1585749
2022-11-29,0.00019799999427050352,0.00019799999427050352,0.0001939999929163605,0.00019500000053085387,5
2022-11-30,0.00020599999697878957,0.00020700000459328294,0.00019799999427050352,0.00019799999427050352,5
2022-12-01,0.00010199999815085903,0.00020700000459328294,0.00010099999781232327,0.00020599999697878957,5
2022-12-02,0.00010299999848939478,0.00010299999848939478,0.00010099999781232327,0.00010199999815085903,5
2022-12-03,0.00010099999781232327,0.00010299999848939478,0.00010099999781232327,0.00010299999848939478,5
2022-12-04,0.00010299999848939478,0.00010299999848939478,0.00010099999781232327,0.00010099999781232327,5
2022-12-05,0.00010199999815085903,0.00010399999882793054,0.00010199999815085903,0.00010299999848939478,5
2022-12-06,0.00010299999848939478,0.00010299999848939478,0.00010199999815085903,0.00010199999815085903,5
2022-12-07,0.00010099999781232327,0.00010299999848939478,0.00010099999781232327,0.00010299999848939478,5
2022-12-08,0.00010299999848939478,0.00010399999882793054,0.00010099999781232327,0.00010099999781232327,5
2022-12-09,0.00010299999848939478,0.00010399999882793054,0.00010299999848939478,0.00010299999848939478,5
2022-12-10,0.00010299999848939478,0.00010299999848939478,0.00010299999848939478,0.00010299999848939478,5
2022-12-11,0.00010299999848939478,0.00010299999848939478,0.00010299999848939478,0.00010299999848939478,5
2022-12-12,0.00010299999848939478,0.00010299999848939478,0.00010099999781232327,0.00010299999848939478,5
2022-12-13,0.00010699999984353781,0.00010800000018207356,0.00010299999848939478,0.00010299999848939478,5
2022-12-14,0.00010699999984353781,0.00011000000085914508,0.00010599999950500205,0.00010699999984353781,5
2022-12-15,0.00010399999882793054,0.00010699999984353781,0.00010399999882793054,0.00010699999984353781,5
2022-12-16,9.999999747378752e-05,0.0001049999991664663,9.999999747378752e-05,0.00010399999882793054,5
2022-12-17,0.00010099999781232327,0.00010099999781232327,9.999999747378752e-05,9.999999747378752e-05,5
2022-12-18,0.00010099999781232327,0.00010099999781232327,9.999999747378752e-05,0.00010099999781232327,5
2022-12-19,9.899999713525176e-05,0.00010099999781232327,9.7999996796716e-05,0.00010099999781232327,5
2022-12-20,0.00010099999781232327,0.00010199999815085903,9.899999713525176e-05,9.899999713525176e-05,5
2022-12-21,0.00010099999781232327,0.00010199999815085903,0.00010099999781232327,0.00010099999781232327,5
2022-12-22,0.00010099999781232327,0.00010099999781232327,9.999999747378752e-05,0.00010099999781232327,5
2022-12-23,0.00010099999781232327,0.00010099999781232327,0.00010099999781232327,0.00010099999781232327,5
2022-12-24,0.00010099999781232327,0.00010099999781232327,0.00010099999781232327,0.00010099999781232327,5
2022-12-25,0.00010099999781232327,0.00010099999781232327,0.00010099999781232327,0.00010099999781232327,5
2022-12-26,0.00010199999815085903,0.00010199999815085903,0.00010099999781232327,0.00010099999781232327,5
2022-12-27,9.999999747378752e-05,0.00010199999815085903,9.999999747378752e-05,0.00010199999815085903,5
2022-12-28,9.899999713525176e-05,0.00010099999781232327,9.899999713525176e-05,9.999999747378752e-05,5
2022-12-29,9.999999747378752e-05,9.999999747378752e-05,9.899999713525176e-05,9.899999713525176e-05,5
2022-12-30,9.999999747378752e-05,9.999999747378752e-05,9.7999996796716e-05,9.999999747378752e-05,5
2022-12-31,9.899999713525176e-05,9.999999747378752e-05,9.899999713525176e-05,9.999999747378752e-05,5
2023-01-01,9.999999747378752e-05,9.999999747378752e-05,9.899999713525176e-05,9.899999713525176e-05,5
2023-01-02,9.999999747378752e-05,0.00010099999781232327,9.899999713525176e-05,9.999999747378752e-05,5
2023-01-03,9.999999747378752e-05,0.00010099999781232327,9.999999747378752e-05,9.999999747378752e-05,5
2023-01-04,0.00010099999781232327,0.00010199999815085903,9.999999747378752e-05,9.999999747378752e-05,5
2023-01-05,0.00010099999781232327,0.00010099999781232327,0.00010099999781232327,0.00010099999781232327,5
2023-01-06,0.00010199999815085903,0.00010199999815085903,9.999999747378752e-05,0.00010099999781232327,5
2023-01-07,0.00010199999815085903,0.00010199999815085903,0.00010099999781232327,0.00010199999815085903,5
2023-01-08,0.00010299999848939478,0.00010299999848939478,0.00010199999815085903,0.00010199999815085903,5
2023-01-09,0.00010299999848939478,0.00010399999882793054,0.00010299999848939478,0.00010299999848939478,5
2023-01-10,0.000506000011228025,0.0005070000188425183,0.00010299999848939478,0.00010299999848939478,24
2023-01-11,0.0005200000014156103,0.0005200000014156103,0.0005029999883845448,0.000506000011228025,25
2023-01-12,0.0005469999741762877,0.0005520000122487545,0.000522000016644597,0.0005249999812804163,26
2023-01-13,0.000577000027988106,0.0005789999850094318,0.0005440000095404685,0.0005469999741762877,28
2023-01-14,0.0002099999983329326,0.000610999995842576,0.00020300000323913991,0.000577000027988106,2
2023-01-15,0.00020900000527035445,0.0002099999983329326,0.00020599999697878957,0.0002099999983329326,2
2023-01-16,0.0002119999990100041,0.00021399999968707561,0.00020700000459328294,0.00020900000527035445,3
2023-01-17,0.0002119999990100041,0.00021399999968707561,0.0002099999983329326,0.0002119999990100041,3
2023-01-18,0.00020700000459328294,0.00021600000036414713,0.00020500000391621143,0.0002119999990100041,2
2023-01-19,0.00021100000594742596,0.0002119999990100041,0.00020700000459328294,0.00020700000459328294,2
2023-01-20,0.00022699999681208283,0.00022699999681208283,0.00020900000527035445,0.00021100000594742596,3
2023-01-21,0.0002280000044265762,0.00023299999884329736,0.00022499999613501132,0.00022699999681208283,3
2023-01-22,0.00022699999681208283,0.00023099999816622585,0.00022400000307243317,0.0002280000044265762,3
2023-01-23,0.00022899999748915434,0.00023099999816622585,0.00022699999681208283,0.00022699999681208283,3
2023-01-24,0.00022600000374950469,0.00023099999816622585,0.00022499999613501132,0.00022899999748915434,3
2023-01-25,0.00023099999816622585,0.00023700000019744039,0.00022400000307243317,0.00022600000374950469,3
2023-01-26,0.00025599999935366213,0.0002579999854788184,0.00023099999816622585,0.00023099999816622585,8
2023-01-27,0.00025599999935366213,0.00026000000070780516,0.00025099999038502574,0.00025599999935366213,8
2023-01-28,0.00025599999935366213,0.0002570000069681555,0.00025400001322850585,0.00025599999935366213,8
2023-01-29,0.0002640000020619482,0.00026599998818710446,0.00025499999173916876,0.00025599999935366213,9
2023-01-30,0.00025400001322850585,0.0002640000020619482,0.00025099999038502574,0.0002640000020619482,8
2023-01-31,0.0002570000069681555,0.0002579999854788184,0.0002530000056140125,0.00025400001322850585,8
2023-02-01,0.0002629999944474548,0.0002640000020619482,0.00025400001322850585,0.0002570000069681555,9
2023-02-02,0.0002610000083222985,0.0002680000034160912,0.0002610000083222985,0.0002629999944474548,8
2023-02-03,0.00026000000070780516,0.0002629999944474548,0.0002579999854788184,0.0002610000083222985,8
2023-02-04,0.0002589999930933118,0.0002610000083222985,0.0002589999930933118,0.00026000000070780516,8
2023-02-05,0.00025499999173916876,0.00026000000070780516,0.00025400001322850585,0.0002589999930933118,8
2023-02-06,0.0002530000056140125,0.0002570000069681555,0.0002519999979995191,0.00025499999173916876,5
2023-02-07,0.0002579999854788184,0.0002589999930933118,0.0002530000056140125,0.0002530000056140125,5
2023-02-08,0.00025499999173916876,0.0002589999930933118,0.0002519999979995191,0.0002579999854788184,5
2023-02-09,0.00024199999461416155,0.00025499999173916876,0.00024199999461416155,0.00025499999173916876,4
2023-02-10,0.00023999999393709004,0.00024399999529123306,0.0002390000008745119,0.00024199999461416155,4
2023-02-11,0.00024300000222865492,0.00024300000222865492,0.00023999999393709004,0.00023999999393709004,4
2023-02-12,0.00024199999461416155,0.00024500000290572643,0.0002410000015515834,0.00024300000222865492,4
2023-02-13,0.00024199999461416155,0.00024300000222865492,0.00023799999326001853,0.00024199999461416155,4
2023-02-14,0.0002469999890308827,0.0002469999890308827,0.00023999999393709004,0.00024199999461416155,4
2023-02-15,0.0002699999895412475,0.0002699999895412475,0.00024500000290572643,0.0002469999890308827,5
2023-02-16,0.00026199998683296144,0.0002789999998640269,0.00026199998683296144,0.0002699999895412475,5
2023-02-17,0.0002730000123847276,0.0002770000137388706,0.00026000000070780516,0.00026199998683296144,5
2023-02-18,0.0002739999908953905,0.0002749999985098839,0.00027200000477023423,0.0002730000123847276,5
2023-02-19,0.0006840000278316438,0.0006880000000819564,0.00027099999715574086,0.0002739999908953905,28
2023-02-20,0.000990999978967011,0.0009980000322684646,0.0006719999946653843,0.0006840000278316438,496
2023-02-21,0.0008849999867379665,0.000999000039882958,0.0007960000075399876,0.000990999978967011,746
2023-02-22,0.0007890000124461949,0.0009469999931752682,0.000770999991800636,0.0008849999867379665,830
2023-02-23,0.0007779999868944287,0.0008859999943524599,0.0007730000070296228,0.0007890000124461949,120
2023-02-24,0.0007539999787695706,0.0007830000249668956,0.0007479999912902713,0.0007779999868944287,116
2023-02-25,0.0007529999711550772,0.0007539999787695706,0.0007430000114254653,0.0007539999787695706,2
2023-02-26,0.0007660000119358301,0.0007689999765716493,0.000750000006519258,0.0007529999711550772,2
2023-02-27,0.0007600000244565308,0.000770999991800636,0.000750000006519258,0.0007660000119358301,42
2023-02-28,0.0007479999912902713,0.0007619999814778566,0.0007450000266544521,0.0007600000244565308,41
2023-03-01,0.0007639999967068434,0.000770999991800636,0.0007459999760612845,0.0007479999912902713,42
2023-03-02,0.0007580000092275441,0.0007670000195503235,0.0007510000141337514,0.0007639999967068434,42
2023-03-03,0.0007220000261440873,0.0007580000092275441,0.0007169999880716205,0.0007580000092275441,40
2023-03-04,0.0007220000261440873,0.0007239999831654131,0.0007169999880716205,0.0007220000261440873,40
2023-03-05,0.0007249999907799065,0.0007300000288523734,0.0007210000185295939,0.0007220000261440873,40
2023-03-06,0.0007239999831654131,0.00072900002123788,0.0007210000185295939,0.0007249999907799065,40
2023-03-07,0.000526999996509403,0.0007280000136233866,0.0004659999976865947,0.0007239999831654131,31
2023-03-08,0.0005150000215508044,0.0005280000041238964,0.000514000013936311,0.000526999996509403,30
2023-03-09,0.0004830000107176602,0.0005169999785721302,0.00047900000936351717,0.0005150000215508044,28
2023-03-10,0.0004780000017490238,0.0004830000107176602,0.00046499999007210135,0.0004830000107176602,28
2023-03-11,0.0004889999981969595,0.000493000028654933,0.00047599998652003706,0.0004780000017490238,29
2023-03-12,0.0005249999812804163,0.0005249999812804163,0.00048499999684281647,0.0004889999981969595,31
2023-03-13,0.0005729999975301325,0.0005799999926239252,0.0005200000014156103,0.0005249999812804163,34
2023-03-14,0.0005869999877177179,0.0006249999860301614,0.0005719999899156392,0.0005729999975301325,35
2023-03-15,0.0005779999773949385,0.0005959999980404973,0.0005709999823011458,0.0005869999877177179,34
2023-03-16,0.0005939999828115106,0.0005959999980404973,0.0005750000127591193,0.0005779999773949385,35
2023-03-17,0.0006489999941550195,0.0006580000044777989,0.0005910000181756914,0.0005939999828115106,38
2023-03-18,0.0006389999762177467,0.0006569999968633056,0.0006360000115819275,0.0006500000017695129,38
2023-03-19,0.0006639999919570982,0.0006730000022798777,0.0006380000268109143,0.0006389999762177467,39
2023-03-20,0.0006580000044777989,0.000674000009894371,0.0006459999713115394,0.0006639999919570982,39
2023-03-21,0.0006680000224150717,0.0006730000022798777,0.0006510000093840063,0.0006580000044777989,39
2023-03-22,0.0006479999865405262,0.0006830000202171504,0.0006350000039674342,0.0006680000224150717,38
2023-03-23,0.0006719999946653843,0.0006799999973736703,0.000645000021904707,0.0006479999865405262,40
2023-03-24,0.0006510000093840063,0.0006730000022798777,0.0006430000066757202,0.0006719999946653843,38
2023-03-25,0.0006520000169984996,0.0006580000044777989,0.000645000021904707,0.0006510000093840063,38
2023-03-26,0.0006639999919570982,0.0006670000148005784,0.0006510000093840063,0.0006520000169984996,39
2023-03-27,0.0006440000142902136,0.0006639999919570982,0.0006319999811239541,0.0006639999919570982,38
2023-03-28,0.0006469999789260328,0.0006510000093840063,0.0006329999887384474,0.0006440000142902136,38
2023-03-29,0.0006719999946653843,0.0006769999745301902,0.0006459999713115394,0.0006469999789260328,40
2023-03-30,0.0006649999995715916,0.0006900000153109431,0.0006590000120922923,0.0006719999946653843,39
2023-03-31,0.0006750000175088644,0.0006779999821446836,0.0006549999816343188,0.0006649999995715916,40
2023-04-01,0.000674000009894371,0.0006810000049881637,0.0006709999870508909,0.0006750000175088644,40
2023-04-02,0.00012099999730708078,0.0006760000251233578,0.00011999999696854502,0.0006750000175088644,14
2023-04-03,0.00011999999696854502,0.00012199999764561653,0.00011800000356743112,0.00012099999730708078,14
2023-04-04,0.00012099999730708078,0.00012199999764561653,0.00011899999663000926,0.00011999999696854502,14
2023-04-05,0.00012099999730708078,0.0001230000052601099,0.00011999999696854502,0.00012099999730708078,14
2023-04-06,0.00011800000356743112,0.0001939999929163605,0.00011700000322889537,0.00012099999730708078,11
2023-04-07,0.00011700000322889537,0.00011800000356743112,0.00011700000322889537,0.00011800000356743112,11
2023-04-08,0.00011700000322889537,0.00011800000356743112,0.00011700000322889537,0.00011700000322889537,11
2023-04-09,0.00011899999663000926,0.00011999999696854502,0.00011700000322889537,0.00011700000322889537,12
2023-04-10,0.0001250000059371814,0.0001250000059371814,0.00011800000356743112,0.00011899999663000926,12
2023-04-11,0.00012700000661425292,0.00012799999967683107,0.00012399999832268804,0.0001250000059371814,12
2023-04-12,0.00012700000661425292,0.00012799999967683107,0.0001250000059371814,0.00012700000661425292,12
2023-04-13,0.00012799999967683107,0.00012799999967683107,0.00012599999899975955,0.00012599999899975955,12
2023-04-14,0.00012799999967683107,0.00013000000035390258,0.00012599999899975955,0.00012799999967683107,12
2023-04-15,0.00012700000661425292,0.00012799999967683107,0.00012700000661425292,0.00012799999967683107,12
2023-04-16,0.00012700000661425292,0.00012799999967683107,0.00012700000661425292,0.00012700000661425292,12
2023-04-17,0.00011800000356743112,0.00012700000661425292,0.00011800000356743112,0.00012700000661425292,3
2023-04-18,0.00012199999764561653,0.00012199999764561653,0.00011700000322889537,0.00011800000356743112,3
2023-04-19,0.00011500000255182385,0.00012199999764561653,0.00011500000255182385,0.00012199999764561653,3
2023-04-20,0.00011300000187475234,0.00011600000289035961,0.00011200000153621659,0.00011500000255182385,3
2023-04-21,0.00010900000052060932,0.00011300000187475234,0.00010900000052060932,0.00011300000187475234,3
2023-04-22,0.00011100000119768083,0.00011100000119768083,0.00010900000052060932,0.00010900000052060932,3
2023-04-23,0.00011000000085914508,0.00011100000119768083,0.00011000000085914508,0.00011100000119768083,3
2023-04-24,0.00011000000085914508,0.00011200000153621659,0.00010800000018207356,0.00011000000085914508,3
2023-04-25,0.00011300000187475234,0.00011300000187475234,0.00010900000052060932,0.00011000000085914508,3
2023-04-26,0.0001140000022132881,0.00011999999696854502,0.00011000000085914508,0.00011300000187475234,3
2023-04-27,0.00011800000356743112,0.00011899999663000926,0.0001140000022132881,0.0001140000022132881,3
2023-04-28,0.00011700000322889537,0.00011800000356743112,0.00011600000289035961,0.00011800000356743112,3
2023-04-29,0.00011700000322889537,0.00011800000356743112,0.00011700000322889537,0.00011700000322889537,3
2023-04-30,0.00011700000322889537,0.00011999999696854502,0.00011600000289035961,0.00011700000322889537,3
2023-05-01,0.00011200000153621659,0.00011700000322889537,0.00011100000119768083,0.00011700000322889537,3
2023-05-02,0.00011500000255182385,0.00011500000255182385,0.00011200000153621659,0.00011200000153621659,3
2023-05-03,0.00011600000289035961,0.00011700000322889537,0.00011300000187475234,0.00011500000255182385,3
2023-05-04,0.00011500000255182385,0.00011700000322889537,0.00011500000255182385,0.00011600000289035961,3
2023-05-05,0.00011800000356743112,0.00011899999663000926,0.00011500000255182385,0.00011500000255182385,3
2023-05-06,0.00011600000289035961,0.00011899999663000926,0.0001140000022132881,0.00011800000356743112,3
2023-05-07,0.0001140000022132881,0.00011600000289035961,0.0001140000022132881,0.00011600000289035961,3
2023-05-08,0.00011100000119768083,0.00011500000255182385,0.00010900000052060932,0.0001140000022132881,3
2023-05-09,0.00011100000119768083,0.00011100000119768083,0.00011000000085914508,0.00011100000119768083,3
2023-05-10,0.00011000000085914508,0.00011300000187475234,0.00010800000018207356,0.00011100000119768083,3
2023-05-11,0.00010800000018207356,0.00011000000085914508,0.00010699999984353781,0.00011000000085914508,3
2023-05-12,0.00010699999984353781,0.00010800000018207356,0.00010399999882793054,0.00010800000018207356,3
2023-05-13,0.00010699999984353781,0.00010800000018207356,0.00010699999984353781,0.00010699999984353781,3
2023-05-14,0.00010800000018207356,0.00010900000052060932,0.00010699999984353781,0.00010699999984353781,3
2023-05-15,0.00010900000052060932,0.00011100000119768083,0.00010699999984353781,0.00010800000018207356,3
2023-05-16,0.00010800000018207356,0.00010900000052060932,0.00010800000018207356,0.00010900000052060932,3
2023-05-17,0.00011000000085914508,0.00011000000085914508,0.00010599999950500205,0.00010800000018207356,3
2023-05-18,0.00010699999984353781,0.00011000000085914508,0.00010599999950500205,0.00011000000085914508,3
2023-05-19,0.00010800000018207356,0.00010800000018207356,0.00010699999984353781,0.00010699999984353781,3
2023-05-20,0.00010800000018207356,0.00010900000052060932,0.00010699999984353781,0.00010800000018207356,3
2023-05-21,0.00010699999984353781,0.00010900000052060932,0.00010699999984353781,0.00010800000018207356,3
2023-05-22,0.00010699999984353781,0.00010800000018207356,0.00010599999950500205,0.00010699999984353781,3
2023-05-23,0.00010900000052060932,0.00011000000085914508,0.00010699999984353781,0.00010699999984353781,3
2023-05-24,0.0001049999991664663,0.00010900000052060932,0.0001049999991664663,0.00010900000052060932,3
2023-05-25,0.00010599999950500205,0.00010599999950500205,0.00010399999882793054,0.0001049999991664663,3
2023-05-26,0.00010699999984353781,0.00010699999984353781,0.0001049999991664663,0.00010599999950500205,3
2023-05-27,0.00010699999984353781,0.00010699999984353781,0.00010699999984353781,0.00010699999984353781,3
2023-05-28,0.00011200000153621659,0.00011300000187475234,0.00010699999984353781,0.00010699999984353781,3
2023-05-29,0.00011100000119768083,0.0001140000022132881,0.00011000000085914508,0.00011200000153621659,3
2023-05-30,0.00011100000119768083,0.00011200000153621659,0.00011000000085914508,0.00011100000119768083,3
2023-05-31,0.00010900000052060932,0.00011100000119768083,0.00010800000018207356,0.00011100000119768083,3
2023-06-01,0.00010699999984353781,0.00010900000052060932,0.00010699999984353781,0.00010900000052060932,3
2023-06-02,0.00010900000052060932,0.00010900000052060932,0.00010599999950500205,0.00010699999984353781,3
2023-06-03,0.00010800000018207356,0.00010900000052060932,0.00010800000018207356,0.00010900000052060932,3
2023-06-04,0.00010800000018207356,0.00011000000085914508,0.00010800000018207356,0.00010800000018207356,3
2023-06-05,0.00010299999848939478,0.00010900000052060932,0.00010199999815085903,0.00010800000018207356,3
2023-06-06,0.00010900000052060932,0.00010900000052060932,0.00010199999815085903,0.00010299999848939478,3
2023-06-07,0.0001049999991664663,0.00010900000052060932,0.0001049999991664663,0.00010900000052060932,3
2023-06-08,0.00010599999950500205,0.00010699999984353781,0.0001049999991664663,0.0001049999991664663,3
2023-06-09,0.00010599999950500205,0.00010699999984353781,0.0001049999991664663,0.00010599999950500205,3
2023-06-10,0.00010299999848939478,0.00010599999950500205,0.00010199999815085903,0.00010599999950500205,3
2023-06-11,0.00010399999882793054,0.0001049999991664663,0.00010299999848939478,0.00010299999848939478,3
2023-06-12,0.00010399999882793054,0.00010399999882793054,0.00010299999848939478,0.00010399999882793054,3
2023-06-13,0.00010399999882793054,0.0001049999991664663,0.00010299999848939478,0.00010399999882793054,3
2023-06-14,9.999999747378752e-05,0.00010399999882793054,9.999999747378752e-05,0.00010399999882793054,3
2023-06-15,0.00010199999815085903,0.00010299999848939478,9.899999713525176e-05,9.999999747378752e-05,3
2023-06-16,0.0001049999991664663,0.00010599999950500205,0.00010099999781232327,0.00010199999815085903,3
2023-06-17,0.00010599999950500205,0.00010699999984353781,0.0001049999991664663,0.0001049999991664663,3
2023-06-18,0.0001049999991664663,0.00010699999984353781,0.0001049999991664663,0.00010599999950500205,3
2023-06-19,0.00010699999984353781,0.00010800000018207356,0.0001049999991664663,0.0001049999991664663,3
2023-06-20,0.00011300000187475234,0.00011300000187475234,0.00010699999984353781,0.00010699999984353781,3
2023-06-21,0.00011999999696854502,0.0001230000052601099,0.00011300000187475234,0.00011300000187475234,3
2023-06-22,0.00011999999696854502,0.00012199999764561653,0.00011899999663000926,0.00011999999696854502,3
2023-06-23,0.0001230000052601099,0.0001250000059371814,0.00011899999663000926,0.00011999999696854502,3
2023-06-24,0.00012199999764561653,0.0001230000052601099,0.00012099999730708078,0.0001230000052601099,3
2023-06-25,0.00012199999764561653,0.00012399999832268804,0.00012099999730708078,0.00012199999764561653,3
2023-06-26,0.00028199999360367656,0.0002849999873433262,0.00012099999730708078,0.00012199999764561653,6
2023-06-27,0.0002849999873433262,0.0002880000101868063,0.0002809999859891832,0.00028199999360367656,6
2023-06-28,0.0002800000074785203,0.0002849999873433262,0.0002789999998640269,0.0002849999873433262,6
2023-06-29,0.00028300000121816993,0.0002859999949578196,0.0002800000074785203,0.0002800000074785203,6
2023-06-30,0.0002840000088326633,0.0002899999963119626,0.0002770000137388706,0.00028300000121816993,6
2023-07-01,0.0002849999873433262,0.0002849999873433262,0.00028199999360367656,0.0002840000088326633,6
2023-07-02,0.0002849999873433262,0.0002859999949578196,0.00028199999360367656,0.0002849999873433262,6
2023-07-03,0.0002899999963119626,0.000291000003926456,0.0002849999873433262,0.0002849999873433262,6
2023-07-04,0.0002859999949578196,0.000291000003926456,0.0002859999949578196,0.0002899999963119626,6
2023-07-05,0.0002840000088326633,0.00028700000257231295,0.0002809999859891832,0.0002859999949578196,6
2023-07-06,0.00027799999224953353,0.00029200001154094934,0.00027799999224953353,0.0002840000088326633,6
2023-07-07,0.00028199999360367656,0.00028300000121816993,0.0002770000137388706,0.00027799999224953353,6
2023-07-08,0.00028199999360367656,0.00028199999360367656,0.0002800000074785203,0.00028199999360367656,6
2023-07-09,0.0002809999859891832,0.00028300000121816993,0.0002800000074785203,0.00028199999360367656,6
2023-07-10,0.00028300000121816993,0.0002880000101868063,0.0002789999998640269,0.0002809999859891832,6
2023-07-11,0.0002849999873433262,0.0002859999949578196,0.00028199999360367656,0.00028300000121816993,6
2023-07-12,0.00028300000121816993,0.00028700000257231295,0.00028199999360367656,0.0002849999873433262,6
2023-07-13,0.00029299999005161226,0.000295000005280599,0.00028199999360367656,0.00028300000121816993,6
2023-07-14,0.00028199999360367656,0.00029299999005161226,0.0002789999998640269,0.00029299999005161226,6
2023-07-15,0.00028199999360367656,0.00028300000121816993,0.00028199999360367656,0.00028199999360367656,6
2023-07-16,0.0002809999859891832,0.00028300000121816993,0.0002800000074785203,0.00028199999360367656,6
2023-07-17,0.0002800000074785203,0.00028199999360367656,0.0002770000137388706,0.0002809999859891832,6
2023-07-18,0.00027799999224953353,0.0002809999859891832,0.00027600000612437725,0.0002800000074785203,6
2023-07-19,0.0005569999921135604,0.0005590000073425472,0.00027799999224953353,0.00027799999224953353,371931
2023-07-20,0.0005660000024363399,0.0005779999773949385,0.0005549999768845737,0.0005559999844990671,438335
2023-07-21,0.0002840000088326633,0.00056900002527982,0.00028300000121816993,0.0005660000024363399,23
2023-07-22,0.00028300000121816993,0.0002849999873433262,0.00028199999360367656,0.0002840000088326633,23
2023-07-23,0.0002859999949578196,0.0002880000101868063,0.00028300000121816993,0.00028300000121816993,23
2023-07-24,0.0002770000137388706,0.0002859999949578196,0.0002749999985098839,0.0002859999949578196,22
2023-07-25,0.00027799999224953353,0.0002789999998640269,0.00027600000612437725,0.0002770000137388706,22
2023-07-26,0.0002789999998640269,0.00028199999360367656,0.0002770000137388706,0.00027799999224953353,22
2023-07-27,0.00027799999224953353,0.0002809999859891832,0.0002770000137388706,0.0002789999998640269,22
2023-07-28,0.0011729999678209424,0.001180000021122396,0.0002770000137388706,0.00027799999224953353,188
2023-07-29,0.0011159999994561076,0.0011739999754354358,0.0011129999766126275,0.0011729999678209424,294
2023-07-30,0.0011129999766126275,0.0011190000222995877,0.0011060000397264957,0.0011159999994561076,293
2023-07-31,0.0011109999613836408,0.001120000029914081,0.0011080000549554825,0.0011129999766126275,292
2023-08-01,0.0011259999591857195,0.0011259999591857195,0.0010930000571534038,0.0011109999613836408,297
2023-08-02,0.0011080000549554825,0.0011390000581741333,0.0011030000168830156,0.0011259999591857195,292
2023-08-03,0.001108999946154654,0.0011159999994561076,0.0011020000092685223,0.0011080000549554825,292
2023-08-04,0.0011050000321120024,0.0011139999842271209,0.0010979999788105488,0.001108999946154654,6
2023-08-05,0.001104000024497509,0.0011060000397264957,0.001101000001654029,0.0011050000321120024,6
2023-08-06,0.001104000024497509,0.0011080000549554825,0.001101000001654029,0.001104000024497509,6
2023-08-07,0.001108999946154654,0.0011109999613836408,0.0010930000571534038,0.001104000024497509,6
2023-08-08,0.0011309999972581863,0.0011439999798312783,0.0011060000397264957,0.001108999946154654,6
2023-08-09,0.0011239999439567327,0.0011419999646022916,0.0011180000146850944,0.0011309999972581863,6
2023-08-10,0.0011190000222995877,0.0011279999744147062,0.0011159999994561076,0.0011239999439567327,6
2023-08-11,0.0011180000146850944,0.0011210000375285745,0.0011129999766126275,0.0011190000222995877,6
2023-08-12,0.00014699999883305281,0.0011190000222995877,0.00014699999883305281,0.0011180000146850944,5
2023-08-13,0.00014600000577047467,0.00014699999883305281,0.00014600000577047467,0.00014699999883305281,4
2023-08-14,0.00014699999883305281,0.00014800000644754618,0.00014600000577047467,0.00014600000577047467,5
2023-08-15,0.00014600000577047467,0.00014699999883305281,0.0001449999981559813,0.00014699999883305281,4
2023-08-16,0.00014400000509340316,0.00014600000577047467,0.00014400000509340316,0.00014600000577047467,4
2023-08-17,0.00013299999409355223,0.00014400000509340316,0.00012799999967683107,0.00014400000509340316,4
2023-08-18,0.00013000000035390258,0.0001340000017080456,0.0001289999927394092,0.00013299999409355223,4
2023-08-19,0.00013099999341648072,0.00013099999341648072,0.0001289999927394092,0.00013000000035390258,4
2023-08-20,0.00013099999341648072,0.00013099999341648072,0.00013000000035390258,0.00013099999341648072,4
2023-08-21,0.00013099999341648072,0.00013099999341648072,0.00013000000035390258,0.00013099999341648072,4
2023-08-22,0.00013000000035390258,0.00013099999341648072,0.00012799999967683107,0.00013099999341648072,4
2023-08-23,0.0001320000010309741,0.0001340000017080456,0.0001289999927394092,0.00013000000035390258,4
2023-08-24,0.00013099999341648072,0.00013299999409355223,0.00013000000035390258,0.0001320000010309741,4
2023-08-25,0.000155999994603917,0.00015700000221841037,0.00013099999341648072,0.00013099999341648072,12
2023-08-26,0.000155999994603917,0.00015700000221841037,0.000155999994603917,0.000155999994603917,12
2023-08-27,0.00015700000221841037,0.00015700000221841037,0.000155999994603917,0.000155999994603917,12
2023-08-28,0.00015700000221841037,0.00015700000221841037,0.00015500000154133886,0.00015700000221841037,12
2023-08-29,0.00016599999798927456,0.00016799999866634607,0.000155999994603917,0.00015700000221841037,12
2023-08-30,0.00016399999731220305,0.00016599999798927456,0.0001630000042496249,0.00016599999798927456,12
2023-08-31,0.000155999994603917,0.00016500000492669642,0.00015500000154133886,0.00016399999731220305,12
2023-09-01,0.00015500000154133886,0.00015700000221841037,0.00015300000086426735,0.000155999994603917,12
2023-09-02,0.00015500000154133886,0.000155999994603917,0.00015500000154133886,0.00015500000154133886,12
2023-09-03,0.000155999994603917,0.000155999994603917,0.00015500000154133886,0.00015500000154133886,12
2023-09-04,0.00015500000154133886,0.000155999994603917,0.0001539999939268455,0.000155999994603917,12
2023-09-05,0.00015500000154133886,0.00015500000154133886,0.0001539999939268455,0.00015500000154133886,12
2023-09-06,0.00015500000154133886,0.000155999994603917,0.00015300000086426735,0.00015500000154133886,11
2023-09-07,0.00015700000221841037,0.00015799999528098851,0.0001539999939268455,0.00015500000154133886,12
2023-09-08,0.000155999994603917,0.00015799999528098851,0.0001539999939268455,0.00015700000221841037,12
2023-09-09,0.00015500000154133886,0.000155999994603917,0.00015500000154133886,0.000155999994603917,12
2023-09-10,0.00015500000154133886,0.000155999994603917,0.0001539999939268455,0.00015500000154133886,12
2023-09-11,0.00015100000018719584,0.00015500000154133886,0.0001500000071246177,0.00015500000154133886,11
2023-09-12,0.00015500000154133886,0.00015799999528098851,0.00015100000018719584,0.00015100000018719584,12
2023-09-13,0.00015700000221841037,0.00015799999528098851,0.00015500000154133886,0.00015500000154133886,12
2023-09-14,0.00015900000289548188,0.00015999999595806003,0.00015700000221841037,0.00015700000221841037,12
2023-09-15,0.00015999999595806003,0.0001610000035725534,0.00015799999528098851,0.00015900000289548188,12
2023-09-16,0.00015900000289548188,0.0001610000035725534,0.00015900000289548188,0.00015999999595806003,12
2023-09-17,0.00015900000289548188,0.00015999999595806003,0.00015900000289548188,0.00015900000289548188,12
2023-09-18,0.0001610000035725534,0.00016399999731220305,0.00015900000289548188,0.00015900000289548188,12
2023-09-19,0.0001630000042496249,0.00016500000492669642,0.00015999999595806003,0.0001610000035725534,12
2023-09-20,0.0001630000042496249,0.00016399999731220305,0.0001610000035725534,0.0001630000042496249,12
2023-09-21,0.00015900000289548188,0.0001630000042496249,0.00015900000289548188,0.0001630000042496249,12
2023-09-22,0.00015999999595806003,0.00015999999595806003,0.00015900000289548188,0.00015900000289548188,12
2023-09-23,0.00015999999595806003,0.00015999999595806003,0.00015900000289548188,0.00015999999595806003,12
2023-09-24,0.00015799999528098851,0.00015999999595806003,0.00015799999528098851,0.00015999999595806003,12
2023-09-25,0.00015799999528098851,0.00015799999528098851,0.000155999994603917,0.00015799999528098851,12
2023-09-26,0.00015700000221841037,0.00015799999528098851,0.00015700000221841037,0.00015799999528098851,12
2023-09-27,0.00015799999528098851,0.0001610000035725534,0.00015700000221841037,0.00015700000221841037,12
2023-09-28,0.00016199999663513154,0.0001630000042496249,0.00015799999528098851,0.00015799999528098851,12
2023-09-29,0.00016199999663513154,0.0001630000042496249,0.0001610000035725534,0.00016199999663513154,12
2023-09-30,0.00016199999663513154,0.0001630000042496249,0.0001610000035725534,0.00016199999663513154,12
2023-10-01,0.00016799999866634607,0.00016799999866634607,0.00016199999663513154,0.00016199999663513154,12
2023-10-02,0.00016500000492669642,0.00017100000695791095,0.00016500000492669642,0.00016799999866634607,12
2023-10-03,0.00016500000492669642,0.00016599999798927456,0.0001630000042496249,0.00016500000492669642,12
2023-10-04,0.00016700000560376793,0.00016700000560376793,0.00016399999731220305,0.00016500000492669642,12
2023-10-05,0.00016500000492669642,0.00016799999866634607,0.00016399999731220305,0.00016700000560376793,12
2023-10-06,0.00016799999866634607,0.00016900000628083944,0.00016399999731220305,0.00016500000492669642,12
2023-10-07,0.00016799999866634607,0.00016799999866634607,0.00016700000560376793,0.00016799999866634607,12
2023-10-08,0.00016799999866634607,0.00016900000628083944,0.00016700000560376793,0.00016799999866634607,12
2023-10-09,0.00016599999798927456,0.00016799999866634607,0.00016399999731220305,0.00016799999866634607,12
2023-10-10,0.00016399999731220305,0.00016599999798927456,0.00016399999731220305,0.00016599999798927456,12
2023-10-11,0.0001610000035725534,0.00016500000492669642,0.00015999999595806003,0.00016399999731220305,12
2023-10-12,0.0001610000035725534,0.00016199999663513154,0.00015999999595806003,0.0001610000035725534,12
2023-10-13,0.0001610000035725534,0.0001630000042496249,0.00015999999595806003,0.0001610000035725534,12
2023-10-14,0.0001610000035725534,0.00016199999663513154,0.0001610000035725534,0.0001610000035725534,12
2023-10-15,0.0001630000042496249,0.00016399999731220305,0.0001610000035725534,0.0001610000035725534,12
2023-10-16,0.00017100000695791095,0.00017600000137463212,0.0001630000042496249,0.0001630000042496249,13
2023-10-17,0.00017100000695791095,0.0001720000000204891,0.00016900000628083944,0.00017100000695791095,13
2023-10-18,0.00016999999934341758,0.00017299999308306724,0.00016900000628083944,0.00017100000695791095,13
2023-10-19,0.0001720000000204891,0.00017299999308306724,0.00016900000628083944,0.00016999999934341758,13
2023-10-20,0.00017800000205170363,0.00018000000272877514,0.0001720000000204891,0.0001720000000204891,13
2023-10-21,0.00018000000272877514,0.00018099999579135329,0.00017699999443721026,0.00017800000205170363,13
2023-10-22,0.00018000000272877514,0.00018099999579135329,0.00017899999511428177,0.00018000000272877514,13
2023-10-23,0.00019799999427050352,0.00020399999630171806,0.00018099999579135329,0.00018099999579135329,15
2023-10-24,0.00020300000323913991,0.0002099999983329326,0.00019700000120792538,0.00019799999427050352,15
2023-10-25,0.00020700000459328294,0.0002099999983329326,0.00020300000323913991,0.00020300000323913991,15
2023-10-26,0.00020500000391621143,0.00020900000527035445,0.00020300000323913991,0.00020700000459328294,15
2023-10-27,0.00020300000323913991,0.00020500000391621143,0.0002010000025620684,0.00020500000391621143,15
2023-10-28,0.00020500000391621143,0.00020599999697878957,0.00020300000323913991,0.00020300000323913991,15
2023-10-29,0.00020700000459328294,0.00020799999765586108,0.00020399999630171806,0.00020500000391621143,15
2023-10-30,0.00020700000459328294,0.00020900000527035445,0.00020500000391621143,0.00020700000459328294,15
2023-10-31,0.00020799999765586108,0.00020799999765586108,0.00020500000391621143,0.00020700000459328294,15
2023-11-01,0.00021300000662449747,0.00021300000662449747,0.00020500000391621143,0.00020799999765586108,16
2023-11-02,0.0002099999983329326,0.00021499999274965376,0.00020700000459328294,0.00021300000662449747,16
2023-11-03,0.00020799999765586108,0.0002099999983329326,0.00020500000391621143,0.0002099999983329326,15
2023-11-04,0.00021100000594742596,0.0002119999990100041,0.00020799999765586108,0.00020799999765586108,16
2023-11-05,0.0002099999983329326,0.0002119999990100041,0.00020799999765586108,0.00021100000594742596,16
2023-11-06,0.0002099999983329326,0.0002119999990100041,0.00020900000527035445,0.0002099999983329326,16
2023-11-07,0.00021300000662449747,0.00021499999274965376,0.00020799999765586108,0.0002099999983329326,16
2023-11-08,0.00021399999968707561,0.00021600000036414713,0.00021100000594742596,0.00021300000662449747,16
2023-11-09,0.00022000000171829015,0.00022699999681208283,0.00021399999968707561,0.00021399999968707561,16
2023-11-10,0.00022400000307243317,0.00022499999613501132,0.00021800000104121864,0.00022000000171829015,17
2023-11-11,0.0002229999954579398,0.00022400000307243317,0.0002209999947808683,0.00022400000307243317,17
2023-11-12,0.00022200000239536166,0.0002229999954579398,0.0002209999947808683,0.0002229999954579398,17
2023-11-13,0.00021899999410379678,0.00022400000307243317,0.00021899999410379678,0.00022200000239536166,16
2023-11-14,0.00021300000662449747,0.0002209999947808683,0.00021100000594742596,0.00021899999410379678,16
2023-11-15,0.00022699999681208283,0.00022699999681208283,0.0002119999990100041,0.00021300000662449747,17
2023-11-16,0.00021699999342672527,0.00022699999681208283,0.00021399999968707561,0.00022699999681208283,16
2023-11-17,0.00021899999410379678,0.00022000000171829015,0.00021600000036414713,0.00021699999342672527,16
2023-11-18,0.00022000000171829015,0.0002209999947808683,0.00021699999342672527,0.00021899999410379678,16
2023-11-19,0.00022400000307243317,0.00022499999613501132,0.00021899999410379678,0.00022000000171829015,17
2023-11-20,0.00022499999613501132,0.00022600000374950469,0.00022200000239536166,0.00022400000307243317,17
2023-11-21,0.00021499999274965376,0.00022600000374950469,0.00021499999274965376,0.00022499999613501132,16
2023-11-22,0.00022499999613501132,0.00022699999681208283,0.00021499999274965376,0.00021499999274965376,17
2023-11-23,0.00022400000307243317,0.00022600000374950469,0.00022200000239536166,0.00022499999613501132,17
2023-11-24,0.00022699999681208283,0.0002300000051036477,0.00022400000307243317,0.00022400000307243317,17
2023-11-25,0.00022699999681208283,0.00022699999681208283,0.00022600000374950469,0.00022699999681208283,17
2023-11-26,0.0002849999873433262,0.00028700000257231295,0.0002229999954579398,0.00022699999681208283,8
2023-11-27,0.0013340000296011567,0.0013770000077784061,0.00027799999224953353,0.0002849999873433262,83
2023-11-28,0.0013549999566748738,0.001370999962091446,0.0013210000470280647,0.0013340000296011567,84
2023-11-29,0.0013549999566748738,0.0013719999697059393,0.001348000019788742,0.0013549999566748738,84
2023-11-30,0.0013510000426322222,0.0013650000328198075,0.001344999996945262,0.0013549999566748738,84
2023-12-01,0.0013859999598935246,0.0013920000055804849,0.0013470000121742487,0.0013510000426322222,86
2023-12-02,0.00019700000120792538,0.0014189999783411622,0.00019700000120792538,0.0013859999598935246,18
2023-12-03,0.00019999999494757503,0.00019999999494757503,0.00019700000120792538,0.00019700000120792538,18
2023-12-04,0.0002099999983329326,0.00021100000594742596,0.00019999999494757503,0.00019999999494757503,19
2023-12-05,0.0002209999947808683,0.00022200000239536166,0.00020700000459328294,0.0002099999983329326,20
2023-12-06,0.00021899999410379678,0.0002209999947808683,0.00021800000104121864,0.0002209999947808683,20
2023-12-07,0.00021699999342672527,0.00022000000171829015,0.00021499999274965376,0.00021899999410379678,19
2023-12-08,0.0002209999947808683,0.0002229999954579398,0.00021600000036414713,0.00021699999342672527,20
2023-12-09,0.00021899999410379678,0.00022200000239536166,0.00021800000104121864,0.0002209999947808683,20
2023-12-10,0.00021899999410379678,0.00022000000171829015,0.00021800000104121864,0.00021899999410379678,20
2023-12-11,0.00020599999697878957,0.00021899999410379678,0.00020199999562464654,0.00021899999410379678,19
2023-12-12,0.00020700000459328294,0.0002099999983329326,0.00020399999630171806,0.00020599999697878957,19
2023-12-13,0.00021499999274965376,0.00021699999342672527,0.00020399999630171806,0.00020700000459328294,19
2023-12-14,0.00021499999274965376,0.00021699999342672527,0.0002099999983329326,0.00021499999274965376,19
2023-12-15,0.0002099999983329326,0.00021499999274965376,0.00020900000527035445,0.00021499999274965376,19
2023-12-16,0.00021100000594742596,0.00021300000662449747,0.00020900000527035445,0.0002099999983329326,19
2023-12-17,0.00020700000459328294,0.0002119999990100041,0.00020700000459328294,0.00021100000594742596,19
2023-12-18,0.00021300000662449747,0.00021300000662449747,0.00020300000323913991,0.00020700000459328294,19
2023-12-19,0.0002119999990100041,0.00021600000036414713,0.00020900000527035445,0.00021300000662449747,19
2023-12-20,0.00021800000104121864,0.0002209999947808683,0.00021100000594742596,0.0002119999990100041,20
2023-12-21,0.00021899999410379678,0.0002209999947808683,0.00021699999342672527,0.00021800000104121864,20
2023-12-22,0.00022000000171829015,0.00022200000239536166,0.00021699999342672527,0.00021899999410379678,20
2023-12-23,0.00021899999410379678,0.00022000000171829015,0.00021699999342672527,0.00022000000171829015,20
2023-12-24,0.00021499999274965376,0.00022000000171829015,0.00021399999968707561,0.00021899999410379678,19
2023-12-25,0.00021800000104121864,0.00021899999410379678,0.00021399999968707561,0.00021499999274965376,20
2023-12-26,0.00021300000662449747,0.00021800000104121864,0.00020900000527035445,0.00021800000104121864,19
2023-12-27,0.00021699999342672527,0.00021800000104121864,0.00021100000594742596,0.00021300000662449747,19
2023-12-28,0.00021300000662449747,0.00021899999410379678,0.0002119999990100041,0.00021699999342672527,19
2023-12-29,0.00021100000594742596,0.00021499999274965376,0.00020799999765586108,0.00021300000662449747,19
2023-12-30,0.00021100000594742596,0.00021300000662449747,0.00020799999765586108,0.00021100000594742596,19
2023-12-31,0.00021100000594742596,0.00021399999968707561,0.0002099999983329326,0.00021100000594742596,19
2024-01-01,0.0002209999947808683,0.0002209999947808683,0.00021100000594742596,0.0002119999990100041,20
2024-01-02,0.00022499999613501132,0.00022899999748915434,0.0002209999947808683,0.0002209999947808683,20
2024-01-03,0.00021399999968707561,0.00022699999681208283,0.00020900000527035445,0.00022499999613501132,19
2024-01-04,0.0002209999947808683,0.00022400000307243317,0.00021399999968707561,0.00021399999968707561,20
2024-01-05,0.0002209999947808683,0.00022200000239536166,0.00021600000036414713,0.0002209999947808683,20
2024-01-06,0.00022000000171829015,0.0002209999947808683,0.00021699999342672527,0.0002209999947808683,20
2024-01-07,0.00022000000171829015,0.00022200000239536166,0.00021800000104121864,0.00022000000171829015,20
2024-01-08,0.00023499999952036887,0.00023600000713486224,0.00021600000036414713,0.00022000000171829015,21
2024-01-09,0.00018899999849963933,0.00024300000222865492,0.00018600000475998968,0.00023499999952036887,60
2024-01-10,0.00019099999917671084,0.00019500000053085387,0.00018400000408291817,0.00018899999849963933,61
2024-01-11,0.0001900000061141327,0.00019999999494757503,0.00018699999782256782,0.00019099999917671084,61
2024-01-12,0.00017600000137463212,0.00019099999917671084,0.0001720000000204891,0.0001900000061141327,56
2024-01-13,0.00017600000137463212,0.00017699999443721026,0.0001740000006975606,0.00017600000137463212,56
2024-01-14,0.00017100000695791095,0.00017699999443721026,0.00017100000695791095,0.00017600000137463212,55
2024-01-15,0.0001740000006975606,0.00017800000205170363,0.00017100000695791095,0.00017100000695791095,56
2024-01-16,0.00017699999443721026,0.00017899999511428177,0.00017299999308306724,0.0001740000006975606,56
2024-01-17,0.00017499999376013875,0.00017699999443721026,0.00017299999308306724,0.00017699999443721026,56
2024-01-18,0.00016900000628083944,0.00017600000137463212,0.00016700000560376793,0.00017499999376013875,54
2024-01-19,0.00017100000695791095,0.00017299999308306724,0.00016500000492669642,0.00016900000628083944,55
2024-01-20,0.00017100000695791095,0.0001720000000204891,0.00016999999934341758,0.00017100000695791095,55
2024-01-21,0.00016999999934341758,0.0001720000000204891,0.00016999999934341758,0.00017100000695791095,54
2024-01-22,0.00016199999663513154,0.00017100000695791095,0.00016199999663513154,0.00016999999934341758,52
2024-01-23,0.0001630000042496249,0.00016500000492669642,0.00015799999528098851,0.00016199999663513154,52
2024-01-24,0.00016399999731220305,0.00016599999798927456,0.00016199999663513154,0.0001630000042496249,53
2024-01-25,0.00016399999731220305,0.00016500000492669642,0.00016199999663513154,0.00016399999731220305,10
2024-01-26,0.00017100000695791095,0.0001720000000204891,0.0001630000042496249,0.00016399999731220305,11
2024-01-27,0.00017299999308306724,0.00017299999308306724,0.00016999999934341758,0.00017100000695791095,11
2024-01-28,0.0001720000000204891,0.00017499999376013875,0.00017100000695791095,0.00017299999308306724,11
2024-01-29,0.00017699999443721026,0.00017800000205170363,0.0001720000000204891,0.0001720000000204891,11
2024-01-30,0.00017600000137463212,0.00018000000272877514,0.00017499999376013875,0.00017699999443721026,11
2024-01-31,0.00017499999376013875,0.00017899999511428177,0.0001740000006975606,0.00017600000137463212,11
2024-02-01,0.00017699999443721026,0.00017699999443721026,0.0001720000000204891,0.00017499999376013875,11
2024-02-02,0.00017699999443721026,0.00017800000205170363,0.00017499999376013875,0.00017699999443721026,11
2024-02-03,0.00017600000137463212,0.00017800000205170363,0.00017600000137463212,0.00017699999443721026,11
2024-02-04,0.00017499999376013875,0.00017699999443721026,0.0001740000006975606,0.00017600000137463212,11
2024-02-05,0.00017499999376013875,0.00017800000205170363,0.00017299999308306724,0.00017499999376013875,11
2024-02-06,0.00017699999443721026,0.00017800000205170363,0.0001740000006975606,0.00017499999376013875,11
2024-02-07,0.00018200000340584666,0.00018200000340584666,0.00017499999376013875,0.00017699999443721026,12
2024-02-08,0.00018600000475998968,0.00018699999782256782,0.00018200000340584666,0.00018200000340584666,12
2024-02-09,0.00019299999985378236,0.00019700000120792538,0.00018600000475998968,0.00018600000475998968,12
2024-02-10,0.000195999993593432,0.00019700000120792538,0.00019200000679120421,0.00019299999985378236,13
2024-02-11,0.00019799999427050352,0.0001990000018849969,0.00019500000053085387,0.000195999993593432,13
2024-02-12,0.00020500000391621143,0.00020599999697878957,0.000195999993593432,0.00019799999427050352,22
2024-02-13,0.00020399999630171806,0.00020599999697878957,0.0001990000018849969,0.00020500000391621143,22
2024-02-14,0.00021300000662449747,0.00021300000662449747,0.00020199999562464654,0.00020399999630171806,23
2024-02-15,0.00021300000662449747,0.00021600000036414713,0.00021100000594742596,0.00021300000662449747,23
2024-02-16,0.00021399999968707561,0.00021499999274965376,0.0002119999990100041,0.00021300000662449747,7
2024-02-17,0.0002119999990100041,0.00021399999968707561,0.00020799999765586108,0.00021399999968707561,7
2024-02-18,0.00021399999968707561,0.00021499999274965376,0.0002099999983329326,0.0002119999990100041,7
2024-02-19,0.0002119999990100041,0.00021499999274965376,0.0002119999990100041,0.00021399999968707561,7
2024-02-20,0.00021399999968707561,0.00021699999342672527,0.00020900000527035445,0.0002119999990100041,7
2024-02-21,0.00021300000662449747,0.00021499999274965376,0.00020799999765586108,0.00021399999968707561,7
2024-02-22,0.0002099999983329326,0.00021300000662449747,0.00020900000527035445,0.00021300000662449747,7
2024-02-23,0.00020799999765586108,0.00021100000594742596,0.00020799999765586108,0.0002099999983329326,0
2024-02-24,0.00021100000594742596,0.0002119999990100041,0.00020700000459328294,0.00020799999765586108,7
2024-02-25,0.0002119999990100041,0.00021300000662449747,0.0002099999983329326,0.00021100000594742596,7
2024-02-26,0.0002229999954579398,0.00022499999613501132,0.00020900000527035445,0.0002119999990100041,8
2024-02-27,0.00023400000645779073,0.00023600000713486224,0.0002229999954579398,0.0002229999954579398,8
2024-02-28,0.00040600000647827983,0.0004070000140927732,0.00023299999884329736,0.00023400000645779073,7
2024-02-29,0.0002699999895412475,0.00040600000647827983,0.00025400001322850585,0.00040600000647827983,39
2024-03-01,0.0002749999985098839,0.00027799999224953353,0.0002680000034160912,0.0002699999895412475,39
2024-03-02,0.0002730000123847276,0.0002749999985098839,0.00027099999715574086,0.0002749999985098839,39
2024-03-03,0.00027799999224953353,0.00027799999224953353,0.0002699999895412475,0.0002730000123847276,40
2024-03-04,0.0003009999927598983,0.0003009999927598983,0.00027600000612437725,0.00027799999224953353,43
2024-03-05,0.00019200000679120421,0.00030300000798888505,0.0001829999964684248,0.0003009999927598983,98
2024-03-06,0.00019799999427050352,0.00020300000323913991,0.00018899999849963933,0.00019200000679120421,102
2024-03-07,0.00021399999968707561,0.00021800000104121864,0.00019700000120792538,0.00019799999427050352,9
2024-03-08,0.00021899999410379678,0.0002229999954579398,0.0002119999990100041,0.00021399999968707561,9
2024-03-09,0.00021899999410379678,0.00022000000171829015,0.00021800000104121864,0.00021899999410379678,9
2024-03-10,0.00022000000171829015,0.00022400000307243317,0.00021899999410379678,0.00021899999410379678,9
2024-03-11,0.00023099999816622585,0.00023299999884329736,0.00021699999342672527,0.00022000000171829015,9
2024-03-12,0.00022899999748915434,0.00023200000578071922,0.00022200000239536166,0.00023099999816622585,9
2024-03-13,0.00023400000645779073,0.00023600000713486224,0.0002280000044265762,0.00022899999748915434,9
2024-03-14,0.00022899999748915434,0.00023600000713486224,0.00022000000171829015,0.00023400000645779073,9
2024-03-15,0.00022200000239536166,0.00023099999816622585,0.0002119999990100041,0.00022899999748915434,9
2024-03-16,0.00020900000527035445,0.00022400000307243317,0.00020799999765586108,0.00022200000239536166,8
2024-03-17,0.00021899999410379678,0.00022000000171829015,0.00020700000459328294,0.00020900000527035445,9
2024-03-18,0.00021699999342672527,0.00022000000171829015,0.00021300000662449747,0.00021899999410379678,9
2024-03-19,0.00019799999427050352,0.00021800000104121864,0.00019700000120792538,0.00021699999342672527,8
2024-03-20,0.00021699999342672527,0.00021800000104121864,0.00019500000053085387,0.00019799999427050352,9
2024-03-21,0.0002099999983329326,0.00021800000104121864,0.00020799999765586108,0.00021699999342672527,8
2024-03-22,0.00020300000323913991,0.00021300000662449747,0.00019999999494757503,0.0002099999983329326,8
2024-03-23,0.00020500000391621143,0.00021100000594742596,0.00020199999562464654,0.00020300000323913991,8
2024-03-24,0.00021499999274965376,0.00021600000036414713,0.00020399999630171806,0.00020500000391621143,9
2024-03-25,0.00022400000307243317,0.00022699999681208283,0.00021300000662449747,0.00021499999274965376,9
2024-03-26,0.00022400000307243317,0.00022899999748915434,0.00022200000239536166,0.00022400000307243317,9
2024-03-27,0.0002229999954579398,0.00022899999748915434,0.00021899999410379678,0.00022400000307243317,9
2024-03-28,0.00022600000374950469,0.00022899999748915434,0.0002209999947808683,0.0002229999954579398,9
2024-03-29,0.00022400000307243317,0.00022699999681208283,0.0002209999947808683,0.00022600000374950469,9
2024-03-30,0.0002229999954579398,0.00022499999613501132,0.0002229999954579398,0.00022400000307243317,9
2024-03-31,0.0002280000044265762,0.0002280000044265762,0.0002229999954579398,0.0002229999954579398,9
2024-04-01,0.0002229999954579398,0.0002280000044265762,0.00021800000104121864,0.0002280000044265762,9
2024-04-02,0.00020900000527035445,0.0002229999954579398,0.00020700000459328294,0.0002229999954579398,8
2024-04-03,0.00021100000594742596,0.00021399999968707561,0.00020700000459328294,0.00020900000527035445,9
2024-04-04,0.00021899999410379678,0.0002209999947808683,0.00020799999765586108,0.00021100000594742596,9
2024-04-05,0.00021699999342672527,0.00022000000171829015,0.0002119999990100041,0.00021899999410379678,9
2024-04-06,0.0002209999947808683,0.0002229999954579398,0.00021600000036414713,0.00021699999342672527,9
2024-04-07,0.00022200000239536166,0.00022499999613501132,0.00022000000171829015,0.0002209999947808683,9
2024-04-08,0.00026500000967644155,0.00026699999580159783,0.0002209999947808683,0.00022200000239536166,8
2024-04-09,0.00020799999765586108,0.0018019999843090773,0.00020700000459328294,0.00026500000967644155,334
2024-04-10,0.0002119999990100041,0.0018119999440386891,0.00020399999630171806,0.00020799999765586108,18
2024-04-11,0.0002099999983329326,0.00021399999968707561,0.00020900000527035445,0.0002119999990100041,18
2024-04-12,0.00020199999562464654,0.00021399999968707561,0.00019799999427050352,0.0002099999983329326,17
2024-04-13,0.00019200000679120421,0.00020399999630171806,0.0001849999971454963,0.00020199999562464654,17
2024-04-14,0.00019700000120792538,0.00019700000120792538,0.00018699999782256782,0.00019200000679120421,17
2024-04-15,0.0001900000061141327,0.00019999999494757503,0.0001880000054370612,0.00019700000120792538,16
2024-04-16,0.00019099999917671084,0.00019299999985378236,0.0001849999971454963,0.0001900000061141327,16
2024-04-17,0.00018400000408291817,0.00019299999985378236,0.00018000000272877514,0.00019099999917671084,16
2024-04-18,0.0001900000061141327,0.00019200000679120421,0.0001829999964684248,0.00018400000408291817,16
2024-04-19,0.00019200000679120421,0.000195999993593432,0.00018000000272877514,0.0001900000061141327,17
2024-04-20,0.00019500000053085387,0.000195999993593432,0.0001900000061141327,0.00019200000679120421,17
2024-04-21,0.00019500000053085387,0.00019700000120792538,0.00019299999985378236,0.00019500000053085387,17
2024-04-22,0.00019999999494757503,0.00020199999562464654,0.0001939999929163605,0.00019500000053085387,17
2024-04-23,0.00019999999494757503,0.00020199999562464654,0.00019799999427050352,0.00019999999494757503,13
2024-04-24,0.00019299999985378236,0.00020199999562464654,0.00019200000679120421,0.00019999999494757503,13
2024-04-25,0.0001939999929163605,0.000195999993593432,0.00018899999849963933,0.00019299999985378236,13
2024-04-26,0.00019200000679120421,0.00019500000053085387,0.00019099999917671084,0.0001939999929163605,13
2024-04-27,0.0001900000061141327,0.00019200000679120421,0.0001880000054370612,0.00019200000679120421,9
2024-04-28,0.00018899999849963933,0.00019299999985378236,0.00018899999849963933,0.0001900000061141327,35
2024-04-29,0.00019099999917671084,0.00019200000679120421,0.00018600000475998968,0.00018899999849963933,35
2024-04-30,0.00018200000340584666,0.0001939999929163605,0.00017899999511428177,0.00019099999917671084,33
2024-05-01,0.00017499999376013875,0.00018200000340584666,0.00016999999934341758,0.00018200000340584666,32
2024-05-02,0.00017699999443721026,0.00017899999511428177,0.00017100000695791095,0.00017499999376013875,32
2024-05-03,0.00018899999849963933,0.0001900000061141327,0.00017699999443721026,0.00017699999443721026,34
2024-05-04,0.00019200000679120421,0.00019299999985378236,0.0001880000054370612,0.00018899999849963933,35
2024-05-05,0.00019200000679120421,0.0001939999929163605,0.00018899999849963933,0.00019200000679120421,35
2024-05-06,0.0001900000061141327,0.000195999993593432,0.00018899999849963933,0.00019200000679120421,35
2024-05-07,0.00018699999782256782,0.00019299999985378236,0.00018699999782256782,0.0001900000061141327,34
2024-05-08,0.00018400000408291817,0.00018899999849963933,0.0001829999964684248,0.00018699999782256782,33
2024-05-09,0.00018899999849963933,0.0001900000061141327,0.00018200000340584666,0.00018400000408291817,35
2024-05-10,0.00018200000340584666,0.0001900000061141327,0.00018099999579135329,0.00018899999849963933,33
2024-05-11,0.00018200000340584666,0.00018400000408291817,0.00018200000340584666,0.00018200000340584666,33
2024-05-12,0.0001849999971454963,0.0001849999971454963,0.00018200000340584666,0.00018200000340584666,34
2024-05-13,0.00018899999849963933,0.0001900000061141327,0.00018200000340584666,0.0001849999971454963,34
2024-05-14,0.0001849999971454963,0.00018899999849963933,0.0001829999964684248,0.00018899999849963933,34
2024-05-15,0.0001990000018849969,0.0001990000018849969,0.00018400000408291817,0.0001849999971454963,36
2024-05-16,0.000195999993593432,0.00019999999494757503,0.0001939999929163605,0.0001990000018849969,36
2024-05-17,0.0002010000025620684,0.00020199999562464654,0.00019500000053085387,0.000195999993593432,37
2024-05-18,0.0002010000025620684,0.00020199999562464654,0.00019999999494757503,0.0002010000025620684,37
2024-05-19,0.0001990000018849969,0.00020300000323913991,0.00019799999427050352,0.0002010000025620684,36
2024-05-20,0.00021399999968707561,0.00021399999968707561,0.00019799999427050352,0.0001990000018849969,39
2024-05-21,0.00021100000594742596,0.00021499999274965376,0.00020799999765586108,0.00021399999968707561,38
2024-05-22,0.00020799999765586108,0.0002119999990100041,0.00020700000459328294,0.00021100000594742596,38
2024-05-23,0.00020399999630171806,0.0002099999983329326,0.00019999999494757503,0.00020799999765586108,37
2024-05-24,0.00013699999544769526,0.0015899999998509884,0.00013699999544769526,0.00020399999630171806,49
2024-05-25,0.00013899999612476677,0.00013899999612476677,0.00013699999544769526,0.00013699999544769526,50
2024-05-26,0.00013699999544769526,0.00013899999612476677,0.00013699999544769526,0.00013899999612476677,49
2024-05-27,0.00013899999612476677,0.00014099999680183828,0.00013699999544769526,0.00013699999544769526,50
2024-05-28,0.00013699999544769526,0.00013899999612476677,0.00013499999477062374,0.00013899999612476677,49
2024-05-29,0.00013499999477062374,0.00013800000306218863,0.0001340000017080456,0.00013699999544769526,48
2024-05-30,0.00013699999544769526,0.00013899999612476677,0.0001340000017080456,0.00013499999477062374,49
2024-05-31,0.00013499999477062374,0.00013800000306218863,0.00013299999409355223,0.00013699999544769526,48
2024-06-01,0.00013499999477062374,0.00013600000238511711,0.00013499999477062374,0.00013499999477062374,49
2024-06-02,0.00013499999477062374,0.00013699999544769526,0.00013499999477062374,0.00013499999477062374,12
2024-06-03,0.00013800000306218863,0.00014000000373926014,0.00013499999477062374,0.00013499999477062374,13
2024-06-04,0.00014099999680183828,0.00014200000441633165,0.00013699999544769526,0.00013800000306218863,13
2024-06-05,0.00014200000441633165,0.0001429999974789098,0.00014099999680183828,0.00014099999680183828,13
2024-06-06,0.00014200000441633165,0.0001429999974789098,0.00014000000373926014,0.00014200000441633165,13
2024-06-07,0.00013899999612476677,0.00014400000509340316,0.00013699999544769526,0.00014200000441633165,13
2024-06-08,0.00013899999612476677,0.00013899999612476677,0.00013800000306218863,0.00013899999612476677,13
2024-06-09,0.00013899999612476677,0.00014000000373926014,0.00013800000306218863,0.00013899999612476677,13
2024-06-10,0.00013899999612476677,0.00014000000373926014,0.00013899999612476677,0.00013899999612476677,13
2024-06-11,0.00013499999477062374,0.00013899999612476677,0.0001320000010309741,0.00013899999612476677,12
2024-06-12,0.00013600000238511711,0.00014000000373926014,0.0001340000017080456,0.00013499999477062374,13
2024-06-13,0.0001340000017080456,0.00013699999544769526,0.00013299999409355223,0.00013600000238511711,12
2024-06-14,0.0001320000010309741,0.00013499999477062374,0.00013000000035390258,0.0001340000017080456,12
2024-06-15,0.0001320000010309741,0.00013299999409355223,0.0001320000010309741,0.0001320000010309741,12
2024-06-16,0.00013299999409355223,0.0001340000017080456,0.0001320000010309741,0.0001320000010309741,12
2024-06-17,0.00013299999409355223,0.0001340000017080456,0.00013000000035390258,0.00013299999409355223,12
2024-06-18,0.00013000000035390258,0.00013299999409355223,0.00012799999967683107,0.00013299999409355223,12
2024-06-19,0.00013000000035390258,0.00013099999341648072,0.0001289999927394092,0.00013000000035390258,12
2024-06-20,0.00013000000035390258,0.00013299999409355223,0.0001289999927394092,0.00013000000035390258,12
2024-06-21,0.00012799999967683107,0.00013000000035390258,0.00012700000661425292,0.00013000000035390258,12
2024-06-22,0.0001289999927394092,0.0001289999927394092,0.00012799999967683107,0.00012799999967683107,12
2024-06-23,0.00012599999899975955,0.0001289999927394092,0.00012599999899975955,0.0001289999927394092,12
2024-06-24,0.00012099999730708078,0.00012700000661425292,0.00011700000322889537,0.00012599999899975955,11
2024-06-25,0.00012399999832268804,0.00012399999832268804,0.00011999999696854502,0.00012099999730708078,11
2024-06-26,0.00012199999764561653,0.0001250000059371814,0.00012099999730708078,0.00012399999832268804,11
2024-06-27,0.0001230000052601099,0.0001250000059371814,0.00012099999730708078,0.00012199999764561653,11
2024-06-28,0.00012099999730708078,0.00012399999832268804,0.00011999999696854502,0.0001230000052601099,11
2024-06-29,0.00012199999764561653,0.00012199999764561653,0.00012099999730708078,0.00012099999730708078,11
2024-06-30,0.0001250000059371814,0.00012599999899975955,0.00012099999730708078,0.00012199999764561653,12
2024-07-01,0.00012599999899975955,0.00012799999967683107,0.0001250000059371814,0.0001250000059371814,12
2024-07-02,0.00012399999832268804,0.00012599999899975955,0.0001230000052601099,0.00012599999899975955,11
2024-07-03,0.00011999999696854502,0.00012399999832268804,0.00011899999663000926,0.00012399999832268804,11
2024-07-04,0.0001140000022132881,0.00012099999730708078,0.0001140000022132881,0.00011999999696854502,11
2024-07-05,0.00011300000187475234,0.00011500000255182385,0.00010800000018207356,0.0001140000022132881,10
2024-07-06,0.00011700000322889537,0.00011700000322889537,0.00011200000153621659,0.00011300000187475234,11
2024-07-07,0.00011200000153621659,0.00011700000322889537,0.00011200000153621659,0.00011700000322889537,10
2024-07-08,0.00011300000187475234,0.00011600000289035961,0.00010900000052060932,0.00011200000153621659,10
2024-07-09,0.00011600000289035961,0.00011600000289035961,0.00011300000187475234,0.00011300000187475234,11
2024-07-10,0.00011500000255182385,0.00011899999663000926,0.0001140000022132881,0.00011600000289035961,11
2024-07-11,0.00011500000255182385,0.00011800000356743112,0.0001140000022132881,0.00011500000255182385,11
2024-07-12,0.00011600000289035961,0.00011700000322889537,0.00011300000187475234,0.00011500000255182385,11
2024-07-13,0.00011800000356743112,0.00011899999663000926,0.00011600000289035961,0.00011600000289035961,11
2024-07-14,0.00012199999764561653,0.0001230000052601099,0.00011800000356743112,0.00011800000356743112,11
2024-07-15,0.00013000000035390258,0.00013000000035390258,0.00012099999730708078,0.00012199999764561653,12
2024-07-16,0.00013000000035390258,0.00013099999341648072,0.0001250000059371814,0.00013000000035390258,12
2024-07-17,0.00012799999967683107,0.0001320000010309741,0.00012799999967683107,0.00013000000035390258,12
2024-07-18,0.00012799999967683107,0.00013000000035390258,0.00012700000661425292,0.00012799999967683107,12
2024-07-19,0.00013299999409355223,0.00013499999477062374,0.00012700000661425292,0.00012799999967683107,12
2024-07-20,0.0001340000017080456,0.00013499999477062374,0.00013299999409355223,0.00013299999409355223,12
2024-07-21,0.00013600000238511711,0.00013699999544769526,0.0001320000010309741,0.0001340000017080456,13
2024-07-22,0.00013499999477062374,0.00013699999544769526,0.00013299999409355223,0.00013600000238511711,12
2024-07-23,0.0001320000010309741,0.00013499999477062374,0.00013099999341648072,0.00013499999477062374,12
2024-07-24,0.00013099999341648072,0.0001340000017080456,0.00013000000035390258,0.0001320000010309741,12
2024-07-25,0.0001320000010309741,0.0001320000010309741,0.00012700000661425292,0.00013099999341648072,12
2024-07-26,0.00013600000238511711,0.00013600000238511711,0.0001320000010309741,0.0001320000010309741,13
2024-07-27,0.00013600000238511711,0.00013899999612476677,0.0001340000017080456,0.00013600000238511711,13
2024-07-28,0.00013699999544769526,0.00013699999544769526,0.0001340000017080456,0.00013600000238511711,13
2024-07-29,0.0001340000017080456,0.00014000000373926014,0.00013299999409355223,0.00013699999544769526,12
2024-07-30,0.0001320000010309741,0.0001340000017080456,0.00013099999341648072,0.0001340000017080456,12
2024-07-31,0.0001289999927394092,0.0001340000017080456,0.0001289999927394092,0.0001320000010309741,12
2024-08-01,0.00013099999341648072,0.00013099999341648072,0.0001250000059371814,0.0001289999927394092,12
2024-08-02,0.0001230000052601099,0.00013099999341648072,0.0001230000052601099,0.00013099999341648072,11
2024-08-03,0.00012099999730708078,0.00012399999832268804,0.00011999999696854502,0.0001230000052601099,11
2024-08-04,0.00011600000289035961,0.00012199999764561653,0.00011500000255182385,0.00012099999730708078,11
2024-08-05,0.00010800000018207356,0.00011600000289035961,9.899999713525176e-05,0.00011600000289035961,10
2024-08-06,0.00011200000153621659,0.0001140000022132881,0.00010800000018207356,0.00010800000018207356,10
2024-08-07,0.00011000000085914508,0.00011500000255182385,0.00010900000052060932,0.00011200000153621659,10
2024-08-08,0.00012399999832268804,0.0001250000059371814,0.00011000000085914508,0.00011000000085914508,11
2024-08-09,0.00012199999764561653,0.00012399999832268804,0.00011899999663000926,0.00012399999832268804,11
2024-08-10,0.00012199999764561653,0.0001230000052601099,0.00012099999730708078,0.00012199999764561653,11
2024-08-11,0.00011800000356743112,0.0001230000052601099,0.00011700000322889537,0.00012199999764561653,11
2024-08-12,0.00011899999663000926,0.00012099999730708078,0.00011500000255182385,0.00011800000356743112,11
2024-08-13,0.00012099999730708078,0.0001230000052601099,0.00011700000322889537,0.00011899999663000926,11
2024-08-14,0.00011800000356743112,0.0001230000052601099,0.00011700000322889537,0.00012099999730708078,11
2024-08-15,0.00011500000255182385,0.00011999999696854502,0.00011300000187475234,0.00011800000356743112,11
2024-08-16,0.00011800000356743112,0.00011999999696854502,0.0001140000022132881,0.00011500000255182385,11
2024-08-17,0.00011899999663000926,0.00011899999663000926,0.00011800000356743112,0.00011800000356743112,11
2024-08-18,0.00011700000322889537,0.00011999999696854502,0.00011700000322889537,0.00011899999663000926,11
2024-08-19,0.00011899999663000926,0.00011899999663000926,0.00011600000289035961,0.00011700000322889537,11
2024-08-20,0.00011800000356743112,0.0001230000052601099,0.00011700000322889537,0.00011899999663000926,11
2024-08-21,0.00012199999764561653,0.0001230000052601099,0.00011800000356743112,0.00011800000356743112,11
2024-08-22,0.00012099999730708078,0.0001230000052601099,0.00011999999696854502,0.00012199999764561653,11
2024-08-23,0.0001289999927394092,0.00013000000035390258,0.00012099999730708078,0.00012099999730708078,10
2024-08-24,0.0001289999927394092,0.00013000000035390258,0.00012799999967683107,0.0001289999927394092,10
2024-08-25,0.0001289999927394092,0.00013000000035390258,0.00012799999967683107,0.0001289999927394092,11
2024-08-26,0.00012599999899975955,0.00013000000035390258,0.00012599999899975955,0.0001289999927394092,10
2024-08-27,0.00011999999696854502,0.00012700000661425292,0.00011800000356743112,0.00012599999899975955,10
2024-08-28,0.00011899999663000926,0.00012099999730708078,0.00011700000322889537,0.00011999999696854502,10
2024-08-29,0.00011899999663000926,0.0001230000052601099,0.00011800000356743112,0.00011899999663000926,10
2024-08-30,0.00011899999663000926,0.00011999999696854502,0.00011700000322889537,0.00011899999663000926,10
2024-08-31,0.00011800000356743112,0.00011899999663000926,0.00011800000356743112,0.00011899999663000926,10
2024-09-01,0.00011500000255182385,0.00011899999663000926,0.00011500000255182385,0.00011800000356743112,9
2024-09-02,0.00011899999663000926,0.00011899999663000926,0.00011500000255182385,0.00011500000255182385,10
2024-09-03,0.00011600000289035961,0.00011999999696854502,0.00011600000289035961,0.00011899999663000926,9
2024-09-04,0.00011700000322889537,0.00011800000356743112,0.00011300000187475234,0.00011600000289035961,9
2024-09-05,0.00011300000187475234,0.00011700000322889537,0.00011200000153621659,0.00011700000322889537,9
2024-09-06,0.00010800000018207356,0.0001140000022132881,0.00010599999950500205,0.00011300000187475234,9
2024-09-07,0.00010900000052060932,0.00011000000085914508,0.00010800000018207356,0.00010800000018207356,9
2024-09-08,0.00011000000085914508,0.00011100000119768083,0.00010800000018207356,0.00010900000052060932,9
2024-09-09,0.00011500000255182385,0.00011600000289035961,0.00011000000085914508,0.00011000000085914508,9
2024-09-10,0.00011600000289035961,0.00011700000322889537,0.0001140000022132881,0.00011500000255182385,9
2024-09-11,0.00011500000255182385,0.00011700000322889537,0.00011200000153621659,0.00011600000289035961,9
2024-09-12,0.00011700000322889537,0.00011700000322889537,0.00011500000255182385,0.00011500000255182385,10
2024-09-13,0.00012199999764561653,0.00012199999764561653,0.00011600000289035961,0.00011700000322889537,10
2024-09-14,0.00012099999730708078,0.00012199999764561653,0.00011999999696854502,0.00012199999764561653,10
2024-09-15,0.00011899999663000926,0.00012099999730708078,0.00011800000356743112,0.00012099999730708078,10
2024-09-16,0.00011700000322889537,0.00011899999663000926,0.00011600000289035961,0.00011899999663000926,10
2024-09-17,0.00012099999730708078,0.0001230000052601099,0.00011600000289035961,0.00011700000322889537,10
2024-09-18,0.00012399999832268804,0.00012399999832268804,0.00011899999663000926,0.00012099999730708078,10
2024-09-19,0.00012700000661425292,0.00012799999967683107,0.00012399999832268804,0.00012399999832268804,10
2024-09-20,0.00012700000661425292,0.0001289999927394092,0.00012599999899975955,0.00012700000661425292,10
2024-09-21,0.00012700000661425292,0.00012799999967683107,0.00012599999899975955,0.00012700000661425292,10
2024-09-22,0.00012799999967683107,0.0001289999927394092,0.0001250000059371814,0.00012700000661425292,10
2024-09-23,0.00012700000661425292,0.00013000000035390258,0.00012599999899975955,0.00012799999967683107,10
2024-09-24,0.0001289999927394092,0.00013000000035390258,0.00012599999899975955,0.00012700000661425292,27
2024-09-25,0.00012700000661425292,0.00013000000035390258,0.00012700000661425292,0.0001289999927394092,27
2024-09-26,0.00013099999341648072,0.0001320000010309741,0.00012599999899975955,0.00012700000661425292,27
2024-09-27,0.0001320000010309741,0.0001340000017080456,0.00013000000035390258,0.00013099999341648072,28
2024-09-28,0.0001320000010309741,0.00013299999409355223,0.0001320000010309741,0.0001320000010309741,28
2024-09-29,0.0001320000010309741,0.00013299999409355223,0.0001320000010309741,0.0001320000010309741,28
2024-09-30,0.00012700000661425292,0.0001320000010309741,0.00012700000661425292,0.0001320000010309741,27
2024-10-01,0.00012199999764561653,0.0001289999927394092,0.00012199999764561653,0.00012700000661425292,26
2024-10-02,0.00012199999764561653,0.0001250000059371814,0.00012099999730708078,0.00012199999764561653,25
2024-10-03,0.00012199999764561653,0.0001230000052601099,0.00012099999730708078,0.00012199999764561653,25
2024-10-04,0.0001250000059371814,0.00012599999899975955,0.00012199999764561653,0.00012199999764561653,26
2024-10-05,0.0001250000059371814,0.0001250000059371814,0.00012399999832268804,0.0001250000059371814,26
2024-10-06,0.00012599999899975955,0.00012599999899975955,0.00012399999832268804,0.0001250000059371814,26
2024-10-07,0.0001250000059371814,0.0001289999927394092,0.0001250000059371814,0.00012599999899975955,26
2024-10-08,0.0001250000059371814,0.00012700000661425292,0.00012399999832268804,0.0001250000059371814,26
2024-10-09,0.00012199999764561653,0.00012599999899975955,0.00012199999764561653,0.0001250000059371814,25
2024-10-10,0.00012099999730708078,0.0001230000052601099,0.00011800000356743112,0.00012199999764561653,25
2024-10-11,0.00012599999899975955,0.00012599999899975955,0.00012099999730708078,0.00012099999730708078,26
2024-10-12,0.00012700000661425292,0.00012799999967683107,0.00012599999899975955,0.00012599999899975955,27
2024-10-13,0.00012599999899975955,0.00012700000661425292,0.0001250000059371814,0.00012700000661425292,26
2024-10-14,0.00013299999409355223,0.0001340000017080456,0.00012599999899975955,0.00012599999899975955,28
2024-10-15,0.00013499999477062374,0.00013600000238511711,0.00013099999341648072,0.00013299999409355223,28
2024-10-16,0.00013600000238511711,0.00013699999544769526,0.0001340000017080456,0.00013499999477062374,28
2024-10-17,0.00013499999477062374,0.00013600000238511711,0.0001340000017080456,0.00013600000238511711,28
2024-10-18,0.00013800000306218863,0.00013899999612476677,0.00013499999477062374,0.00013499999477062374,29
2024-10-19,0.00013699999544769526,0.00013800000306218863,0.00013699999544769526,0.00013800000306218863,29
2024-10-20,0.00013899999612476677,0.00013899999612476677,0.00013699999544769526,0.00013699999544769526,29
2024-10-21,0.00013499999477062374,0.00014000000373926014,0.0001340000017080456,0.00013899999612476677,28
2024-10-22,0.00013499999477062374,0.00013600000238511711,0.0001340000017080456,0.00013499999477062374,28
2024-10-23,0.0001340000017080456,0.00013499999477062374,0.00013099999341648072,0.00013499999477062374,28
2024-10-24,0.00013699999544769526,0.00013800000306218863,0.0001340000017080456,0.0001340000017080456,29
2024-10-25,0.0001340000017080456,0.00013800000306218863,0.0001320000010309741,0.00013699999544769526,28
2024-10-26,0.00013499999477062374,0.00013499999477062374,0.00013299999409355223,0.0001340000017080456,28
2024-10-27,0.00013699999544769526,0.00013699999544769526,0.0001340000017080456,0.00013499999477062374,29
2024-10-28,0.00014000000373926014,0.00014099999680183828,0.00013600000238511711,0.00013699999544769526,29
2024-10-29,0.00014600000577047467,0.00014800000644754618,0.00014000000373926014,0.00014000000373926014,31
2024-10-30,0.0001449999981559813,0.00014600000577047467,0.00014400000509340316,0.00014600000577047467,30
2024-10-31,0.00014099999680183828,0.00014600000577047467,0.00014000000373926014,0.0001449999981559813,29
2024-11-01,0.00014000000373926014,0.00014400000509340316,0.00013800000306218863,0.00014099999680183828,29
2024-11-02,0.00014000000373926014,0.00014000000373926014,0.00013899999612476677,0.00014000000373926014,29
2024-11-03,0.00013800000306218863,0.00014000000373926014,0.00013600000238511711,0.00014000000373926014,29
2024-11-04,0.00013600000238511711,0.00014000000373926014,0.0001340000017080456,0.00013800000306218863,28
2024-11-05,0.00014000000373926014,0.00014200000441633165,0.00013600000238511711,0.00013600000238511711,29
2024-11-06,0.00015199999324977398,0.0001539999939268455,0.00013899999612476677,0.00014000000373926014,32
2024-11-07,0.00015300000086426735,0.0001539999939268455,0.0001500000071246177,0.00015199999324977398,32
2024-11-08,0.0001539999939268455,0.00015500000154133886,0.00015199999324977398,0.00015300000086426735,32
2024-11-09,0.0001539999939268455,0.00015500000154133886,0.00015199999324977398,0.0001539999939268455,32
2024-11-10,0.00016199999663513154,0.0001630000042496249,0.0001539999939268455,0.0001539999939268455,34
2024-11-11,0.00017800000205170363,0.00018000000272877514,0.0001610000035725534,0.00016199999663513154,37
2024-11-12,0.00017699999443721026,0.00018099999579135329,0.00017100000695791095,0.00017800000205170363,37
2024-11-13,0.00018200000340584666,0.00018699999782256782,0.00017299999308306724,0.00017699999443721026,38
2024-11-14,0.00017499999376013875,0.00018400000408291817,0.0001740000006975606,0.00018200000340584666,37
2024-11-15,0.0001829999964684248,0.00018400000408291817,0.00017499999376013875,0.00017499999376013875,38
2024-11-16,0.00018200000340584666,0.00018400000408291817,0.00018099999579135329,0.0001829999964684248,38
2024-11-17,0.00018099999579135329,0.00018400000408291817,0.00017899999511428177,0.00018200000340584666,38
2024-11-18,0.00018200000340584666,0.00018600000475998968,0.00018000000272877514,0.00018099999579135329,38
2024-11-19,0.00018600000475998968,0.00018899999849963933,0.00018200000340584666,0.00018200000340584666,39
2024-11-20,0.00018899999849963933,0.00019099999917671084,0.00018400000408291817,0.00018600000475998968,40
2024-11-21,0.00019799999427050352,0.0001990000018849969,0.00018899999849963933,0.00018899999849963933,41
2024-11-22,0.0001990000018849969,0.00019999999494757503,0.000195999993593432,0.00019799999427050352,42
2024-11-23,0.00019700000120792538,0.0001990000018849969,0.000195999993593432,0.0001990000018849969,41
2024-11-24,0.00019700000120792538,0.00019999999494757503,0.0001900000061141327,0.00019700000120792538,41
2024-11-25,0.00018699999782256782,0.0001990000018849969,0.00018699999782256782,0.00019700000120792538,39
2024-11-26,0.0001849999971454963,0.00019099999917671084,0.0001829999964684248,0.00018699999782256782,39
2024-11-27,0.00019299999985378236,0.000195999993593432,0.00018400000408291817,0.0001849999971454963,40
2024-11-28,0.00019200000679120421,0.0001939999929163605,0.0001900000061141327,0.00019299999985378236,40
2024-11-29,0.000195999993593432,0.00019799999427050352,0.00019200000679120421,0.00019200000679120421,41
2024-11-30,0.0001939999929163605,0.000195999993593432,0.00019299999985378236,0.000195999993593432,40
2024-12-01,0.000195999993593432,0.00019700000120792538,0.00019299999985378236,0.0001939999929163605,41
2024-12-02,0.00019200000679120421,0.00019700000120792538,0.0001900000061141327,0.000195999993593432,40
2024-12-03,0.00019299999985378236,0.00019299999985378236,0.0001880000054370612,0.00019200000679120421,40
2024-12-04,0.0001990000018849969,0.0001990000018849969,0.0001900000061141327,0.00019299999985378236,41
2024-12-05,0.0001939999929163605,0.00020900000527035445,0.00018899999849963933,0.0001990000018849969,4
2024-12-06,0.0002010000025620684,0.00020500000391621143,0.0001939999929163605,0.00019500000053085387,4
2024-12-07,0.0002010000025620684,0.00020199999562464654,0.0001990000018849969,0.0002010000025620684,4
2024-12-08,0.00020199999562464654,0.00020199999562464654,0.0001990000018849969,0.0002010000025620684,4
2024-12-09,0.000195999993593432,0.00020399999630171806,0.00019200000679120421,0.00020399999630171806,4
2024-12-10,0.0001939999929163605,0.00019700000120792538,0.0001900000061141327,0.000195999993593432,4
2024-12-11,0.00020300000323913991,0.00020500000391621143,0.0001939999929163605,0.0001939999929163605,4
2024-12-12,0.0002010000025620684,0.00020599999697878957,0.00019999999494757503,0.00020300000323913991,4
2024-12-13,0.00020399999630171806,0.00020500000391621143,0.00019999999494757503,0.0002010000025620684,4
2024-12-14,0.00020399999630171806,0.00020599999697878957,0.00020199999562464654,0.00020399999630171806,4
2024-12-15,0.0002099999983329326,0.00021100000594742596,0.00020399999630171806,0.00020399999630171806,4
2024-12-16,0.00021300000662449747,0.00021699999342672527,0.00020799999765586108,0.0002099999983329326,4
2024-12-17,0.00021300000662449747,0.00021800000104121864,0.0002119999990100041,0.00021300000662449747,4
2024-12-18,0.0002010000025620684,0.00021399999968707561,0.0002010000025620684,0.00021300000662449747,4
2024-12-19,0.000195999993593432,0.00020599999697878957,0.00019200000679120421,0.0002010000025620684,4
2024-12-20,0.00019700000120792538,0.00019700000120792538,0.0001849999971454963,0.000195999993593432,4
2024-12-21,0.000195999993593432,0.00019999999494757503,0.0001939999929163605,0.00019700000120792538,4
2024-12-22,0.00019099999917671084,0.000195999993593432,0.00018899999849963933,0.000195999993593432,4
2024-12-23,0.0001900000061141327,0.0001939999929163605,0.00018600000475998968,0.00019099999917671084,4
2024-12-24,0.00019799999427050352,0.00019999999494757503,0.0001880000054370612,0.0001900000061141327,4
2024-12-25,0.00019999999494757503,0.00019999999494757503,0.000195999993593432,0.00019799999427050352,4
2024-12-26,0.00019200000679120421,0.0002010000025620684,0.00019099999917671084,0.00019999999494757503,4
2024-12-27,0.00018899999849963933,0.00019500000053085387,0.0001880000054370612,0.00019200000679120421,4
2024-12-28,0.00019099999917671084,0.00019200000679120421,0.00018899999849963933,0.00018899999849963933,4
2024-12-29,0.0001880000054370612,0.00019099999917671084,0.00018699999782256782,0.00019099999917671084,4
2024-12-30,0.00018600000475998968,0.00019099999917671084,0.00018400000408291817,0.0001880000054370612,4
2024-12-31,0.0001880000054370612,0.00019299999985378236,0.0001849999971454963,0.00018600000475998968,4
2025-01-01,0.0001900000061141327,0.00019099999917671084,0.00018699999782256782,0.0001880000054370612,4
2025-01-02,0.00019500000053085387,0.000195999993593432,0.00018899999849963933,0.0001900000061141327,4
2025-01-03,0.00019700000120792538,0.0001990000018849969,0.00019299999985378236,0.00019500000053085387,4
2025-01-04,0.00019799999427050352,0.00019799999427050352,0.000195999993593432,0.00019700000120792538,4
2025-01-05,0.00019799999427050352,0.0001990000018849969,0.000195999993593432,0.00019799999427050352,4
2025-01-06,0.00020500000391621143,0.00020599999697878957,0.00019700000120792538,0.00019799999427050352,4
2025-01-07,0.00019500000053085387,0.00020599999697878957,0.00019299999985378236,0.00020500000391621143,4
2025-01-08,0.00019099999917671084,0.00019500000053085387,0.00018699999782256782,0.00019500000053085387,4
2025-01-09,0.00018600000475998968,0.00019099999917671084,0.0001829999964684248,0.00019099999917671084,4
2025-01-10,0.0001900000061141327,0.00019200000679120421,0.00018600000475998968,0.00018600000475998968,4
2025-01-11,0.0001900000061141327,0.00019099999917671084,0.00018899999849963933,0.0001900000061141327,4
2025-01-12,0.0001900000061141327,0.00019099999917671084,0.0001880000054370612,0.0001900000061141327,4
2025-01-13,0.0001900000061141327,0.00019200000679120421,0.00018099999579135329,0.0001900000061141327,4
2025-01-14,0.0001939999929163605,0.00019500000053085387,0.0001900000061141327,0.0001900000061141327,4
2025-01-15,0.00020199999562464654,0.00020199999562464654,0.0001939999929163605,0.0001939999929163605,4
2025-01-16,0.0002010000025620684,0.00020199999562464654,0.000195999993593432,0.00020199999562464654,4
2025-01-17,0.00020900000527035445,0.00021300000662449747,0.0002010000025620684,0.0002010000025620684,4
2025-01-18,0.0002099999983329326,0.00021100000594742596,0.00020599999697878957,0.00020900000527035445,4
2025-01-19,0.00020300000323913991,0.00021300000662449747,0.0002010000025620684,0.0002099999983329326,4
2025-01-20,0.00020500000391621143,0.00021899999410379678,0.0002010000025620684,0.00020300000323913991,4
2025-01-21,0.00021300000662449747,0.00021499999274965376,0.00020300000323913991,0.00020500000391621143,4
2025-01-22,0.00020799999765586108,0.00021399999968707561,0.00020799999765586108,0.00021300000662449747,4
2025-01-23,0.00020900000527035445,0.00021399999968707561,0.00020399999630171806,0.00020799999765586108,4
2025-01-24,0.00021100000594742596,0.00021499999274965376,0.00020700000459328294,0.00020900000527035445,4
2025-01-25,0.0002099999983329326,0.0002119999990100041,0.00020900000527035445,0.00021100000594742596,4
2025-01-26,0.00020599999697878957,0.0002119999990100041,0.00020599999697878957,0.0002099999983329326,4
2025-01-27,0.00020500000391621143,0.00020700000459328294,0.00019700000120792538,0.00020599999697878957,4
2025-01-28,0.00020300000323913991,0.00021300000662449747,0.0002010000025620684,0.00020500000391621143,4
2025-01-29,0.00020900000527035445,0.00021100000594742596,0.00020300000323913991,0.00020300000323913991,4
2025-01-30,0.00021100000594742596,0.00021300000662449747,0.00020799999765586108,0.00020900000527035445,4
2025-01-31,0.00020599999697878957,0.00021300000662449747,0.00020399999630171806,0.00021100000594742596,4
2025-02-01,0.00020199999562464654,0.00020700000459328294,0.00020199999562464654,0.00020599999697878957,4
2025-02-02,0.000195999993593432,0.00020399999630171806,0.0001939999929163605,0.00020199999562464654,4
2025-02-03,0.00020399999630171806,0.00020500000391621143,0.00018600000475998968,0.000195999993593432,4
2025-02-04,0.00019700000120792538,0.00020399999630171806,0.0001939999929163605,0.00020399999630171806,4
2025-02-05,0.0001939999929163605,0.0001990000018849969,0.00019299999985378236,0.00019700000120792538,4
2025-02-06,0.0001939999929163605,0.0001990000018849969,0.00019299999985378236,0.0001939999929163605,4
2025-02-07,0.0001939999929163605,0.0002010000025620684,0.00019200000679120421,0.0001939999929163605,4
2025-02-08,0.0001939999929163605,0.00019500000053085387,0.00019200000679120421,0.0001939999929163605,4
2025-02-09,0.0001939999929163605,0.000195999993593432,0.0001900000061141327,0.0001939999929163605,4
2025-02-10,0.000195999993593432,0.00019799999427050352,0.00019200000679120421,0.0001939999929163605,4
2025-02-11,0.00019299999985378236,0.00019799999427050352,0.00019099999917671084,0.000195999993593432,4
2025-02-12,0.00019700000120792538,0.00019700000120792538,0.00018899999849963933,0.00019299999985378236,4
2025-02-13,0.0001939999929163605,0.00019700000120792538,0.00019200000679120421,0.00019700000120792538,4
2025-02-14,0.000195999993593432,0.00019799999427050352,0.0001939999929163605,0.0001939999929163605,4
2025-02-15,0.000195999993593432,0.00019700000120792538,0.000195999993593432,0.000195999993593432,4
2025-02-16,0.00019299999985378236,0.000195999993593432,0.00019299999985378236,0.000195999993593432,4
2025-02-17,0.00019200000679120421,0.00019500000053085387,0.00019099999917671084,0.00019299999985378236,4
2025-02-18,0.00019200000679120421,0.0001939999929163605,0.0001880000054370612,0.00019200000679120421,4
2025-02-19,0.0001939999929163605,0.00019500000053085387,0.00019099999917671084,0.00019200000679120421,4
2025-02-20,0.00019799999427050352,0.00019799999427050352,0.0001939999929163605,0.0001939999929163605,4
2025-02-21,0.00019299999985378236,0.00019999999494757503,0.00019099999917671084,0.00019799999427050352,4
2025-02-22,0.0001939999929163605,0.00019500000053085387,0.00019299999985378236,0.00019299999985378236,4
2025-02-23,0.0001939999929163605,0.0001939999929163605,0.00019200000679120421,0.0001939999929163605,4
2025-02-24,0.00018400000408291817,0.0001939999929163605,0.00018400000408291817,0.0001939999929163605,3
2025-02-25,0.00017800000205170363,0.00018600000475998968,0.00017299999308306724,0.00018400000408291817,3
2025-02-26,0.00016900000628083944,0.00017899999511428177,0.00016599999798927456,0.00017800000205170363,3
2025-02-27,0.00016999999934341758,0.00017499999376013875,0.00016599999798927456,0.00016900000628083944,3
2025-02-28,0.00016999999934341758,0.00016999999934341758,0.00015799999528098851,0.00016999999934341758,3
2025-03-01,0.00017299999308306724,0.0001740000006975606,0.00016799999866634607,0.00016999999934341758,3
2025-03-02,0.00018899999849963933,0.00019099999917671084,0.00017100000695791095,0.00017299999308306724,4
2025-03-03,0.00017299999308306724,0.00018899999849963933,0.00017100000695791095,0.00018899999849963933,3
2025-03-04,0.00017499999376013875,0.00017800000205170363,0.00016399999731220305,0.00017299999308306724,3
2025-03-05,0.00018200000340584666,0.0001829999964684248,0.0001740000006975606,0.00017499999376013875,3
2025-03-06,0.00018099999579135329,0.00018600000475998968,0.00017699999443721026,0.00018200000340584666,3
2025-03-07,0.0001740000006975606,0.0001829999964684248,0.0001720000000204891,0.00018099999579135329,3
2025-03-08,0.00017299999308306724,0.00017499999376013875,0.0001720000000204891,0.0001740000006975606,3
2025-03-09,0.00016199999663513154,0.0001740000006975606,0.0001610000035725534,0.00017299999308306724,3
2025-03-10,0.00015799999528098851,0.00016799999866634607,0.000155999994603917,0.00016199999663513154,3
2025-03-11,0.00016599999798927456,0.00016799999866634607,0.00015500000154133886,0.00015799999528098851,3
2025-03-12,0.00016799999866634607,0.00016900000628083944,0.00016199999663513154,0.00016599999798927456,3
2025-03-13,0.0001630000042496249,0.00016900000628083944,0.0001610000035725534,0.00016799999866634607,3
2025-03-14,0.00016900000628083944,0.00017100000695791095,0.0001630000042496249,0.0001630000042496249,3
2025-03-15,0.00016999999934341758,0.00016999999934341758,0.00016799999866634607,0.00016900000628083944,3
2025-03-16,0.00016599999798927456,0.00017100000695791095,0.00016500000492669642,0.00016999999934341758,3
2025-03-17,0.00016900000628083944,0.00016999999934341758,0.00016599999798927456,0.00016599999798927456,3
2025-03-18,0.00016599999798927456,0.00016900000628083944,0.0001630000042496249,0.00016900000628083944,3
2025-03-19,0.0001740000006975606,0.00017499999376013875,0.00016599999798927456,0.00016599999798927456,3
2025-03-20,0.00016900000628083944,0.00017600000137463212,0.00016799999866634607,0.0001740000006975606,3
2025-03-21,0.00016900000628083944,0.00016999999934341758,0.00016700000560376793,0.00016900000628083944,3
2025-03-22,0.00016799999866634607,0.00016999999934341758,0.00016799999866634607,0.00016900000628083944,3
2025-03-23,0.00017299999308306724,0.00017299999308306724,0.00016799999866634607,0.00016799999866634607,3
2025-03-24,0.00017600000137463212,0.00017800000205170363,0.0001720000000204891,0.00017299999308306724,3
2025-03-25,0.00017600000137463212,0.00017800000205170363,0.0001740000006975606,0.00017600000137463212,3
2025-03-26,0.00017499999376013875,0.00017699999443721026,0.00017299999308306724,0.00017600000137463212,3
2025-03-27,0.00017499999376013875,0.00017600000137463212,0.00017299999308306724,0.00017499999376013875,3
2025-03-28,0.00016999999934341758,0.00017600000137463212,0.00016799999866634607,0.00017499999376013875,3
2025-03-29,0.00016599999798927456,0.00016999999934341758,0.00016399999731220305,0.00016999999934341758,3
2025-03-30,0.00016599999798927456,0.00016799999866634607,0.00016399999731220305,0.00016599999798927456,3
2025-03-31,0.00016599999798927456,0.00016799999866634607,0.0001630000042496249,0.00016599999798927456,3
2025-04-01,0.00017100000695791095,0.0001720000000204891,0.00016599999798927456,0.00016599999798927456,3
2025-04-02,0.00016599999798927456,0.00017699999443721026,0.00016599999798927456,0.00017100000695791095,3
2025-04-03,0.00016700000560376793,0.00016900000628083944,0.0001630000042496249,0.00016599999798927456,3
2025-04-04,0.00016900000628083944,0.00016999999934341758,0.00016500000492669642,0.00016700000560376793,3
2025-04-05,0.00016799999866634607,0.00016900000628083944,0.00016599999798927456,0.00016900000628083944,3
2025-04-06,0.00015700000221841037,0.00016799999866634607,0.00015500000154133886,0.00016799999866634607,3
2025-04-07,0.00015900000289548188,0.0001630000042496249,0.0001500000071246177,0.00015700000221841037,3
2025-04-08,0.00015300000086426735,0.00016199999663513154,0.00015300000086426735,0.00015900000289548188,3
2025-04-09,0.00016599999798927456,0.00016799999866634607,0.0001500000071246177,0.00015300000086426735,3
2025-04-10,0.00015999999595806003,0.00016599999798927456,0.00015799999528098851,0.00016599999798927456,3
2025-04-11,0.0001630000042496249,0.0001630000042496249,0.00015900000289548188,0.00015999999595806003,0
2025-04-12,0.0001630000042496249,0.0001630000042496249,0.0001630000042496249,0.0001630000042496249,0
2025-04-13,0.0001630000042496249,0.0001630000042496249,0.0001630000042496249,0.0001630000042496249,0
2025-04-14,0.0001630000042496249,0.0001630000042496249,0.0001630000042496249,0.0001630000042496249,0
2025-04-15,0.0001630000042496249,0.0001630000042496249,0.0001630000042496249,0.0001630000042496249,0
2025-04-16,0.0001630000042496249,0.0001630000042496249,0.0001630000042496249,0.0001630000042496249,0
2025-04-17,0.0001630000042496249,0.0001630000042496249,0.0001630000042496249,0.0001630000042496249,0
