Date,Close,High,Low,Open,Volume
2020-01-01,42.01771926879883,42.28501892089844,41.28803253173828,41.326534271240234,2782992323
2020-01-02,39.82301330566406,42.13474655151367,39.68356704711914,42.01808547973633,2759827139
2020-01-03,42.41557312011719,42.447174072265625,39.450843811035156,39.863128662109375,3260961326
2020-01-04,43.32660675048828,43.34270477294922,41.933074951171875,42.38352584838867,2843192897
2020-01-05,43.55320739746094,44.73361587524414,42.99853515625,43.2913818359375,3017148033
2020-01-06,45.81635284423828,45.95787811279297,43.4943733215332,43.6038932800293,3349237768
2020-01-07,46.424583435058594,46.8583869934082,44.723018646240234,45.838680267333984,3611521907
2020-01-08,45.65376663208008,48.20276641845703,44.62704849243164,46.4483528137207,3633957130
2020-01-09,45.2159309387207,45.777835845947266,44.31050491333008,45.62226867675781,2986327757
2020-01-10,48.72732925415039,49.16672134399414,44.03310775756836,45.21154022216797,3808140302
2020-01-11,49.26376724243164,51.334716796875,48.08839416503906,48.63385772705078,3915781115
2020-01-12,51.08073806762695,51.298828125,49.012786865234375,49.319156646728516,3858852964
2020-01-13,49.733768463134766,51.39035415649414,48.93413162231445,51.122310638427734,3336204744
2020-01-14,58.478233337402344,59.88150405883789,49.690269470214844,49.69736099243164,5729547956
2020-01-15,58.05284881591797,59.92303466796875,56.166744232177734,58.39026641845703,5070738793
2020-01-16,57.618255615234375,58.302066802978516,55.148738861083984,58.0479621887207,4347723835
2020-01-17,61.487125396728516,62.88954544067383,56.8988151550293,57.642967224121094,5067456613
2020-01-18,59.40864562988281,62.165672302246094,58.52505874633789,61.302833557128906,4426051530
2020-01-19,57.80069351196289,61.78595733642578,56.18039321899414,59.445709228515625,4197776579
2020-01-20,57.20326232910156,58.08806610107422,56.22681427001953,57.78152847290039,3306438947
2020-01-21,57.64788055419922,57.96322250366211,56.27197265625,57.2335205078125,3130143642
2020-01-22,58.3547248840332,58.99089431762695,57.316280364990234,57.639591217041016,3076205980
2020-01-23,54.6302604675293,58.47669982910156,53.385658264160156,58.35038757324219,3348002983
2020-01-24,54.53178787231445,55.424434661865234,51.36441421508789,54.64381408691406,3532776556
2020-01-25,53.69778823852539,54.564056396484375,52.76921463012695,54.564056396484375,2938756558
2020-01-26,56.21271514892578,56.47526550292969,53.29893493652344,53.68706512451172,3283750798
2020-01-27,58.763267517089844,59.57749938964844,56.078887939453125,56.27534103393555,3832184228
2020-01-28,60.671817779541016,61.15335464477539,57.76319885253906,58.76856231689453,4220742210
2020-01-29,60.07793426513672,62.24987030029297,59.78307342529297,60.66376876831055,3894445882
2020-01-30,68.15906524658203,69.73802947998047,58.77690887451172,60.013916015625,6042169957
2020-01-31,67.8794937133789,69.37981414794922,65.78914642333984,68.17903900146484,5718104791
2020-02-01,70.82001495361328,72.2823257446289,67.65506744384766,67.90851593017578,6009767449
2020-02-02,70.2315444946289,73.25373077392578,68.12895202636719,70.8023452758789,5482993030
2020-02-03,69.78022003173828,72.38532257080078,68.96752166748047,69.99258422851562,4965069690
2020-02-04,68.1957778930664,70.33206939697266,66.90425872802734,69.76948547363281,4449652117
2020-02-05,72.49310302734375,73.18159484863281,67.87781524658203,68.11460876464844,5169585841
2020-02-06,73.38868713378906,74.65676879882812,71.10643768310547,72.53237915039062,5463272394
2020-02-07,74.35611724853516,74.95879364013672,73.2222671508789,73.4679183959961,5051951258
2020-02-08,76.46756744384766,77.4217300415039,72.1395034790039,74.39537811279297,5496860399
2020-02-09,77.09258270263672,78.20138549804688,75.69126892089844,76.4490966796875,5145711108
2020-02-10,74.33509826660156,77.56034088134766,73.12471008300781,77.14305114746094,5373709984
2020-02-11,76.59739685058594,76.63123321533203,72.84619903564453,74.34607696533203,4742120918
2020-02-12,81.29744720458984,82.27188873291016,76.45463562011719,76.49352264404297,5701884854
2020-02-13,80.40342712402344,83.68916320800781,78.58231353759766,81.22972106933594,6579062946
2020-02-14,82.99034881591797,83.46430969238281,79.42839050292969,80.3755111694336,5382846670
2020-02-15,76.51324462890625,83.38416290283203,76.1030044555664,83.02545166015625,5612667760
2020-02-16,75.152587890625,80.41192626953125,69.57598876953125,76.72930908203125,6186098306
2020-02-17,73.25130462646484,75.38346862792969,69.44019317626953,74.96808624267578,5593944695
2020-02-18,77.0351791381836,78.01386260986328,70.89256286621094,73.18562316894531,5600214717
2020-02-19,71.13594055175781,78.19882202148438,70.54457092285156,77.07551574707031,5298677185
2020-02-20,69.62484741210938,72.16673278808594,67.45927429199219,70.98194885253906,5500324693
2020-02-21,73.45092010498047,74.93936157226562,68.91468811035156,69.57044219970703,5579449656
2020-02-22,75.1330795288086,76.48518371582031,72.57438659667969,73.4858627319336,5547090434
2020-02-23,79.53665161132812,79.80030822753906,74.97501373291016,75.07401275634766,5702486428
2020-02-24,75.5356216430664,79.55951690673828,72.37696838378906,79.55951690673828,6355612214
2020-02-25,71.18024444580078,75.80707550048828,70.06889343261719,75.49539947509766,5755711246
2020-02-26,61.01430892944336,71.86497497558594,58.579490661621094,71.18038177490234,6518313483
2020-02-27,61.50788497924805,64.6236572265625,57.80403137207031,61.02792739868164,5649302854
2020-02-28,59.76395797729492,63.17148971557617,57.84066390991211,61.43793487548828,5266399749
2020-02-29,58.54326248168945,61.37752914428711,58.38515853881836,59.74873733520508,4168117352
2020-03-01,57.956687927246094,60.11835479736328,56.64622497558594,58.53054428100586,4317287191
2020-03-02,60.995548248291016,61.94123840332031,57.554786682128906,57.9840087890625,5309970238
2020-03-03,61.14447784423828,62.35498046875,60.006019592285156,61.020572662353516,5412760345
2020-03-04,60.38241958618164,61.565731048583984,59.36227798461914,61.14349365234375,4429853608
2020-03-05,62.04545974731445,63.1437873840332,60.40277862548828,60.40277862548828,4712202709
2020-03-06,63.02560043334961,63.77326583862305,61.45963668823242,62.049888610839844,4766934524
2020-03-07,60.54631042480469,63.75777053833008,60.49959945678711,63.02201461791992,4258036532
2020-03-08,51.728599548339844,60.60502243041992,51.728599548339844,60.57911682128906,4523736331
2020-03-09,50.168148040771484,52.30763626098633,47.284202575683594,51.638126373291016,5097423294
2020-03-10,50.25638961791992,51.2523193359375,49.39545440673828,50.479827880859375,3945792927
2020-03-11,48.463783264160156,50.61192321777344,46.238441467285156,50.26376724243164,3807551814
2020-03-12,30.930883407592773,48.558250427246094,30.627010345458984,48.4492301940918,5417383296
2020-03-13,37.43795394897461,39.24781799316406,25.573104858398438,31.004512786865234,7552238198
2020-03-14,34.39658737182617,37.59846496582031,34.044044494628906,37.536197662353516,3270465986
2020-03-15,36.43709182739258,38.2310676574707,34.204185485839844,34.40990447998047,3434485463
2020-03-16,32.876216888427734,36.4459114074707,30.60800552368164,36.4459114074707,4079630236
2020-03-17,33.56386947631836,35.42147445678711,32.78666687011719,32.9030876159668,3289527849
2020-03-18,33.68417739868164,34.1390495300293,32.78159713745117,33.5556640625,3170415992
2020-03-19,39.07376480102539,40.22984313964844,33.71287536621094,33.721717834472656,4157185543
2020-03-20,38.131954193115234,43.326026916503906,35.58586883544922,39.10809326171875,4537692970
2020-03-21,38.34232711791992,39.336177825927734,36.94729232788086,38.07786560058594,3438721430
2020-03-22,35.628055572509766,39.477176666259766,35.49897384643555,38.37173843383789,3148219029
2020-03-23,38.76576614379883,38.845855712890625,35.416385650634766,35.577430725097656,3598154774
2020-03-24,40.49064636230469,40.75464630126953,38.268035888671875,38.74799346923828,3331925793
2020-03-25,39.151222229003906,40.696136474609375,38.545745849609375,40.47945785522461,3133347522
2020-03-26,40.16059875488281,40.17046356201172,38.78725814819336,39.17296600341797,2827963692
2020-03-27,38.91847610473633,40.595191955566406,38.88597106933594,40.18333435058594,2962853270
2020-03-28,38.873756408691406,39.32988739013672,37.10237503051758,38.862178802490234,3119837445
2020-03-29,37.332542419433594,38.934749603271484,37.21059799194336,38.86528015136719,2683734233
2020-03-30,39.13829040527344,39.324710845947266,37.26072692871094,37.264854431152344,3318334905
2020-03-31,39.299102783203125,39.37229919433594,38.681514739990234,39.119136810302734,3359087002
2020-04-01,39.38081359863281,39.38081359863281,37.4459342956543,39.28468704223633,3303999600
2020-04-02,39.874168395996094,41.6456413269043,39.2540283203125,39.36347961425781,3985953572
2020-04-03,40.359134674072266,41.08440017700195,39.684814453125,39.887630462646484,3482692346
2020-04-04,40.67555618286133,40.83372497558594,39.96440887451172,40.34457778930664,3229457622
2020-04-05,40.67013931274414,40.99985122680664,39.92832565307617,40.69003677368164,3084146015
2020-04-06,44.39112091064453,44.494197845458984,40.54490280151367,40.65878677368164,4287968687
2020-04-07,44.667930603027344,47.20174026489258,44.11486053466797,44.402137756347656,4391267713
2020-04-08,46.31985855102539,46.75380325317383,44.350833892822266,44.67862319946289,3831132142
2020-04-09,46.384979248046875,46.58343505859375,45.174339294433594,46.3480339050293,3628019378
2020-04-10,42.269813537597656,46.468353271484375,41.33182144165039,46.40034103393555,4008964133
2020-04-11,42.31909942626953,42.96684265136719,41.68824768066406,42.25674057006836,3374908252
2020-04-12,42.450286865234375,43.28693389892578,42.007198333740234,42.32083511352539,3639638078
2020-04-13,41.204341888427734,42.49925231933594,39.95906066894531,42.49925231933594,3998289644
2020-04-14,41.05384063720703,41.82363510131836,40.67782211303711,41.22285842895508,3713345006
2020-04-15,39.58906936645508,41.708030700683594,39.449886322021484,41.08009338378906,3696959521
2020-04-16,42.68901824951172,43.014286041259766,38.601558685302734,39.643714904785156,4985504369
2020-04-17,42.74503707885742,43.21479415893555,42.00095748901367,42.675052642822266,4096625538
2020-04-18,44.36289596557617,44.38176727294922,42.53352355957031,42.7515983581543,4508378329
2020-04-19,42.63475036621094,44.5068473815918,42.596107482910156,44.34800338745117,4563334114
2020-04-20,40.82838439941406,43.37587356567383,40.462974548339844,42.674625396728516,4293209435
2020-04-21,41.04014205932617,41.26190948486328,40.416969299316406,40.80962371826172,3954491838
2020-04-22,41.887413024902344,42.32014465332031,40.68876647949219,40.99327087402344,4029531589
2020-04-23,42.93721389770508,43.367366790771484,41.433204650878906,41.87773513793945,4757478698
2020-04-24,44.81045150756836,45.17228698730469,42.94403839111328,42.99470901489258,4786600723
2020-04-25,44.714908599853516,45.64776611328125,44.37021255493164,44.81520462036133,4769855704
2020-04-26,44.6890869140625,45.33999252319336,44.31262969970703,44.71991729736328,4687873111
2020-04-27,44.71006393432617,45.41984176635742,43.885459899902344,44.677433013916016,4473729902
2020-04-28,46.02870178222656,46.30730056762695,44.0748176574707,44.7381706237793,4413476561
2020-04-29,49.18130111694336,49.622127532958984,46.00732421875,46.091522216796875,5673988960
2020-04-30,46.714019775390625,50.92155838012695,46.58384323120117,49.14785385131836,5724477325
2020-05-01,47.79170227050781,48.596473693847656,46.714263916015625,46.714263916015625,4581731065
2020-05-02,49.458045959472656,49.567081451416016,47.44866180419922,47.77035903930664,4453777871
2020-05-03,48.26715850830078,50.044677734375,47.550113677978516,49.46495819091797,4667453994
2020-05-04,47.47349166870117,48.34629821777344,46.03729248046875,48.24302673339844,4488284400
2020-05-05,46.78725814819336,47.9050407409668,46.370967864990234,47.45029067993164,4187625277
2020-05-06,45.942867279052734,47.77801513671875,45.942867279052734,46.768917083740234,4575858023
2020-05-07,47.330116271972656,48.06696319580078,45.03156661987305,46.01960372924805,5080727910
2020-05-08,47.88221740722656,48.54597473144531,46.62904357910156,47.30772399902344,4780707207
2020-05-09,47.27418518066406,48.93983459472656,47.133079528808594,47.83945846557617,4740601428
2020-05-10,42.36762619018555,47.26059341430664,40.57422637939453,47.26059341430664,5783062532
2020-05-11,41.6999626159668,42.86333084106445,40.13576126098633,42.35826873779297,5121746343
2020-05-12,42.111881256103516,42.6843147277832,41.41278076171875,41.73921585083008,4734936547
2020-05-13,43.134559631347656,43.54827880859375,41.95380783081055,42.07453536987305,4565388581
2020-05-14,43.945335388183594,44.2290153503418,42.479400634765625,43.09492111206055,5023559798
2020-05-15,42.833980560302734,44.06401443481445,42.467708587646484,43.945838928222656,4340414828
2020-05-16,43.21289825439453,43.74107360839844,42.578529357910156,42.85136032104492,3879155974
2020-05-17,43.64083480834961,44.356815338134766,43.09638214111328,43.180320739746094,3901110454
2020-05-18,45.201072692871094,46.24467849731445,43.58699417114258,43.64307403564453,4473025831
2020-05-19,45.38361358642578,45.38361358642578,44.3441047668457,45.21331024169922,3612370257
2020-05-20,44.17212677001953,45.963008880615234,43.71659469604492,45.38744354248047,3448255432
2020-05-21,42.74270248413086,44.44780731201172,41.88386154174805,44.15623474121094,3143718509
2020-05-22,44.20758056640625,44.5757942199707,42.5117301940918,42.730369567871094,2908274408
2020-05-23,44.033119201660156,44.53317642211914,43.70608139038086,44.208248138427734,2576920703
2020-05-24,42.44889450073242,44.37795639038086,42.44266891479492,44.018592834472656,2656112321
2020-05-25,42.946128845214844,43.438758850097656,42.09907531738281,42.40567398071289,2701310002
2020-05-26,42.43205642700195,43.007381439208984,42.120792388916016,42.92720031738281,2475471673
2020-05-27,43.86143112182617,44.06675338745117,42.36875915527344,42.409095764160156,2757608482
2020-05-28,44.758697509765625,44.86268997192383,43.50492858886719,43.87184524536133,2743046058
2020-05-29,44.6524658203125,45.37718963623047,44.324527740478516,44.77653503417969,2632197768
2020-05-30,47.538631439208984,47.54093933105469,44.22645950317383,44.63286590576172,2852777896
2020-05-31,45.59188461303711,47.56504821777344,45.32406997680664,47.53927993774414,2637761668
2020-06-01,48.1252326965332,48.39543914794922,45.425323486328125,45.5742301940918,3035652544
2020-06-02,45.92351531982422,49.76125717163086,45.261966705322266,48.094390869140625,3060955005
2020-06-03,47.17289352416992,47.63124084472656,45.66325378417969,45.92983627319336,2691495449
2020-06-04,47.637596130371094,47.99448013305664,46.57504653930664,47.20063018798828,2697436350
2020-06-05,47.05314636230469,47.9185676574707,46.870819091796875,47.674434661865234,2551367878
2020-06-06,46.731956481933594,47.324432373046875,46.42837142944336,47.06672668457031,2160092222
2020-06-07,46.66800308227539,46.93865203857422,45.38723373413086,46.7440185546875,2385218875
2020-06-08,46.47397232055664,46.87998580932617,46.058006286621094,46.6591682434082,2357747091
2020-06-09,46.06941223144531,46.7379264831543,45.665775299072266,46.47144317626953,2141209283
2020-06-10,46.67997741699219,46.89228439331055,45.894508361816406,46.06926727294922,2146762421
2020-06-11,43.51470947265625,46.90381622314453,42.96903991699219,46.6835823059082,2554226325
2020-06-12,44.82805252075195,45.2738151550293,43.11791229248047,43.50072479248047,2260548556
2020-06-13,45.09455871582031,45.18855667114258,44.45869827270508,44.79370880126953,1739835590
2020-06-14,44.08452606201172,45.10382843017578,43.89103698730469,45.10382843017578,1782403292
2020-06-15,43.9142951965332,44.2029914855957,42.09373092651367,44.08452606201172,2090717318
2020-06-16,43.87725830078125,44.28072738647461,43.485137939453125,43.908958435058594,1841455099
2020-06-17,44.03235626220703,44.81455993652344,43.3642692565918,43.882442474365234,1996899442
2020-06-18,43.56013107299805,44.12405014038086,43.14131164550781,44.03235626220703,1576467272
2020-06-19,42.679832458496094,43.68408966064453,42.6036376953125,43.556365966796875,1712639222
2020-06-20,43.3468132019043,43.78364181518555,42.631229400634766,42.64627456665039,1500492583
2020-06-21,43.08744430541992,43.75585174560547,43.02702713012695,43.337345123291016,1362753187
2020-06-22,44.18800354003906,44.33644104003906,43.07240295410156,43.1092529296875,1659721584
2020-06-23,44.17927932739258,44.31815719604492,43.6243782043457,44.19498825073242,1365925951
2020-06-24,42.84382629394531,44.52910614013672,42.7093505859375,44.188140869140625,1493695398
2020-06-25,42.56352996826172,43.02610778808594,42.211456298828125,42.86283493041992,1311840193
2020-06-26,43.32078552246094,43.5618782043457,41.75668716430664,42.56430435180664,1714646169
2020-06-27,41.55556106567383,43.45170974731445,40.75464630126953,43.280906677246094,1453347400
2020-06-28,41.408267974853516,42.018310546875,40.778221130371094,41.55556106567383,1337385786
2020-06-29,41.85103225708008,41.998565673828125,41.01976013183594,41.42753219604492,1668680719
2020-06-30,41.46779251098633,41.97266387939453,41.02524185180664,41.74396514892578,1390313389
2020-07-01,41.69924545288086,42.19013595581055,41.286537170410156,41.43354034423828,1220528740
2020-07-02,41.48573303222656,41.93464279174805,40.65645980834961,41.736717224121094,1339074369
2020-07-03,41.205135345458984,41.68161392211914,41.04539108276367,41.47185516357422,1122905126
2020-07-04,42.066532135009766,42.17290496826172,41.134185791015625,41.17314910888672,1173145659
2020-07-05,41.59807586669922,42.15835952758789,40.98523712158203,42.022159576416016,1170070065
2020-07-06,43.96349334716797,44.14739227294922,41.495670318603516,41.59807586669922,1743603778
2020-07-07,43.3182487487793,44.2248649597168,43.10875701904297,43.96349334716797,1360983976
2020-07-08,45.20074462890625,45.410003662109375,43.172122955322266,43.318397521972656,2161892498
2020-07-09,44.53745651245117,45.70869064331055,43.83011245727539,45.1884880065918,1985305536
2020-07-10,44.246116638183594,44.53230667114258,43.54658126831055,44.505367279052734,1840301462
2020-07-11,44.67707824707031,44.70627975463867,44.00514602661133,44.25065612792969,1764984238
2020-07-12,44.63610076904297,45.18264389038086,44.06024932861328,44.687767028808594,1598865182
2020-07-13,43.919795989990234,45.306724548339844,43.236671447753906,44.63610076904297,1724704950
2020-07-14,43.80286407470703,44.001564025878906,43.14065170288086,43.96921920776367,1882872130
2020-07-15,43.278953552246094,44.009056091308594,42.99142837524414,43.790374755859375,1809900342
2020-07-16,42.035438537597656,43.40397262573242,41.47480010986328,43.26382827758789,1543731673
2020-07-17,41.91281509399414,42.3414306640625,41.77911376953125,42.0412712097168,1336746650
2020-07-18,42.425865173339844,42.83024978637695,41.78263473510742,41.908267974853516,1141296421
2020-07-19,42.552730560302734,42.69797897338867,41.883609771728516,42.425865173339844,1140767149
2020-07-20,41.97581100463867,42.70646286010742,41.642337799072266,42.5511589050293,1152077279
2020-07-21,43.61614990234375,43.92832946777344,41.88581848144531,41.973995208740234,1384220462
2020-07-22,44.93611526489258,45.0008430480957,43.31925964355469,43.606788635253906,1383704376
2020-07-23,44.85007858276367,45.466651916503906,44.577510833740234,44.93959426879883,1775727714
2020-07-24,44.18254089355469,44.88047790527344,44.058841705322266,44.85010528564453,1620747746
2020-07-25,48.80476760864258,49.16240310668945,44.067893981933594,44.107261657714844,2433671618
2020-07-26,47.97871780395508,50.37880325317383,47.71577835083008,48.836585998535156,2587129920
2020-07-27,52.95002746582031,54.931488037109375,47.52111053466797,47.973758697509766,3397559596
2020-07-28,55.5752067565918,57.13096618652344,51.90334701538086,53.06098556518555,3293197775
2020-07-29,55.17200469970703,56.692726135253906,55.03009033203125,55.591705322265625,2572759911
2020-07-30,56.64311218261719,57.97104263305664,54.07687759399414,55.1008415222168,3015740898
2020-07-31,57.998138427734375,58.73869323730469,55.82644271850586,56.654850006103516,2461431454
2020-08-01,61.2932243347168,61.663177490234375,57.50492477416992,57.998138427734375,3124975567
2020-08-02,56.64144515991211,64.45904541015625,55.802589416503906,61.259525299072266,3499183526
2020-08-03,58.468902587890625,59.644954681396484,56.13666534423828,56.624900817871094,2250487587
2020-08-04,57.53305435180664,59.41592025756836,56.80051040649414,58.46235275268555,2088598738
2020-08-05,59.01070785522461,59.76585388183594,57.11745071411133,57.57620620727539,2144590019
2020-08-06,59.16426467895508,60.563934326171875,57.97606658935547,58.98693084716797,2241049269
2020-08-07,57.24553298950195,60.84126281738281,55.871726989746094,59.14830017089844,2756992175
2020-08-08,58.129207611083984,58.542938232421875,56.65135955810547,57.205867767333984,1726820323
2020-08-09,57.13903045654297,58.66007995605469,56.4997444152832,58.22804641723633,1601010110
2020-08-10,58.28884506225586,59.24289321899414,57.116756439208984,57.116756439208984,2247183310
2020-08-11,54.386844635009766,59.43977737426758,53.23125076293945,58.28884506225586,2754950222
2020-08-12,54.96858596801758,55.558563232421875,52.32285690307617,54.366390228271484,2450391467
2020-08-13,57.74131774902344,57.862003326416016,52.348724365234375,54.98871612548828,2843622469
2020-08-14,56.75312423706055,57.98078918457031,56.35732650756836,57.70130157470703,2476128674
2020-08-15,59.92781066894531,60.376155853271484,56.72636032104492,56.72636032104492,3063536363
2020-08-16,63.826541900634766,64.28931427001953,59.330772399902344,59.94212341308594,3595771595
2020-08-17,67.02803802490234,68.51951599121094,61.88155746459961,63.826541900634766,3997651594
2020-08-18,65.52753448486328,68.032958984375,64.27819061279297,67.05615997314453,3627257060
2020-08-19,62.0046272277832,66.9671859741211,59.573177337646484,65.55464935302734,3345972244
2020-08-20,62.96675491333008,63.5305290222168,61.28464126586914,62.01996612548828,2801314591
2020-08-21,59.37902069091797,63.649986267089844,59.17335891723633,62.90597152709961,2911090515
2020-08-22,60.3111572265625,60.46170425415039,58.28854751586914,59.36305618286133,2317942996
2020-08-23,60.623260498046875,61.48896026611328,58.34038543701172,60.26280212402344,2315616100
2020-08-24,62.199424743652344,62.820098876953125,60.27156066894531,60.623260498046875,2490426542
2020-08-25,58.580665588378906,62.34196853637695,57.267555236816406,62.2150993347168,2625416624
2020-08-26,58.35817337036133,58.99238204956055,57.21358871459961,58.442039489746094,2067102732
2020-08-27,56.041015625,59.15990447998047,54.79509735107422,58.298702239990234,2212235187
2020-08-28,57.35440444946289,58.16758346557617,55.56637191772461,56.10396194458008,2206041301
2020-08-29,57.29173278808594,58.22694396972656,57.13005065917969,57.438873291015625,2006047086
2020-08-30,62.725341796875,62.79817581176758,57.171024322509766,57.20773696899414,2759602454
2020-08-31,61.11379623413086,63.49125671386719,60.75156021118164,62.844058990478516,2561891272
2020-09-01,62.882789611816406,64.1839599609375,60.38698196411133,61.10507583618164,2717986649
2020-09-02,58.099647521972656,63.07072067260742,57.139808654785156,62.8713264465332,2790169260
2020-09-03,47.774112701416016,58.530818939208984,47.059383392333984,58.013084411621094,2765272845
2020-09-04,50.611976623535156,52.33302307128906,47.18532180786133,47.77921676635742,2851271830
2020-09-05,47.58933639526367,51.31809616088867,46.146461486816406,50.619232177734375,2831766570
2020-09-06,48.05357360839844,48.89556884765625,46.62266540527344,47.5965576171875,2075916067
2020-09-07,48.77010726928711,49.07195281982422,45.62166213989258,48.0339241027832,2235340013
2020-09-08,47.3838005065918,49.30001449584961,46.20237731933594,48.80512619018555,2314205963
2020-09-09,47.89769744873047,48.8466682434082,46.701377868652344,47.377357482910156,1828181736
2020-09-10,48.716854095458984,49.38438415527344,47.90349578857422,47.923194885253906,2001211524
2020-09-11,49.089752197265625,49.40973663330078,47.40207290649414,48.716854095458984,1835173089
2020-09-12,50.81715393066406,51.22113800048828,48.67241668701172,49.0577278137207,1588978329
2020-09-13,48.066036224365234,50.931419372558594,47.52531433105469,50.760929107666016,1785910878
2020-09-14,49.09012222290039,49.94481658935547,47.43855667114258,48.049659729003906,1786276098
2020-09-15,48.390098571777344,50.14468002319336,48.34780502319336,49.11736297607422,1663112038
2020-09-16,47.933433532714844,48.792354583740234,47.4674072265625,48.459632873535156,1674030602
2020-09-17,48.87706756591797,49.47981262207031,47.87519454956055,47.98067092895508,1701721113
2020-09-18,48.46281433105469,49.07770919799805,47.79171371459961,48.82827377319336,1135775840
2020-09-19,48.67683029174805,49.03279495239258,48.208038330078125,48.48158645629883,961716690
2020-09-20,47.100528717041016,48.67055892944336,46.43110275268555,48.667938232421875,1033913350
2020-09-21,43.390220642089844,47.6491584777832,42.543270111083984,47.1291389465332,1923483523
2020-09-22,44.545047760009766,44.765403747558594,43.1172981262207,43.35946273803711,1078696494
2020-09-23,43.05768966674805,45.0760612487793,42.73939514160156,44.48606491088867,1676705751
2020-09-24,45.03985595703125,45.17330551147461,42.75492858886719,43.04633712768555,2070966440
2020-09-25,46.08631134033203,46.566505432128906,44.150794982910156,45.04555130004883,1849539132
2020-09-26,46.18892288208008,46.51958465576172,45.36458206176758,46.103172302246094,2123570272
2020-09-27,46.09169387817383,46.5918083190918,45.063533782958984,46.091331481933594,2217192656
2020-09-28,45.35554122924805,46.96242904663086,45.28989028930664,46.110626220703125,1923868466
2020-09-29,45.79656219482422,45.87041473388672,45.020565032958984,45.29804992675781,1790368155
2020-09-30,46.3714599609375,46.71512222290039,45.49448776245117,45.8067626953125,1979505099
2020-10-01,46.313507080078125,48.513702392578125,45.565799713134766,46.42695617675781,2558851054
2020-10-02,44.923973083496094,46.95109176635742,44.20128631591797,46.34896469116211,2201641713
2020-10-03,45.58177185058594,46.130401611328125,44.781742095947266,44.905696868896484,1707844978
2020-10-04,46.730106353759766,47.040550231933594,45.45301055908203,45.58098220825195,2034541387
2020-10-05,46.36322784423828,47.105098724365234,45.69383239746094,46.74247741699219,2349391995
2020-10-06,45.985530853271484,48.08342361450195,45.673255920410156,46.35686492919922,3013107749
2020-10-07,46.66048049926758,46.98228454589844,45.24394607543945,46.00466537475586,2167187221
2020-10-08,47.218379974365234,47.488433837890625,45.83724594116211,46.68059539794922,2350341454
2020-10-09,47.83295440673828,48.27326965332031,46.71034622192383,47.2160530090332,2250628685
2020-10-10,48.92109680175781,50.40800476074219,47.77711868286133,47.77711868286133,2781995604
2020-10-11,50.727901458740234,51.24394607543945,48.865318298339844,48.91490936279297,2601103257
2020-10-12,50.74381637573242,51.52434158325195,49.53612518310547,50.61570739746094,2646408249
2020-10-13,49.94063949584961,50.683040618896484,49.1269416809082,50.683040618896484,2177774803
2020-10-14,49.84648895263672,50.97562026977539,49.41543197631836,50.00718307495117,2213563866
2020-10-15,49.49037170410156,50.2487907409668,49.0589599609375,49.82561111450195,2340485565
2020-10-16,47.692874908447266,49.901912689208984,46.21237564086914,49.53493118286133,2331529601
2020-10-17,47.05392837524414,47.747188568115234,46.746177673339844,47.747188568115234,2169301016
2020-10-18,47.619544982910156,47.878196716308594,46.973388671875,47.059417724609375,2636565895
2020-10-19,48.098915100097656,48.49648666381836,46.9943733215332,47.641456604003906,1771107656
2020-10-20,47.051029205322266,48.44023895263672,46.68516159057617,48.10254669189453,1757468523
2020-10-21,53.04533004760742,54.54841232299805,47.05569076538086,47.062843322753906,3534993796
2020-10-22,54.267276763916016,56.06055450439453,53.00957489013672,53.015892028808594,3814584794
2020-10-23,55.23868942260742,56.66780471801758,53.1826171875,54.29941177368164,3519541892
2020-10-24,59.09558868408203,59.325233459472656,54.814544677734375,55.23872756958008,3899047277
2020-10-25,58.674800872802734,59.77090072631836,56.66130065917969,59.095584869384766,3725652470
2020-10-26,56.74577713012695,59.097110748291016,55.213218688964844,58.67481994628906,3701855843
2020-10-27,57.8160514831543,58.885128021240234,56.5108642578125,56.745750427246094,3431678162
2020-10-28,55.74251174926758,60.30220413208008,54.71086502075195,57.816078186035156,3786206312
2020-10-29,54.76585388183594,56.3043098449707,53.460052490234375,55.742557525634766,3010404352
2020-10-30,53.83503341674805,55.570556640625,52.52662658691406,54.765960693359375,2563994174
2020-10-31,55.59025955200195,56.10519790649414,53.533382415771484,53.83503723144531,2657420659
2020-11-01,55.587623596191406,55.97421646118164,54.25963592529297,55.59025955200195,2045991010
2020-11-02,53.817481994628906,56.71083450317383,53.2059440612793,55.58732223510742,3019889902
2020-11-03,53.81962203979492,54.27239990234375,51.64844512939453,53.81740951538086,2580300879
2020-11-04,54.49910354614258,55.00708770751953,51.60655975341797,53.8194694519043,3050534139
2020-11-05,58.678497314453125,59.223793029785156,54.50187301635742,54.50187301635742,3250514599
2020-11-06,63.13111114501953,63.28035354614258,58.46535110473633,58.67619323730469,4083503373
2020-11-07,59.143646240234375,64.40208435058594,57.59221267700195,63.13111114501953,4320946722
2020-11-08,61.05504608154297,61.81282043457031,58.8812370300293,59.143646240234375,2560316021
2020-11-09,59.36388397216797,61.77642822265625,57.84232711791992,61.055015563964844,2791720300
2020-11-10,58.237342834472656,59.657386779785156,57.597496032714844,59.3654670715332,2269831643
2020-11-11,59.51502990722656,60.548316955566406,58.20498275756836,58.237266540527344,2580790979
2020-11-12,60.365379333496094,60.44973373413086,58.30534744262695,59.514549255371094,2506731801
2020-11-13,65.45719909667969,66.02117919921875,60.31187438964844,60.36493682861328,4324936978
2020-11-14,63.77415084838867,65.83606719970703,61.9269905090332,65.45719909667969,2879859655
2020-11-15,62.27992248535156,64.14686584472656,61.234519958496094,63.77415466308594,2565763410
2020-11-16,71.32624816894531,71.99732208251953,62.17103576660156,62.2799186706543,5089779254
2020-11-17,75.85234069824219,76.4345932006836,71.23477172851562,73.5011215209961,5781117491
2020-11-18,73.69493865966797,76.44735717773438,69.62852478027344,75.84986114501953,6120728271
2020-11-19,81.68367004394531,83.21234130859375,71.79660034179688,73.6956787109375,6615851204
2020-11-20,82.5831527709961,85.17499542236328,80.26535034179688,81.68363189697266,6264878329
2020-11-21,86.41011810302734,88.00359344482422,80.65087890625,82.5831527709961,6565673514
2020-11-22,82.70420837402344,87.64380645751953,79.6460952758789,86.41011810302734,6285046852
2020-11-23,89.03931427001953,90.16441345214844,81.18516540527344,82.70428466796875,7198913664
2020-11-24,89.20537567138672,93.57601928710938,86.8316650390625,89.03275299072266,7748145325
2020-11-25,81.880126953125,90.41155242919922,79.86409759521484,89.20350646972656,6033297331
2020-11-26,70.86572265625,83.07267761230469,65.22534942626953,81.87519836425781,8965913476
2020-11-27,69.12387084960938,73.46366119384766,65.95252227783203,70.88436889648438,5874999214
2020-11-28,72.69296264648438,74.83356475830078,68.55299377441406,69.13182830810547,4784394518
2020-11-29,79.23506927490234,80.78340148925781,71.73285675048828,72.69962310791016,5314384738
2020-11-30,87.57463073730469,88.12899780273438,77.0670166015625,79.21046447753906,6812463307
2020-12-01,85.4357681274414,92.27677917480469,81.314208984375,87.57659912109375,9818290618
2020-12-02,88.85651397705078,90.10536193847656,83.39522552490234,85.43756103515625,7713268210
2020-12-03,89.09896850585938,91.12335205078125,85.80731964111328,88.87646484375,6014261404
2020-12-04,80.01707458496094,89.60210418701172,78.76920318603516,89.10392761230469,5444117736
2020-12-05,83.11872863769531,84.1685562133789,79.15448760986328,80.00739288330078,4517680975
2020-12-06,83.55533599853516,85.03716278076172,80.60243225097656,83.11591339111328,3454805957
2020-12-07,83.62406158447266,86.72644805908203,81.9332275390625,83.54549407958984,4312326196
2020-12-08,76.7486572265625,84.71400451660156,75.97650146484375,83.61647033691406,4230876095
2020-12-09,77.41098022460938,78.09993743896484,72.61898040771484,76.7384033203125,4239672634
2020-12-10,74.82955932617188,77.57532501220703,73.47132873535156,77.4122085571289,3007098971
2020-12-11,72.08733367919922,74.85487365722656,70.23130798339844,74.82575225830078,3761860017
2020-12-12,76.70689392089844,77.51998138427734,72.0787124633789,72.0787124633789,2966684035
2020-12-13,82.00064086914062,83.8890151977539,75.6593017578125,76.71316528320312,3845040543
2020-12-14,82.3631591796875,82.87445831298828,79.42679595947266,82.02944946289062,3459910049
2020-12-15,81.40067291259766,84.70834350585938,80.69972229003906,82.36437225341797,3727495996
2020-12-16,92.78968811035156,92.8460693359375,79.03235626220703,81.41154479980469,6152647270
2020-12-17,100.9595718383789,109.2346420288086,91.14077758789062,92.79939270019531,11165000706
2020-12-18,109.38450622558594,112.2507553100586,99.55088806152344,100.98905181884766,10096427749
2020-12-19,120.55890655517578,123.75543212890625,105.6860122680664,109.36553192138672,9859343632
2020-12-20,114.6659927368164,122.73542022705078,110.77295684814453,120.49281311035156,8652067110
2020-12-21,105.0053939819336,118.01512908935547,101.59909057617188,114.6683120727539,9903839433
2020-12-22,113.68036651611328,114.02957153320312,98.86866760253906,104.95057678222656,11221164987
2020-12-23,101.81706237792969,116.88765716552734,96.26966094970703,113.67897033691406,12287537836
2020-12-24,111.56539916992188,111.93286895751953,99.60633087158203,101.89503479003906,10108653753
2020-12-25,126.98359680175781,128.02589416503906,108.58560943603516,111.51172637939453,11678543063
2020-12-26,129.45919799804688,134.73513793945312,125.13356018066406,127.07919311523438,12680207148
2020-12-27,127.5169677734375,138.31971740722656,123.09740447998047,129.4566192626953,14103307412
2020-12-28,130.0503387451172,136.18507385253906,127.07134246826172,127.58830261230469,10248729547
2020-12-29,129.04080200195312,130.60858154296875,121.18720245361328,130.03326416015625,9160551332
2020-12-30,129.46607971191406,132.4501190185547,123.44434356689453,129.06185913085938,8127317345
2020-12-31,124.69032287597656,130.16624450683594,123.03648376464844,129.48028564453125,6274573135
2021-01-01,126.2303466796875,133.18576049804688,123.32807922363281,124.67276763916016,7326980728
2021-01-02,136.94488525390625,140.37257385253906,123.69361877441406,126.27296447753906,10532067985
2021-01-03,160.19058227539062,163.8986358642578,135.7399139404297,136.94940185546875,15385661271
2021-01-04,154.8073272705078,173.02781677246094,143.62396240234375,160.2711639404297,13659785704
2021-01-05,158.5947723388672,162.85018920898438,147.4000701904297,154.89755249023438,10192818976
2021-01-06,169.0169219970703,169.65745544433594,155.45286560058594,158.6659698486328,10743884477
2021-01-07,169.61595153808594,180.87338256835938,162.80654907226562,169.06822204589844,13099581396
2021-01-08,173.27987670898438,181.76663208007812,151.65025329589844,169.6415252685547,14705614969
2021-01-09,177.4839324951172,179.09007263183594,164.15248107910156,173.25375366210938,11136779198
2021-01-10,171.11483764648438,185.7803497314453,163.7847900390625,177.47718811035156,12774461582
2021-01-11,139.25222778320312,171.09483337402344,114.95645904541016,171.09483337402344,17994263494
2021-01-12,132.6359100341797,146.7163848876953,128.9265899658203,139.07998657226562,11898878222
2021-01-13,147.4213409423828,147.87789916992188,126.86204528808594,132.658935546875,8421748673
2021-01-14,152.08457946777344,156.56692504882812,144.1827850341797,147.37974548339844,8271411810
2021-01-15,144.237548828125,155.1172332763672,132.19332885742188,152.1115264892578,8416625031
2021-01-16,144.2654266357422,152.06082153320312,140.00201416015625,144.1881866455078,7183807955
2021-01-17,142.43081665039062,146.82423400878906,137.0695037841797,144.22483825683594,6098835633
2021-01-18,152.1440887451172,154.52569580078125,138.81143188476562,142.4346466064453,6640211538
2021-01-19,153.4874267578125,165.92430114746094,150.48788452148438,152.1975555419922,9314780275
2021-01-20,149.93142700195312,156.13848876953125,139.0926971435547,153.35609436035156,9002037330
2021-01-21,130.1334991455078,149.944091796875,126.23419952392578,149.944091796875,8703006148
2021-01-22,137.27145385742188,141.0155029296875,123.64692687988281,130.07383728027344,8550579025
2021-01-23,137.75099182128906,142.33926391601562,135.1113739013672,137.19769287109375,5380627901
2021-01-24,141.47731018066406,142.65240478515625,134.4783935546875,137.73870849609375,4972171240
2021-01-25,137.44419860839844,147.15028381347656,137.0099334716797,141.4382781982422,6344860290
2021-01-26,134.75526428222656,139.5409698486328,128.8664093017578,137.43292236328125,5897389103
2021-01-27,122.94947052001953,134.86264038085938,118.78751373291016,134.75144958496094,6281091792
2021-01-28,133.4869384765625,135.79153442382812,121.5363540649414,122.94125366210938,5828235786
2021-01-29,135.0125732421875,144.95843505859375,132.16175842285156,138.21852111816406,8878892082
2021-01-30,133.4000244140625,135.9033966064453,128.91656494140625,134.99925231933594,6332391807
2021-01-31,129.57081604003906,134.70370483398438,126.25299072265625,133.41802978515625,4539387378
2021-02-01,131.95193481445312,136.13021850585938,126.35044860839844,129.57460021972656,5607159828
2021-02-02,142.50697326660156,145.5329132080078,131.95291137695312,131.95291137695312,7552216052
2021-02-03,155.61203002929688,155.89230346679688,142.16775512695312,142.4767303466797,8586975076
2021-02-04,145.148193359375,158.08877563476562,142.41409301757812,155.65647888183594,7811659280
2021-02-05,154.8522186279297,156.53530883789062,144.31817626953125,145.150634765625,7359451680
2021-02-06,155.71473693847656,163.43093872070312,150.5127716064453,154.8540802001953,8323878876
2021-02-07,151.14007568359375,157.12864685058594,145.66253662109375,155.66954040527344,6884924123
2021-02-08,167.21905517578125,168.2659454345703,148.1227264404297,151.10751342773438,8863883926
2021-02-09,182.11447143554688,183.6444854736328,164.6878204345703,167.2139892578125,10156352233
2021-02-10,182.1743927001953,194.1829833984375,172.2554473876953,181.98745727539062,12820808289
2021-02-11,184.49600219726562,192.5048828125,176.55453491210938,182.062744140625,9278994121
2021-02-12,197.23170471191406,199.4168701171875,178.12335205078125,184.38714599609375,10839370443
2021-02-13,226.22760009765625,228.38446044921875,192.91964721679688,197.2343292236328,16565513036
2021-02-14,214.43026733398438,229.2051544189453,210.10166931152344,226.28587341308594,12902511399
2021-02-15,207.68101501464844,219.6385040283203,192.12124633789062,214.3249969482422,13482646966
2021-02-16,210.54656982421875,221.0515899658203,201.29598999023438,207.61044311523438,12666436004
2021-02-17,236.97352600097656,236.97352600097656,204.24293518066406,210.56903076171875,13792789978
2021-02-18,226.8695526123047,238.1966094970703,221.5928955078125,236.94924926757812,7889078633
2021-02-19,236.67601013183594,241.16128540039062,220.95677185058594,226.8992919921875,7151082978
2021-02-20,227.61988830566406,245.95751953125,216.64166259765625,236.6549072265625,8208699025
2021-02-21,227.23135375976562,233.1479949951172,220.98374938964844,227.51962280273438,6934669818
2021-02-22,208.10679626464844,227.23480224609375,182.52764892578125,227.22381591796875,9523044215
2021-02-23,176.93492126464844,208.3696746826172,159.68467712402344,208.1234130859375,10944696472
2021-02-24,181.3784942626953,189.16546630859375,169.78900146484375,176.96676635742188,7205360252
2021-02-25,178.90184020996094,204.74383544921875,176.0321502685547,181.3854217529297,7327999233
2021-02-26,170.3981475830078,182.0758514404297,163.2482452392578,179.12852478027344,7875998386
2021-02-27,172.10044860839844,179.92987060546875,167.90878295898438,170.43142700195312,4991079437
2021-02-28,164.9271697998047,172.64617919921875,154.79978942871094,172.10218811035156,5945000101
2021-03-01,175.23789978027344,176.35516357421875,163.9664306640625,164.98313903808594,4627257694
2021-03-02,177.8724365234375,184.73049926757812,171.1996307373047,175.20968627929688,5247274825
2021-03-03,188.52566528320312,196.25894165039062,177.3665008544922,177.974365234375,6392122021
2021-03-04,181.07864379882812,194.2318572998047,177.32473754882812,188.45831298828125,5488598135
2021-03-05,180.76560974121094,183.10256958007812,169.32713317871094,181.0399627685547,4560793618
2021-03-06,182.98190307617188,184.33958435058594,175.39544677734375,180.70632934570312,3799599706
2021-03-07,190.7591094970703,191.77023315429688,182.42234802246094,182.99069213867188,3541357558
2021-03-08,191.9276885986328,194.6191864013672,180.06842041015625,190.77127075195312,4401225306
2021-03-09,203.6378631591797,204.75062561035156,189.41970825195312,191.94004821777344,5408294951
2021-03-10,200.51686096191406,207.39239501953125,192.58245849609375,203.64158630371094,6296082804
2021-03-11,201.25033569335938,203.16783142089844,191.53683471679688,200.4497528076172,4823154653
2021-03-12,220.82940673828125,223.61497497558594,198.95384216308594,201.27366638183594,8079722567
2021-03-13,226.5782928466797,229.3739776611328,213.61134338378906,220.86453247070312,6378541696
2021-03-14,215.2960968017578,227.8301239013672,215.2960968017578,226.50550842285156,4537627844
2021-03-15,201.26461791992188,221.6864013671875,198.75254821777344,215.22727966308594,6186375403
2021-03-16,201.04063415527344,204.86439514160156,192.19180297851562,201.1912078857422,5270029739
2021-03-17,206.06793212890625,206.2874298095703,195.02586364746094,201.0641632080078,4362001168
2021-03-18,200.5373077392578,208.09637451171875,200.10302734375,206.03314208984375,3719561575
2021-03-19,201.063720703125,205.34371948242188,196.9537811279297,200.4992218017578,2807932048
2021-03-20,200.80642700195312,206.6977081298828,200.1773681640625,201.0334014892578,2529075165
2021-03-21,196.42774963378906,202.84861755371094,193.4961395263672,200.8138427734375,2758761604
2021-03-22,187.0778350830078,198.90126037597656,186.6174774169922,196.42990112304688,3115325434
2021-03-23,187.3939666748047,189.95790100097656,182.69422912597656,187.06910705566406,3047428308
2021-03-24,177.6549530029297,197.33694458007812,175.8431396484375,187.33908081054688,4051272249
2021-03-25,173.06118774414062,179.12672424316406,169.63616943359375,177.58641052246094,3429325350
2021-03-26,184.27867126464844,184.43907165527344,172.74221801757812,173.02218627929688,3109769980
2021-03-27,184.8304443359375,186.5439453125,179.1182098388672,184.2672882080078,2408040965
2021-03-28,185.0284881591797,187.74563598632812,181.67015075683594,184.82435607910156,2162823815
2021-03-29,194.4747772216797,197.4888916015625,183.47500610351562,185.01560974121094,3353971422
2021-03-30,196.68209838867188,200.12115478515625,191.15234375,194.4708251953125,3604665752
2021-03-31,197.4990997314453,199.28268432617188,189.4910125732422,196.68894958496094,3416343750
2021-04-01,204.11251831054688,205.4669952392578,195.9429931640625,197.5243682861328,3871809467
2021-04-02,213.2283935546875,214.403564453125,202.50856018066406,204.05361938476562,4095228243
2021-04-03,197.14820861816406,218.240234375,197.14620971679688,213.1597442626953,4020429578
2021-04-04,204.04290771484375,206.21987915039062,195.53404235839844,197.10977172851562,2866830149
2021-04-05,221.0690460205078,225.40084838867188,200.92845153808594,204.0477752685547,4789647554
2021-04-06,237.66490173339844,244.51747131347656,217.63345336914062,221.61463928222656,9267495720
2021-04-07,219.42367553710938,243.15127563476562,212.22665405273438,237.5615692138672,8711169124
2021-04-08,227.00302124023438,228.35366821289062,218.0843963623047,219.84661865234375,4532286410
2021-04-09,221.86236572265625,228.96714782714844,220.10940551757812,227.0221710205078,3137324847
2021-04-10,255.6201934814453,255.6759796142578,220.2007293701172,221.7160186767578,6686630635
2021-04-11,253.63446044921875,264.5142822265625,246.41282653808594,256.92132568359375,6786514965
2021-04-12,244.49436950683594,258.59661865234375,241.10438537597656,253.17601013183594,5220366581
2021-04-13,266.9814758300781,273.2527160644531,244.67002868652344,244.71218872070312,6908471654
2021-04-14,279.7484130859375,282.6783142089844,256.7626647949219,267.23248291015625,8215124752
2021-04-15,286.5906066894531,290.79052734375,267.177734375,279.3411560058594,6470712244
2021-04-16,310.61273193359375,316.9685974121094,267.47308349609375,286.2806701660156,11850832933
2021-04-17,304.7599182128906,335.0245361328125,300.6131286621094,309.556640625,13254117896
2021-04-18,273.09881591796875,307.30426025390625,238.33741760253906,304.64703369140625,13129808269
2021-04-19,261.9192199707031,281.3525390625,251.5144805908203,273.6451416015625,9384818110
2021-04-20,260.94134521484375,272.5924377441406,235.67340087890625,261.2803039550781,9446199109
2021-04-21,258.80560302734375,276.31024169921875,251.68423461914062,261.0679016113281,7698253801
2021-04-22,253.07835388183594,289.3291931152344,241.3014373779297,258.0594177246094,9862940091
2021-04-23,241.35877990722656,256.65618896484375,212.02816772460938,253.10479736328125,9252716255
2021-04-24,224.8357696533203,241.45779418945312,221.28370666503906,241.45779418945312,4567973779
2021-04-25,223.6328582763672,235.20606994628906,212.28683471679688,224.92184448242188,3703413398
2021-04-26,247.4059295654297,247.9586944580078,221.91038513183594,223.9871368408203,4935577761
2021-04-27,259.65228271484375,262.6161193847656,243.99539184570312,247.57827758789062,4605576124
2021-04-28,258.5051574707031,266.3074951171875,248.5077362060547,259.79095458984375,4235575377
2021-04-29,255.58526611328125,262.5469665527344,249.2930450439453,258.5769958496094,3555940124
2021-04-30,271.1670837402344,273.2450256347656,252.8878173828125,255.45057678222656,3898872713
2021-05-01,276.8335266113281,278.21942138671875,266.63140869140625,271.1426696777344,3611805752
2021-05-02,269.1043701171875,277.48345947265625,265.3357238769531,276.9604187011719,3118501264
2021-05-03,294.7040100097656,299.300537109375,268.7289733886719,269.00830078125,5172505234
2021-05-04,306.2344970703125,326.888671875,275.4649658203125,294.7742614746094,11541253990
2021-05-05,356.0370788574219,359.5001525878906,301.4515686035156,305.1773986816406,13183539068
2021-05-06,353.5103454589844,364.5176086425781,323.7054443359375,356.0221252441406,10441211171
2021-05-07,346.2535705566406,372.2654113769531,333.99517822265625,354.5068359375,11094872192
2021-05-08,346.3687438964844,356.0328674316406,334.97576904296875,345.296875,6775459938
2021-05-09,386.4507751464844,388.2327880859375,335.1734619140625,347.09002685546875,9835832552
2021-05-10,359.3293151855469,412.96014404296875,339.1389465332031,387.8691711425781,13240769672
2021-05-11,377.3887939453125,378.859130859375,345.298828125,359.2580871582031,8798204078
2021-05-12,303.0848693847656,393.1324768066406,303.0848693847656,377.6705322265625,8782996412
2021-05-13,316.9093322753906,332.0284729003906,292.2806701660156,310.1023864746094,9777636796
2021-05-14,326.2338562011719,338.0980529785156,308.7076721191406,317.5172119140625,6413801038
2021-05-15,299.77252197265625,331.5926208496094,297.5908508300781,326.3979187011719,5642887118
2021-05-16,296.6270446777344,323.7637939453125,280.37066650390625,299.8179626464844,5522282426
2021-05-17,281.7693176269531,296.4105529785156,262.739990234375,296.0924377441406,6426443389
2021-05-18,294.61932373046875,318.0450744628906,279.4114685058594,281.10333251953125,7572089848
2021-05-19,189.52017211914062,299.84759521484375,151.1724395751953,294.6055908203125,11449368854
2021-05-20,212.27613830566406,224.84767150878906,167.64004516601562,186.86627197265625,8294595618
2021-05-21,180.19703674316406,219.23480224609375,157.61199951171875,210.93597412109375,6827729891
2021-05-22,169.5945587158203,184.3743133544922,163.06649780273438,180.5387420654297,5184597505
2021-05-23,143.5193634033203,176.4557342529297,118.64244079589844,169.68450927734375,6847843143
2021-05-24,183.99412536621094,184.1439971923828,140.40377807617188,142.80264282226562,5615445186
2021-05-25,183.49789428710938,194.12405395507812,168.41075134277344,185.03749084472656,5221949811
2021-05-26,199.22433471679688,204.08950805664062,180.01719665527344,183.976318359375,4409113332
2021-05-27,193.12109375,208.4635009765625,181.08734130859375,199.2351837158203,4104509375
2021-05-28,177.32066345214844,198.48675537109375,166.2047576904297,193.99053955078125,4842770593
2021-05-29,163.80810546875,188.60699462890625,158.0443878173828,177.3782196044922,4442221955
2021-05-30,170.9782257080078,180.2601776123047,156.3244171142578,163.80166625976562,3015850344
2021-05-31,188.03367614746094,188.15899658203125,164.00938415527344,170.66888427734375,3347105582
2021-06-01,182.98069763183594,193.0040283203125,176.29721069335938,188.1175537109375,2965166592
2021-06-02,187.26397705078125,191.24441528320312,178.66116333007812,183.00299072265625,2808932742
2021-06-03,193.086181640625,197.6842803955078,182.46522521972656,187.4100799560547,2854571398
2021-06-04,178.87200927734375,193.54904174804688,170.01918029785156,193.54904174804688,3123327190
2021-06-05,173.02871704101562,185.43394470214844,168.1190948486328,178.7062225341797,2626658227
2021-06-06,176.63943481445312,180.02162170410156,172.51512145996094,173.1466522216797,2250385468
2021-06-07,161.73280334472656,182.23959350585938,161.0727996826172,176.539306640625,2497621711
2021-06-08,161.16107177734375,164.47744750976562,145.66819763183594,162.04898071289062,3333355082
2021-06-09,172.13865661621094,173.04527282714844,152.84213256835938,160.8913116455078,3251347235
2021-06-10,168.20306396484375,174.52015686035156,162.9648895263672,172.47857666015625,2639779895
2021-06-11,162.88052368164062,173.48854064941406,160.8946990966797,168.2439727783203,2518234370
2021-06-12,162.01486206054688,164.25701904296875,154.3889923095703,162.97703552246094,2207409008
2021-06-13,170.93087768554688,171.51971435546875,156.96461486816406,161.9825897216797,2041213335
2021-06-14,172.9490966796875,180.00091552734375,166.6953887939453,170.85440063476562,1960141206
2021-06-15,178.659423828125,181.04803466796875,172.44073486328125,178.63372802734375,2459814443
2021-06-16,166.4589385986328,177.2010040283203,164.9956817626953,175.3293914794922,2211208641
2021-06-17,167.05569458007812,173.25112915039062,163.58920288085938,166.6033172607422,2010202177
2021-06-18,156.3556365966797,167.37890625,152.0054931640625,167.23403930664062,2163514007
2021-06-19,153.2954559326172,160.82736206054688,152.93783569335938,156.55419921875,1718599931
2021-06-20,155.09259033203125,156.2391815185547,144.31533813476562,153.0144500732422,1958671063
2021-06-21,124.78646087646484,155.49322509765625,124.249267578125,154.97198486328125,2929287425
2021-06-22,119.6026840209961,132.62332153320312,105.56629180908203,124.59527587890625,3728601207
2021-06-23,128.67498779296875,133.59461975097656,115.95838165283203,119.67530822753906,2863227875
2021-06-24,134.48460388183594,137.175537109375,123.95979309082031,129.06080627441406,1897169523
2021-06-25,125.687744140625,138.11972045898438,124.58116912841797,134.59622192382812,1912813174
2021-06-26,126.65725708007812,129.3040771484375,119.02980041503906,125.3934326171875,2064657166
2021-06-27,132.34788513183594,132.47605895996094,125.09052276611328,126.89379119873047,1804264433
2021-06-28,137.370849609375,139.47433471679688,130.3041534423828,132.5926971435547,1877529989
2021-06-29,143.70291137695312,149.09628295898438,137.42349243164062,137.61309814453125,2182136698
2021-06-30,144.13583374023438,146.67156982421875,136.4293212890625,144.05044555664062,1889869747
2021-07-01,137.57752990722656,144.1366424560547,134.40602111816406,144.1366424560547,1681324823
2021-07-02,136.94369506835938,138.78770446777344,130.9354705810547,137.2992706298828,1418980649
2021-07-03,140.27969360351562,141.35601806640625,134.94528198242188,136.9305877685547,1236493834
2021-07-04,144.90585327148438,147.8360595703125,137.09642028808594,140.3179931640625,1431656519
2021-07-05,138.0732421875,144.84933471679688,134.96026611328125,144.84933471679688,1338245545
2021-07-06,138.9856414794922,142.7035675048828,135.92483520507812,137.95167541503906,1504907480
2021-07-07,137.3712158203125,142.90057373046875,137.18386840820312,138.9601593017578,1594183502
2021-07-08,132.30850219726562,137.67222595214844,128.44664001464844,137.5182647705078,1654154836
2021-07-09,134.57159423828125,135.73353576660156,126.36164855957031,132.1701202392578,1578256301
2021-07-10,133.98728942871094,136.7248077392578,130.92250061035156,134.65133666992188,1301165252
2021-07-11,134.24583435058594,136.4457244873047,132.24530029296875,133.98126220703125,1267259648
2021-07-12,133.5381317138672,139.66526794433594,132.155029296875,134.29124450683594,1658972857
2021-07-13,131.32180786132812,134.52394104003906,129.7334442138672,133.48373413085938,1326935445
2021-07-14,131.06260681152344,132.31178283691406,124.23351287841797,131.39901733398438,1509497526
2021-07-15,125.49156188964844,133.01707458496094,122.33609771728516,131.13238525390625,1512389053
2021-07-16,121.04105377197266,127.78345489501953,120.7690658569336,125.62896728515625,1434977465
2021-07-17,120.0270767211914,122.89361572265625,118.07868194580078,120.94344329833984,1380666904
2021-07-18,119.51201629638672,123.98239135742188,117.39049530029297,120.080810546875,1339676386
2021-07-19,113.16480255126953,120.73291015625,111.98568725585938,119.38440704345703,1252109735
2021-07-20,107.39948272705078,114.93824768066406,104.32588958740234,113.24037170410156,1447927552
2021-07-21,117.45989227294922,118.8583755493164,105.37126922607422,107.33421325683594,1535044626
2021-07-22,120.73579406738281,121.90778350830078,115.81658935546875,117.63249969482422,1244645331
2021-07-23,124.2494125366211,124.46802520751953,117.28687286376953,120.74201202392578,1105582289
2021-07-24,126.18867492675781,127.74347686767578,123.61669158935547,124.21847534179688,1149988053
2021-07-25,127.59797668457031,128.01429748535156,123.86831665039062,126.11593627929688,1152966295
2021-07-26,131.36248779296875,140.26858520507812,127.19208526611328,127.65141296386719,2122247682
2021-07-27,134.6178741455078,134.9468536376953,127.62014770507812,131.23289489746094,1709997405
2021-07-28,139.83660888671875,141.8950958251953,132.92088317871094,134.7672119140625,1844085027
2021-07-29,141.3212890625,142.80491638183594,137.14625549316406,140.29916381835938,1579482162
2021-07-30,145.7750244140625,145.79518127441406,136.22012329101562,141.47171020507812,1614166297
2021-07-31,144.93321228027344,146.59869384765625,142.05093383789062,145.654296875,1337306944
2021-08-01,140.73553466796875,149.69740295410156,138.77186584472656,144.50985717773438,1520253711
2021-08-02,141.50550842285156,145.86026000976562,139.091552734375,140.5424346923828,1446142148
2021-08-03,138.2908477783203,143.14199829101562,136.130859375,141.468505859375,1337812400
2021-08-04,142.623046875,144.43251037597656,135.9945526123047,138.48631286621094,1391008967
2021-08-05,143.43597412109375,145.00405883789062,136.4845733642578,142.62791442871094,1601656842
2021-08-06,147.8009490966797,150.55557250976562,142.0043182373047,143.54800415039062,1830070393
2021-08-07,155.86477661132812,156.3384246826172,147.3045196533203,147.8987579345703,2107022706
2021-08-08,149.8477325439453,157.43844604492188,147.36541748046875,155.95895385742188,1780747563
2021-08-09,166.516357421875,170.38600158691406,145.44422912597656,149.81851196289062,2544061454
2021-08-10,165.46041870117188,168.17385864257812,159.07925415039062,166.4677276611328,2379906344
2021-08-11,170.93594360351562,176.01881408691406,164.40505981445312,165.40869140625,2419719473
2021-08-12,165.1310272216797,179.57052612304688,161.1070556640625,170.87928771972656,2386820701
2021-08-13,183.2860870361328,184.30398559570312,164.28289794921875,165.51177978515625,2604958786
2021-08-14,182.71127319335938,184.938720703125,175.77862548828125,183.3824005126953,2425228534
2021-08-15,184.904296875,186.36778259277344,175.61293029785156,182.9389190673828,2463135987
2021-08-16,178.8544921875,188.8373565673828,176.99046325683594,184.7760009765625,2512505149
2021-08-17,168.84263610839844,184.22093200683594,168.340576171875,178.15264892578125,2207382233
2021-08-18,167.3966064453125,174.30966186523438,163.58016967773438,168.67343139648438,1933140312
2021-08-19,175.493408203125,175.54293823242188,162.9866943359375,167.04376220703125,1886756817
2021-08-20,183.62852478027344,184.08155822753906,174.3670196533203,175.4324951171875,1821956870
2021-08-21,179.73614501953125,184.413818359375,177.05250549316406,183.65145874023438,1735474978
2021-08-22,186.31309509277344,189.5882568359375,179.1482696533203,179.90740966796875,2051815458
2021-08-23,187.10643005371094,191.38265991210938,183.9352569580078,186.13238525390625,2033355063
2021-08-24,173.57681274414062,188.33013916015625,172.7820281982422,187.30474853515625,1968635010
2021-08-25,177.6032257080078,178.9541778564453,169.92413330078125,173.70973205566406,1766315141
2021-08-26,168.08558654785156,180.2177276611328,166.03240966796875,177.8907012939453,1967737081
2021-08-27,175.98440551757812,175.98440551757812,165.39891052246094,167.98785400390625,2747733541
2021-08-28,175.45408630371094,177.00636291503906,171.77511596679688,176.1288299560547,2197632103
2021-08-29,174.7042236328125,182.30320739746094,173.50204467773438,175.52719116210938,2336929993
2021-08-30,167.42466735839844,176.10398864746094,167.07908630371094,174.6308135986328,2322318232
2021-08-31,171.6592254638672,175.23890686035156,166.14059448242188,167.5045928955078,2252832552
2021-09-01,180.97216796875,182.71591186523438,169.01461791992188,171.46517944335938,2807031001
2021-09-02,183.61724853515625,187.88600158691406,179.7144775390625,180.95639038085938,2648327451
2021-09-03,212.96597290039062,217.51747131347656,180.1070556640625,183.43487548828125,5461104943
2021-09-04,212.35845947265625,225.11004638671875,208.9357147216797,212.96484375,4290103830
2021-09-05,231.333984375,231.95567321777344,210.74658203125,211.97352600097656,3796951481
2021-09-06,219.52577209472656,232.10145568847656,216.6732177734375,232.10145568847656,3846416196
2021-09-07,178.11439514160156,221.43191528320312,165.84286499023438,219.52459716796875,4888577997
2021-09-08,179.72467041015625,188.20123291015625,170.00404357910156,178.07594299316406,4614459511
2021-09-09,180.37680053710938,188.45785522460938,177.24061584472656,177.9097442626953,2895886861
2021-09-10,174.29603576660156,187.12901306152344,171.5594024658203,180.44834899902344,2640894542
2021-09-11,178.68856811523438,185.77748107910156,173.75514221191406,174.30833435058594,2374798275
2021-09-12,183.23448181152344,185.93312072753906,175.57394409179688,178.6846160888672,2524354411
2021-09-13,179.48394775390625,233.05685424804688,171.38385009765625,183.24244689941406,8716460338
2021-09-14,183.13906860351562,187.5938262939453,176.49996948242188,179.5534210205078,3674072759
2021-09-15,189.23941040039062,191.49803161621094,180.04246520996094,183.0461883544922,2966645617
2021-09-16,185.53807067871094,194.78985595703125,181.85879516601562,189.02932739257812,3890293445
2021-09-17,179.68408203125,190.08932495117188,178.46478271484375,185.39852905273438,3490133355
2021-09-18,181.30886840820312,184.87098693847656,178.50674438476562,179.83258056640625,2288894200
2021-09-19,175.7406005859375,181.47645568847656,173.23143005371094,181.24803161621094,2265327476
2021-09-20,156.46401977539062,175.9052734375,154.10418701171875,175.7526092529297,3091999618
2021-09-21,148.38987731933594,162.0477294921875,145.47476196289062,157.2126922607422,2676739911
2021-09-22,161.41200256347656,161.9007568359375,145.7730712890625,148.24111938476562,2470322802
2021-09-23,163.81834411621094,164.5155487060547,157.520751953125,161.49305725097656,2168287266
2021-09-24,152.2317352294922,165.76832580566406,142.44131469726562,163.8912811279297,3002639992
2021-09-25,151.18145751953125,155.52850341796875,149.2789306640625,152.22764587402344,2780149595
2021-09-26,150.640869140625,153.4053497314453,142.54745483398438,151.1856231689453,3285914022
2021-09-27,145.34957885742188,154.82504272460938,145.27651977539062,150.86325073242188,2675737537
2021-09-28,140.5971221923828,148.44705200195312,140.3708953857422,145.2202606201172,2716268316
2021-09-29,144.9186248779297,149.6635284423828,140.14515686035156,140.67201232910156,2611872987
2021-09-30,153.1479949951172,154.19712829589844,144.1713409423828,144.853759765625,2490894083
2021-10-01,166.1322021484375,168.00570678710938,151.5926513671875,153.2936553955078,3075986940
2021-10-02,169.25892639160156,172.634521484375,164.80014038085938,166.21224975585938,2954252473
2021-10-03,170.60997009277344,174.69522094726562,166.1136474609375,169.1682586669922,3020051826
2021-10-04,167.54014587402344,170.7590789794922,162.34503173828125,170.60240173339844,2809356425
2021-10-05,173.89108276367188,175.23277282714844,166.92149353027344,167.53915405273438,2779608244
2021-10-06,178.70567321777344,182.7165985107422,164.39273071289062,173.89476013183594,3434445937
2021-10-07,178.771728515625,186.70028686523438,173.76512145996094,178.68307495117188,3653828647
2021-10-08,175.97238159179688,182.8628387451172,174.97140502929688,178.61398315429688,3235639420
2021-10-09,179.65866088867188,182.5896453857422,175.0626220703125,175.8391571044922,3261336754
2021-10-10,175.31857299804688,183.83078002929688,174.6259765625,179.779052734375,2933958270
2021-10-11,179.42605590820312,185.08250427246094,173.7331085205078,175.10952758789062,3155773236
2021-10-12,172.79776000976562,179.44728088378906,167.44483947753906,179.44728088378906,3014739916
2021-10-13,177.62832641601562,179.43910217285156,168.02479553222656,172.65509033203125,2648806965
2021-10-14,180.11839294433594,185.91506958007812,177.16390991210938,177.54449462890625,2669021002
2021-10-15,188.8141326904297,192.36476135253906,176.94956970214844,181.00021362304688,3361284929
2021-10-16,186.18930053710938,192.17178344726562,185.43048095703125,189.49830627441406,2812657145
2021-10-17,183.73052978515625,187.79721069335938,178.02435302734375,186.02996826171875,2557228667
2021-10-18,185.55674743652344,187.1116485595703,179.23037719726562,183.8011474609375,2735635061
2021-10-19,188.9398193359375,191.05386352539062,183.9536895751953,185.6239013671875,2468334299
2021-10-20,206.87078857421875,208.83335876464844,185.98178100585938,188.86724853515625,2998361011
2021-10-21,196.8691864013672,214.02157592773438,196.4022979736328,207.3284454345703,2819160222
2021-10-22,190.82228088378906,201.31959533691406,188.53033447265625,196.94500732421875,2250306566
2021-10-23,196.30950927734375,197.44529724121094,189.37583923339844,190.98883056640625,1909421304
2021-10-24,190.9056854248047,199.4508056640625,185.7188720703125,196.46180725097656,1964457059
2021-10-25,195.299560546875,197.3959503173828,189.87562561035156,190.57064819335938,2117515772
2021-10-26,197.4688720703125,198.97657775878906,190.97183227539062,195.3643341064453,2152699224
2021-10-27,179.33412170410156,204.65245056152344,174.11334228515625,197.55178833007812,3305908613
2021-10-28,189.97763061523438,194.41094970703125,178.429443359375,179.32862854003906,2629059101
2021-10-29,196.34471130371094,197.90191650390625,188.79783630371094,189.90927124023438,2323635618
2021-10-30,190.4823455810547,197.02651977539062,188.016357421875,196.4240264892578,2152582091
2021-10-31,191.81637573242188,194.93223571777344,187.3317108154297,190.44384765625,2072793808
2021-11-01,197.55499267578125,200.49143981933594,188.3896484375,192.04502868652344,2301982951
2021-11-02,200.7246856689453,204.24156188964844,195.2384033203125,197.62567138671875,2197205823
2021-11-03,207.11013793945312,209.02328491210938,197.8549346923828,200.71893310546875,2526891232
2021-11-04,202.96798706054688,207.28309631347656,197.3330535888672,207.28309631347656,2297111488
2021-11-05,199.53793334960938,203.23916625976562,197.13235473632812,202.95184326171875,1691201016
2021-11-06,197.86636352539062,201.1033935546875,191.83587646484375,199.29800415039062,1562585003
2021-11-07,202.0513153076172,202.4279022216797,197.35459899902344,197.8972625732422,1368484091
2021-11-08,228.69619750976562,229.48040771484375,202.30235290527344,202.30235290527344,3069524134
2021-11-09,262.9067077636719,274.27752685546875,227.10169982910156,228.87667846679688,7006560647
2021-11-10,261.2629699707031,294.5628662109375,254.38720703125,262.1584167480469,7776726430
2021-11-11,263.0867004394531,273.7519226074219,251.60540771484375,260.8917541503906,3957519255
2021-11-12,251.55836486816406,281.9473876953125,244.24835205078125,262.6050720214844,4974432912
2021-11-13,258.09320068359375,263.6808166503906,245.50743103027344,251.19338989257812,2964986959
2021-11-14,278.00750732421875,279.2216796875,249.1079864501953,257.9888000488281,3230589098
2021-11-15,262.7633972167969,280.7282409667969,259.9883728027344,279.2409362792969,2797322397
2021-11-16,230.59942626953125,263.3050537109375,224.916748046875,263.3050537109375,4031751969
2021-11-17,229.5041046142578,234.9708709716797,221.84703063964844,230.64382934570312,2863410681
2021-11-18,204.42291259765625,232.0609130859375,200.68801879882812,229.75303649902344,3104667090
2021-11-19,218.13858032226562,220.94715881347656,200.1072540283203,204.15194702148438,2357308403
2021-11-20,227.07960510253906,227.61883544921875,213.79388427734375,218.11883544921875,2134869389
2021-11-21,221.77194213867188,230.3231658935547,220.05844116210938,226.9408416748047,1787880756
2021-11-22,209.15802001953125,221.82920837402344,205.91053771972656,221.7183837890625,2030965166
2021-11-23,216.38897705078125,218.42584228515625,205.91696166992188,209.31344604492188,1944651936
2021-11-24,209.8065948486328,217.84107971191406,206.5169219970703,216.36253356933594,1884041986
2021-11-25,215.63497924804688,229.64520263671875,210.92410278320312,212.23345947265625,1953190727
2021-11-26,194.87464904785156,224.8620147705078,190.84671020507812,222.91036987304688,2690646017
2021-11-27,195.17442321777344,200.845458984375,191.19830322265625,195.557861328125,1406618152
2021-11-28,199.35421752929688,199.8712158203125,184.1060333251953,195.4145965576172,1712282909
2021-11-29,205.87020874023438,209.2916259765625,195.7545623779297,199.5909881591797,1784850980
2021-11-30,208.01454162597656,218.3396453857422,198.14625549316406,205.73304748535156,2122547294
2021-12-01,208.97125244140625,217.50633239746094,205.80560302734375,207.63661193847656,1739548260
2021-12-02,203.4896240234375,209.8877410888672,200.59449768066406,208.8951416015625,1523272322
2021-12-03,188.09971618652344,207.6363067626953,182.541748046875,203.568359375,1805361744
2021-12-04,163.05270385742188,189.43101501464844,132.05429077148438,188.3485565185547,3667491155
2021-12-05,156.4097900390625,165.01788330078125,149.2733917236328,162.95724487304688,1952282406
2021-12-06,161.8865203857422,164.30856323242188,141.77304077148438,156.5113525390625,1959778935
2021-12-07,162.29286193847656,165.4556884765625,158.70608520507812,161.78375244140625,1510598217
2021-12-08,165.2234649658203,169.35586547851562,156.8856658935547,162.04222106933594,1705972971
2021-12-09,151.79530334472656,166.9373321533203,151.79530334472656,164.9592742919922,1373978010
2021-12-10,148.59829711914062,159.71279907226562,148.2205352783203,151.7544403076172,1344733451
2021-12-11,158.0419158935547,159.4130096435547,146.49546813964844,148.74195861816406,1207041548
2021-12-12,159.20396423339844,162.48501586914062,153.6103515625,157.9253387451172,870576845
2021-12-13,144.53590393066406,160.0882110595703,143.1669464111328,159.35443115234375,1097150357
2021-12-14,146.0780029296875,151.633056640625,143.42257690429688,144.62205505371094,1150775410
2021-12-15,153.51541137695312,154.86322021484375,142.0965576171875,150.61129760742188,1356025651
2021-12-16,148.9417266845703,156.61610412597656,148.71083068847656,153.51084899902344,1001741958
2021-12-17,144.33840942382812,150.3484649658203,142.02572631835938,148.98037719726562,973529667
2021-12-18,148.80140686035156,150.2078857421875,143.17318725585938,144.26478576660156,782184567
2021-12-19,153.07763671875,160.16497802734375,147.891845703125,148.71047973632812,1587190278
2021-12-20,152.62867736816406,157.30357360839844,145.53555297851562,153.26048278808594,1590290392
2021-12-21,154.92709350585938,156.4102020263672,149.45191955566406,152.505615234375,1053723085
2021-12-22,155.46749877929688,159.9808349609375,153.37020874023438,155.0339813232422,1111879486
2021-12-23,163.44949340820312,165.08154296875,153.58148193359375,155.5389404296875,1337153835
2021-12-24,161.42103576660156,166.69239807128906,160.67201232910156,163.55247497558594,1085980228
2021-12-25,157.7855987548828,163.69915771484375,157.7855987548828,161.49082946777344,959492046
2021-12-26,155.99234008789062,158.3427734375,153.33297729492188,157.77371215820312,1248012717
2021-12-27,155.8812255859375,161.08070373535156,154.733642578125,155.88499450683594,1057977478
2021-12-28,145.88687133789062,155.98207092285156,145.17674255371094,155.98207092285156,1315031071
2021-12-29,145.5126190185547,150.60934448242188,144.5751953125,145.9368133544922,1081715291
2021-12-30,148.2860107421875,149.8709259033203,143.23793029785156,145.58570861816406,838034968
2021-12-31,146.51473999023438,152.25169372558594,144.5597381591797,148.20953369140625,1051011688
2022-01-01,150.6974334716797,150.7519989013672,146.45693969726562,146.536865234375,691648227
2022-01-02,151.2554931640625,152.93603515625,148.66310119628906,150.685302734375,680239631
2022-01-03,148.4615936279297,151.26339721679688,146.6741943359375,151.26339721679688,755658603
2022-01-04,146.81228637695312,151.33206176757812,146.5630645751953,148.4677734375,789511706
2022-01-05,136.089111328125,149.54522705078125,132.1007537841797,146.81129455566406,1304198400
2022-01-06,136.5037841796875,137.7505340576172,133.3151397705078,136.0773162841797,1136595284
2022-01-07,131.4884490966797,136.52577209472656,128.08090209960938,136.4918670654297,1364180297
2022-01-08,130.13748168945312,134.629150390625,126.74758911132812,131.49484252929688,1002118315
2022-01-09,131.29832458496094,132.4771728515625,128.80877685546875,130.13734436035156,710682825
2022-01-10,126.83382415771484,131.51531982421875,122.6286849975586,131.3038787841797,1097888042
2022-01-11,131.54498291015625,133.20668029785156,126.28759002685547,126.8260498046875,834900749
2022-01-12,141.73719787597656,141.74012756347656,131.27281188964844,131.5546875,881585292
2022-01-13,136.6365203857422,142.0492401123047,135.3616943359375,141.7368621826172,886433982
2022-01-14,144.72491455078125,146.0211944580078,136.36302185058594,136.6469268798828,1204657825
2022-01-15,147.93740844726562,149.92144775390625,144.45794677734375,144.72024536132812,1001838786
2022-01-16,146.533203125,148.78028869628906,144.2544708251953,147.93226623535156,756580688
2022-01-17,151.66726684570312,153.14288330078125,145.17018127441406,146.5348358154297,1608309071
2022-01-18,141.89076232910156,152.90213012695312,139.51914978027344,151.65390014648438,1278790664
2022-01-19,136.9167022705078,142.82635498046875,133.73797607421875,141.8882598876953,926249070
2022-01-20,130.36500549316406,142.53172302246094,130.36119079589844,136.8967742919922,706911161
2022-01-21,114.3918685913086,130.82464599609375,112.4258804321289,130.3922882080078,1680709016
2022-01-22,108.42849731445312,116.67909240722656,99.7610092163086,114.4232406616211,2098519931
2022-01-23,112.08950805664062,112.39445495605469,106.59941864013672,108.46219635009766,1135598050
2022-01-24,109.59159851074219,112.19467163085938,98.66522216796875,112.10081481933594,1645918728
2022-01-25,108.06637573242188,109.68234252929688,106.33942413330078,109.59247589111328,909091096
2022-01-26,107.28218078613281,115.78300476074219,105.84998321533203,108.06230163574219,1064088735
2022-01-27,106.9535140991211,109.46898651123047,103.78439331054688,107.26136016845703,825647673
2022-01-28,109.43273162841797,109.83932495117188,105.81873321533203,106.92748260498047,683706404
2022-01-29,110.82367706298828,111.85406494140625,108.31248474121094,109.43119812011719,592402655
2022-01-30,108.79985809326172,112.042724609375,107.72004699707031,110.83002471923828,537737428
2022-01-31,109.58769989013672,110.9894027709961,105.02007293701172,108.7991714477539,691404381
2022-02-01,115.4020004272461,116.3658218383789,108.66441345214844,109.58943939208984,824048434
2022-02-02,108.55602264404297,115.88226318359375,108.43699645996094,115.40450286865234,743395485
2022-02-03,110.28700256347656,110.28700256347656,106.41796875,108.53465270996094,683428425
2022-02-04,120.91803741455078,120.92221069335938,109.00498962402344,110.29109954833984,953726676
2022-02-05,121.91674041748047,123.39488220214844,119.2457046508789,120.92329406738281,736360985
2022-02-06,127.44550323486328,127.44550323486328,121.42715454101562,121.91934967041016,782675364
2022-02-07,137.10739135742188,139.24339294433594,125.56070709228516,127.44465637207031,1131143500
2022-02-08,133.99124145507812,142.35386657714844,130.99807739257812,137.14239501953125,1373203815
2022-02-09,140.17160034179688,140.7852020263672,132.8143310546875,133.96217346191406,1036393461
2022-02-10,135.08839416503906,143.23289489746094,135.08839416503906,140.1739044189453,1276403767
2022-02-11,126.03115844726562,135.0928497314453,125.37024688720703,135.0928497314453,1080587719
2022-02-12,126.68367767333984,127.5803451538086,122.20375061035156,126.01290893554688,832593853
2022-02-13,126.20421600341797,128.6428985595703,124.2199478149414,126.6707763671875,688706404
2022-02-14,124.80005645751953,126.63776397705078,122.24359893798828,126.1347885131836,712457600
2022-02-15,131.7626190185547,132.11190795898438,124.23802185058594,124.79279327392578,783234535
2022-02-16,128.1608428955078,131.76744079589844,126.02102661132812,131.76052856445312,715637001
2022-02-17,116.30241394042969,128.73141479492188,115.7144546508789,128.1046600341797,938120691
2022-02-18,115.19709014892578,121.5430679321289,114.9232177734375,116.33308410644531,1205742846
2022-02-19,115.7090072631836,116.9888687133789,113.67295837402344,115.19397735595703,686244892
2022-02-20,110.83203887939453,115.70782470703125,109.14817810058594,115.70782470703125,736479992
2022-02-21,103.45049285888672,114.31229400634766,103.37959289550781,110.83516693115234,980192105
2022-02-22,107.52279663085938,107.60649871826172,101.27152252197266,103.43082427978516,902125484
2022-02-23,105.96595001220703,110.81077575683594,105.79009246826172,107.51875305175781,740588315
2022-02-24,104.2304916381836,106.20594024658203,92.61260986328125,105.941650390625,1676181000
2022-02-25,109.26631164550781,110.33592987060547,102.05580139160156,104.23491668701172,903266080
2022-02-26,108.24365997314453,113.2392578125,107.20553588867188,109.26405334472656,773091210
2022-02-27,103.10559844970703,109.87517547607422,102.35350799560547,108.23714447021484,706861756
2022-02-28,113.47457885742188,113.47457885742188,102.22742462158203,103.10042572021484,930577763
2022-03-01,112.5440444946289,115.579833984375,110.73099517822266,113.47608184814453,951568702
2022-03-02,110.35135650634766,114.24375915527344,109.67251586914062,112.54029846191406,838169853
2022-03-03,111.35211944580078,112.50371551513672,108.96234893798828,110.35635375976562,905649306
2022-03-04,101.39179992675781,112.35623168945312,100.20732116699219,111.41283416748047,930473366
2022-03-05,104.97718811035156,105.35140991210938,100.21807861328125,101.40840148925781,548783174
2022-03-06,101.59391784667969,105.60908508300781,101.54561614990234,104.98062133789062,563304861
2022-03-07,98.8692626953125,103.66204071044922,97.23695373535156,101.59587860107422,756482342
2022-03-08,100.61764526367188,102.16033172607422,98.49970245361328,98.861572265625,699527175
2022-03-09,106.94209289550781,109.04586029052734,100.62169647216797,100.62169647216797,812074655
2022-03-10,102.65550994873047,106.97227478027344,100.6696548461914,106.93419647216797,814685365
2022-03-11,104.9653549194336,106.56657409667969,100.50381469726562,102.64948272705078,764305866
2022-03-12,105.8323974609375,107.76637268066406,104.80728149414062,104.96475982666016,536251476
2022-03-13,102.11479949951172,107.20188903808594,101.9041748046875,105.81227111816406,535011513
2022-03-14,105.67365264892578,105.77667236328125,101.50162506103516,102.11121368408203,743010065
2022-03-15,106.98857116699219,108.43423461914062,102.769775390625,105.66586303710938,713675630
2022-03-16,111.35919189453125,111.36539459228516,106.00885772705078,106.97649383544922,977477844
2022-03-17,110.31023406982422,111.42870330810547,108.8695297241211,111.35095977783203,616556664
2022-03-18,112.1158676147461,112.78976440429688,108.48085021972656,110.3034439086914,644181133
2022-03-19,116.3732681274414,116.3732681274414,111.79776000976562,112.0879135131836,741516370
2022-03-20,114.82913970947266,117.76000213623047,111.93087768554688,116.35651397705078,859708742
2022-03-21,116.15872955322266,116.62821197509766,113.74230194091797,114.83430480957031,833192537
2022-03-22,122.92796325683594,123.14498901367188,115.76655578613281,116.15018463134766,1124098345
2022-03-23,122.47541809082031,124.09307098388672,119.09693908691406,122.92251586914062,872780593
2022-03-24,126.5812759399414,127.2931900024414,120.85211944580078,122.46806335449219,1007870447
2022-03-25,124.06736755371094,127.09410095214844,122.37696075439453,126.58251953125,822120492
2022-03-26,124.88133239746094,125.3609390258789,122.28739166259766,124.0710678100586,560151992
2022-03-27,129.39747619628906,129.39747619628906,123.67554473876953,124.88927459716797,740569100
2022-03-28,127.93861389160156,132.4124755859375,127.85274505615234,129.400634765625,943699101
2022-03-29,130.0612335205078,131.78604125976562,127.72942352294922,127.91148376464844,837905297
2022-03-30,131.16934204101562,133.9067840576172,127.10261535644531,130.0547332763672,928949835
2022-03-31,123.71601104736328,132.77642822265625,122.52271270751953,131.16636657714844,1352615724
2022-04-01,124.8831787109375,125.9663314819336,120.12483215332031,123.73169708251953,854575075
2022-04-02,124.9234848022461,128.0952911376953,124.46917724609375,124.88237762451172,761262628
2022-04-03,128.9462127685547,129.3058319091797,124.21853637695312,124.90180969238281,676091829
2022-04-04,124.86170196533203,128.90708923339844,122.1119613647461,128.90708923339844,849319392
2022-04-05,123.21317291259766,127.07330322265625,123.19573211669922,124.85990905761719,662578353
2022-04-06,112.46133422851562,123.24894714355469,112.46133422851562,123.20003509521484,1017954203
2022-04-07,114.23019409179688,114.8778305053711,111.46580505371094,112.4710464477539,635873842
2022-04-08,110.88206481933594,115.08161926269531,110.61835479736328,114.23804473876953,747638227
2022-04-09,112.77727508544922,112.78964233398438,110.57122039794922,110.87825775146484,519806313
2022-04-10,111.17377471923828,114.36927032470703,111.17377471923828,112.77835845947266,510044015
2022-04-11,102.60739135742188,111.15314483642578,102.59768676757812,111.15314483642578,807193871
2022-04-12,104.82841491699219,105.67218780517578,102.25173950195312,102.64373016357422,638546461
2022-04-13,110.48245239257812,110.66858673095703,104.24492645263672,104.82460021972656,806829114
2022-04-14,107.41104125976562,112.1144790649414,106.3903579711914,110.47949981689453,736401323
2022-04-15,111.10934448242188,112.62550354003906,107.39665985107422,107.41422271728516,802528770
2022-04-16,114.43070983886719,114.53565216064453,110.54190063476562,111.1059341430664,639352139
2022-04-17,109.04278564453125,114.96900939941406,108.76372528076172,114.40483093261719,673093200
2022-04-18,111.22614288330078,111.32576751708984,105.70491027832031,109.0355224609375,810603033
2022-04-19,113.81208801269531,113.99000549316406,110.82780456542969,111.2291030883789,653731832
2022-04-20,111.97969055175781,113.92158508300781,111.04325103759766,113.81503295898438,669392298
2022-04-21,106.99798583984375,114.22015380859375,106.3016357421875,111.97532653808594,747220318
2022-04-22,105.60062408447266,108.34490203857422,105.54610443115234,106.99688720703125,668097133
2022-04-23,105.5043716430664,107.1333236694336,105.31648254394531,105.60206604003906,502713461
2022-04-24,104.62260437011719,105.93083953857422,104.10662841796875,105.49246215820312,487505921
2022-04-25,104.68701934814453,104.75668334960938,99.51075744628906,104.62039947509766,802054036
2022-04-26,98.40467834472656,105.1731948852539,97.59080505371094,104.67106628417969,702800418
2022-04-27,100.53875732421875,101.74410247802734,98.2237319946289,98.41316986083984,692599516
2022-04-28,103.32334899902344,104.09369659423828,100.00948333740234,100.54241180419922,780434505
2022-04-29,100.37800598144531,104.0232162475586,99.0388412475586,103.31861877441406,861249271
2022-04-30,96.16598510742188,101.41122436523438,95.9476318359375,100.37875366210938,604900808
2022-05-01,99.43577575683594,99.78279876708984,95.4847183227539,96.1678695678711,592413785
2022-05-02,100.69322967529297,101.51068115234375,98.60585021972656,99.4337158203125,613922891
2022-05-03,99.343017578125,101.26874542236328,97.839599609375,100.69754791259766,542363905
2022-05-04,106.27486419677734,106.80409240722656,99.26563262939453,99.33872985839844,768693782
2022-05-05,96.91891479492188,106.71279907226562,95.52877807617188,106.27082061767578,842334241
2022-05-06,96.79175567626953,98.20873260498047,94.0890121459961,96.9092788696289,769940452
2022-05-07,94.5708999633789,97.03630828857422,93.34791564941406,96.7942123413086,551811127
2022-05-08,93.97643280029297,95.5822982788086,92.00299072265625,94.57154846191406,729348318
2022-05-09,77.9571533203125,94.77955627441406,77.9571533203125,93.97541809082031,1207155617
2022-05-10,80.2268295288086,84.61721801757812,74.82234954833984,77.83116912841797,1720920553
2022-05-11,66.38880157470703,82.39093017578125,65.52423858642578,80.2115478515625,1899877236
2022-05-12,64.40274810791016,69.25701904296875,55.322547912597656,66.40777587890625,1925404691
2022-05-13,67.96253967285156,72.84160614013672,63.49441146850586,64.38304901123047,1140599762
2022-05-14,68.95030975341797,69.99917602539062,64.62065887451172,67.94561004638672,743433183
2022-05-15,71.5303726196289,71.5303726196289,66.55667114257812,68.93971252441406,741432120
2022-05-16,67.21134948730469,71.51973724365234,65.45767211914062,71.51973724365234,722439504
2022-05-17,72.96931457519531,73.51004028320312,67.21218872070312,67.21218872070312,802347484
2022-05-18,66.41563415527344,74.03701782226562,66.41563415527344,72.96766662597656,756026173
2022-05-19,72.0966796875,72.20411682128906,65.17798614501953,66.38671112060547,801021670
2022-05-20,68.65829467773438,72.90673828125,67.09920501708984,72.0771713256836,729408177
2022-05-21,69.7057876586914,70.42964935302734,68.1723403930664,68.6545639038086,449401029
2022-05-22,71.77400207519531,72.30361938476562,69.52865600585938,69.70726776123047,449155414
2022-05-23,69.01275634765625,73.74264526367188,68.99034881591797,71.76394653320312,736854342
2022-05-24,70.32154846191406,70.5352783203125,67.68013763427734,69.01382446289062,588236113
2022-05-25,68.31311798095703,71.43646240234375,68.29042053222656,70.31922149658203,529431480
2022-05-26,63.8281364440918,68.71247863769531,61.34075164794922,68.31510925292969,721052783
2022-05-27,61.56392288208008,63.928550720214844,61.28740310668945,63.80057907104492,646210455
2022-05-28,62.31327819824219,62.68661117553711,61.55788040161133,61.55788040161133,615552947
2022-05-29,63.74662780761719,64.26547241210938,62.10664367675781,63.063594818115234,418602793
2022-05-30,69.12091827392578,69.29692840576172,63.4140739440918,63.74580001831055,587913790
2022-05-31,68.41138458251953,69.56275177001953,67.18134307861328,69.11026763916016,532691935
2022-06-01,62.96781921386719,70.07642364501953,62.54636764526367,68.41702270507812,754343388
2022-06-02,64.45135498046875,64.6100082397461,62.394325256347656,62.96444320678711,497215110
2022-06-03,62.659263610839844,64.7627182006836,61.78827667236328,64.45580291748047,445994255
2022-06-04,63.74738311767578,64.20510864257812,61.72530746459961,62.65883255004883,365451394
2022-06-05,63.2078742980957,63.78080749511719,62.06110763549805,63.749755859375,358399957
2022-06-06,64.41727447509766,66.29419708251953,63.08821487426758,63.21474838256836,500130108
2022-06-07,63.90550994873047,65.3266830444336,60.5591926574707,64.4180679321289,578504158
2022-06-08,61.54667663574219,64.25390625,61.54667663574219,63.89841079711914,590606981
2022-06-09,60.215972900390625,62.28816604614258,59.836326599121094,61.543853759765625,461393198
2022-06-10,56.658416748046875,60.21354293823242,56.479984283447266,60.21354293823242,631581518
2022-06-11,52.29166030883789,57.678855895996094,52.23197555541992,56.66562271118164,735247033
2022-06-12,48.228904724121094,52.59090042114258,48.13050842285156,52.30757522583008,674269221
2022-06-13,43.30030059814453,48.21331787109375,41.629676818847656,48.21331787109375,1135771941
2022-06-14,46.132015228271484,46.132015228271484,40.68040466308594,43.314002990722656,1038406218
2022-06-15,50.49177169799805,50.64122009277344,41.901668548583984,46.133480072021484,1082980140
2022-06-16,44.6997184753418,50.88089370727539,44.331329345703125,50.51575469970703,754689123
2022-06-17,47.684913635253906,48.25876235961914,44.57722473144531,44.70615768432617,624241753
2022-06-18,47.247257232666016,48.20722579956055,41.93596267700195,47.68170166015625,878504763
2022-06-19,54.32316589355469,55.684326171875,45.20140075683594,47.23798751831055,1408560758
2022-06-20,52.90559387207031,54.37226486206055,51.61100387573242,54.321990966796875,867331545
2022-06-21,53.5076789855957,55.45185852050781,52.14239501953125,52.89878463745117,683095131
2022-06-22,52.10539245605469,53.57326889038086,50.77501678466797,53.52071762084961,571710882
2022-06-23,55.76283264160156,56.43814468383789,52.04600524902344,52.109195709228516,675234042
2022-06-24,55.99228286743164,56.961769104003906,54.882591247558594,55.76162338256836,589158085
2022-06-25,58.96992874145508,59.52711868286133,55.081539154052734,55.99024200439453,560628121
2022-06-26,56.87614440917969,60.300819396972656,56.87559509277344,58.955406188964844,486759815
2022-06-27,55.92555618286133,58.51468276977539,55.249855041503906,56.86295700073242,456437012
2022-06-28,52.81161117553711,56.72005081176758,52.752288818359375,55.91389083862305,519374670
2022-06-29,53.42253875732422,54.23308181762695,51.790496826171875,52.80720138549805,557459009
2022-06-30,53.64842987060547,53.736392974853516,50.4050178527832,53.447410583496094,632075268
2022-07-01,51.11524200439453,55.61848831176758,50.38762283325195,53.699031829833984,628538818
2022-07-02,50.48544692993164,51.41740036010742,49.99398422241211,51.13259506225586,448609019
2022-07-03,50.97217559814453,51.498252868652344,49.34320831298828,50.484867095947266,402299367
2022-07-04,52.24381637573242,52.282711029052734,49.877628326416016,50.97188186645508,425036720
2022-07-05,49.83059310913086,52.33161544799805,48.23786163330078,52.238739013671875,559357113
2022-07-06,50.361087799072266,50.592315673828125,49.25436019897461,49.8358039855957,429814449
2022-07-07,52.14289474487305,52.406734466552734,49.85165786743164,50.360191345214844,478192342
2022-07-08,51.5649528503418,53.74789810180664,50.95570373535156,52.140445709228516,565652402
2022-07-09,54.16061782836914,54.49441909790039,51.478233337402344,51.55635452270508,444782359
2022-07-10,52.16814041137695,54.881256103515625,51.16180419921875,54.15983963012695,616041879
2022-07-11,48.77458953857422,52.16533660888672,48.62705612182617,52.16533660888672,393277100
2022-07-12,47.54238510131836,49.12919235229492,47.53236389160156,48.7748908996582,368912014
2022-07-13,49.56312561035156,49.56312561035156,46.662994384765625,47.544437408447266,447352506
2022-07-14,51.218807220458984,51.504188537597656,48.13614273071289,49.55903625488281,420169921
2022-07-15,51.798065185546875,52.44595718383789,50.814613342285156,51.22144317626953,442039141
2022-07-16,55.12516403198242,55.255428314208984,51.19859313964844,51.794742584228516,426040229
2022-07-17,55.721351623535156,56.83445358276367,54.720367431640625,55.12351989746094,579886019
2022-07-18,58.62628936767578,59.00438690185547,55.528221130371094,55.7232666015625,604964726
2022-07-19,57.98419952392578,59.19778060913086,56.11280059814453,58.61126708984375,579491163
2022-07-20,57.23776626586914,61.46427917480469,56.781219482421875,57.98867416381836,662964095
2022-07-21,58.099822998046875,58.519569396972656,55.461177825927734,57.240596771240234,464802265
2022-07-22,56.17611312866211,59.097774505615234,55.72700881958008,58.10052490234375,464241227
2022-07-23,56.42631912231445,57.15965270996094,54.76734924316406,56.16364669799805,380442502
2022-07-24,58.48570251464844,59.61155700683594,56.397010803222656,56.42781066894531,402627822
2022-07-25,54.366275787353516,58.794830322265625,54.366275787353516,58.48329544067383,445424172
2022-07-26,53.7901725769043,54.353599548339844,52.19551086425781,54.353599548339844,400322025
2022-07-27,58.95100402832031,58.95100402832031,53.15217590332031,53.798828125,529603132
2022-07-28,63.46399688720703,63.92095947265625,58.64144515991211,58.95376205444336,757291482
2022-07-29,60.92249298095703,64.30512237548828,60.12721252441406,63.46464157104492,664571137
2022-07-30,60.44015121459961,63.77112579345703,60.22955322265625,60.917049407958984,667982996
2022-07-31,59.909507751464844,62.79286193847656,59.896419525146484,60.44405746459961,502294495
2022-08-01,59.53544616699219,60.570430755615234,58.44951629638672,59.91562271118164,467875340
2022-08-02,58.24385452270508,59.72209167480469,56.88901901245117,59.53025817871094,524322092
2022-08-03,57.80519104003906,60.00974655151367,56.97088623046875,58.23983383178711,472558915
2022-08-04,59.848575592041016,60.375362396240234,57.7509651184082,57.805233001708984,437413922
2022-08-05,62.40127182006836,62.40865707397461,59.70073318481445,59.839481353759766,463122316
2022-08-06,60.91834259033203,62.433921813964844,60.789920806884766,62.40816116333008,291347560
2022-08-07,61.1023063659668,61.940494537353516,60.20869064331055,60.920589447021484,276519336
2022-08-08,62.59212875366211,63.9603385925293,60.94041061401367,61.10433578491211,384554405
2022-08-09,59.2599983215332,62.782325744628906,58.754459381103516,62.59897994995117,406076522
2022-08-10,61.603851318359375,62.17228317260742,58.078102111816406,59.25986862182617,543530224
2022-08-11,61.90461349487305,63.256103515625,61.574462890625,61.606346130371094,472762678
2022-08-12,62.932228088378906,62.962833404541016,60.873382568359375,61.9041862487793,370984475
2022-08-13,63.7535285949707,65.3356704711914,62.72484588623047,62.934349060058594,391896085
2022-08-14,63.30875778198242,65.62770080566406,62.91333770751953,63.75997543334961,411725410
2022-08-15,60.82551574707031,65.17250061035156,60.03242111206055,63.30583572387695,487425277
2022-08-16,61.34233856201172,61.54142761230469,60.23854064941406,60.807071685791016,400419587
2022-08-17,60.3741569519043,64.56123352050781,60.03407287597656,61.337974548339844,564337359
2022-08-18,60.04568862915039,61.56446075439453,59.82616424560547,60.39039993286133,375531380
2022-08-19,54.0316276550293,60.10254669189453,53.635345458984375,60.04190444946289,598011455
2022-08-20,54.18755340576172,55.569393157958984,53.15416717529297,54.02425765991211,473723831
2022-08-21,55.492027282714844,55.935054779052734,53.987640380859375,54.18001174926758,346325352
2022-08-22,57.25567626953125,57.2607421875,52.51923370361328,55.497440338134766,766070930
2022-08-23,57.07943344116211,57.5816650390625,54.28071212768555,57.24626922607422,524532444
2022-08-24,56.47816848754883,57.46327209472656,55.827903747558594,57.0779914855957,471510182
2022-08-25,56.79257583618164,57.36817169189453,56.08835220336914,56.47560501098633,432646387
2022-08-26,52.744449615478516,57.95991134643555,52.51424026489258,56.78224182128906,567680603
2022-08-27,53.05023956298828,53.28228759765625,52.11684036254883,52.758628845214844,392990718
2022-08-28,53.61201858520508,55.6735725402832,52.711055755615234,53.04772186279297,485789560
2022-08-29,55.77189254760742,56.5727424621582,52.94242477416992,53.610782623291016,526456711
2022-08-30,53.05681228637695,56.06769561767578,52.30454635620117,55.77510070800781,464828759
2022-08-31,53.85666275024414,55.09647750854492,53.05765914916992,53.05765914916992,439496760
2022-09-01,57.52796936035156,57.57414627075195,53.549686431884766,53.85836410522461,584763245
2022-09-02,61.04099655151367,62.07897186279297,56.644378662109375,57.524898529052734,761493332
2022-09-03,60.134803771972656,61.95997619628906,59.83968734741211,61.03767776489258,529966061
2022-09-04,60.90089416503906,60.91429138183594,58.82038879394531,60.142940521240234,404022021
2022-09-05,60.416404724121094,61.32762908935547,59.51828384399414,60.90159606933594,450815584
2022-09-06,54.31306076049805,62.34904861450195,54.3062744140625,60.4139518737793,671460963
2022-09-07,57.41590118408203,58.10066223144531,53.299686431884766,54.302589416503906,623767136
2022-09-08,58.003257751464844,58.4691162109375,56.34557342529297,57.41305923461914,539805386
2022-09-09,61.23288345336914,61.653663635253906,57.855316162109375,58.00151824951172,610797768
2022-09-10,63.431644439697266,64.44889831542969,60.87065124511719,61.225059509277344,611529013
2022-09-11,62.24362564086914,64.26847839355469,61.82975387573242,63.427024841308594,467207228
2022-09-12,61.36201477050781,62.94322967529297,60.38718795776367,62.246158599853516,527623332
2022-09-13,59.10230255126953,67.06636810302734,58.63788986206055,61.36082077026367,1001779466
2022-09-14,60.14519119262695,60.84946823120117,58.701507568359375,59.061370849609375,622750084
2022-09-15,56.35026168823242,60.608158111572266,56.19339370727539,60.14997100830078,629471575
2022-09-16,55.844261169433594,56.75113296508789,54.940608978271484,56.35547637939453,471316851
2022-09-17,57.81655502319336,58.34921646118164,55.85560607910156,55.85560607910156,354646581
2022-09-18,52.84428405761719,57.821388244628906,52.83761978149414,57.81219482421875,447780228
2022-09-19,52.87487030029297,53.63090515136719,50.42839050292969,52.832515716552734,687424376
2022-09-20,52.36106491088867,53.530235290527344,51.1770133972168,52.88425064086914,561066601
2022-09-21,51.236183166503906,55.26560592651367,50.69179916381836,52.35625076293945,681284602
2022-09-22,53.51061248779297,53.88665771484375,50.80744552612305,51.23323440551758,480101560
2022-09-23,55.08971405029297,55.22101593017578,51.89682388305664,53.51188659667969,560635011
2022-09-24,53.5192985534668,55.630455017089844,53.438209533691406,55.09682846069336,451262561
2022-09-25,52.63199996948242,54.27486801147461,52.55524826049805,53.5197868347168,385124912
2022-09-26,53.432064056396484,53.624149322509766,52.22364044189453,52.63922882080078,464070272
2022-09-27,52.73725891113281,55.31169128417969,52.032012939453125,53.43476486206055,507500545
2022-09-28,53.30842590332031,53.66436767578125,51.35790252685547,52.73012161254883,479078426
2022-09-29,53.91404724121094,53.956153869628906,52.44720458984375,53.30769348144531,406391539
2022-09-30,53.397037506103516,54.98878860473633,53.03111267089844,53.91484069824219,412604499
2022-10-01,52.90686798095703,53.70939636230469,52.705291748046875,53.40304183959961,256914103
2022-10-02,51.9116325378418,53.39273452758789,51.91116714477539,52.90461349487305,270394848
2022-10-03,54.17620849609375,54.23301696777344,51.77304458618164,51.91643142700195,361537838
2022-10-04,55.2984619140625,55.60553741455078,53.98905944824219,54.17231750488281,346928233
2022-10-05,54.579307556152344,55.304988861083984,53.48540115356445,55.29716491699219,333262024
2022-10-06,53.49364471435547,54.993560791015625,53.464698791503906,54.580135345458984,359457748
2022-10-07,52.866939544677734,53.78902816772461,52.47561264038086,53.49896240234375,350100261
2022-10-08,52.79837417602539,53.49382019042969,52.56524658203125,52.86621856689453,262572900
2022-10-09,53.910037994384766,53.910037994384766,52.747379302978516,52.796817779541016,255019662
2022-10-10,52.75587463378906,54.36719512939453,52.75587463378906,53.91397476196289,381643338
2022-10-11,52.0184211730957,52.74837875366211,51.54995346069336,52.747901916503906,348076873
2022-10-12,52.22134780883789,52.86455154418945,51.87591552734375,52.020790100097656,329386156
2022-10-13,51.24348449707031,52.44142532348633,48.87171936035156,52.22258758544922,535442367
2022-10-14,51.3155632019043,52.482601165771484,51.03215408325195,51.240760803222656,356949435
2022-10-15,50.469181060791016,51.612220764160156,50.44257736206055,51.314369201660156,256385346
2022-10-16,51.480918884277344,51.72751235961914,50.45616149902344,50.46696853637695,264200642
2022-10-17,51.84383773803711,52.0576286315918,51.15899658203125,51.47489929199219,284788683
2022-10-18,51.87700271606445,52.15135955810547,50.90192794799805,51.84373092651367,302736361
2022-10-19,50.98663330078125,51.964622497558594,50.9465446472168,51.878692626953125,275310850
2022-10-20,51.191001892089844,51.958187103271484,50.721534729003906,50.98495864868164,289082998
2022-10-21,51.62337112426758,51.774085998535156,49.96644973754883,51.194400787353516,369983730
2022-10-22,52.180171966552734,52.46562194824219,51.43117904663086,51.623756408691406,304008099
2022-10-23,53.95036697387695,53.95036697387695,51.944881439208984,52.181556701660156,344691478
2022-10-24,52.569244384765625,54.16692352294922,52.2632942199707,53.95069122314453,397590910
2022-10-25,56.02515411376953,56.69667053222656,52.392093658447266,52.56521987915039,544831810
2022-10-26,56.39167785644531,57.4550895690918,55.77552795410156,56.012290954589844,615500789
2022-10-27,54.80760955810547,56.6036262512207,54.72449493408203,56.39434051513672,531516232
2022-10-28,55.00389862060547,55.39767074584961,53.736907958984375,54.80946350097656,485918370
2022-10-29,56.496177673339844,57.38797378540039,54.776119232177734,55.00160217285156,680353979
2022-10-30,55.38955307006836,57.30467987060547,54.90853500366211,56.51261520385742,476487677
2022-10-31,55.084434509277344,56.294715881347656,54.229270935058594,55.38230895996094,530884510
2022-11-01,55.12718963623047,55.830039978027344,54.63513946533203,55.08561325073242,427975211
2022-11-02,60.558467864990234,62.11707305908203,54.834171295166016,55.12697219848633,1674017428
2022-11-03,61.92131423950195,64.2907943725586,60.42015075683594,60.563323974609375,1257411661
2022-11-04,67.59659576416016,69.36846160888672,61.81066131591797,61.91897964477539,2151904532
2022-11-05,69.72119903564453,71.28485107421875,67.28504943847656,67.59465789794922,1505513756
2022-11-06,68.08605194091797,70.4658432006836,67.89131164550781,69.68710327148438,1004920656
2022-11-07,67.65226745605469,72.61084747314453,67.28209686279297,68.11200714111328,1373144070
2022-11-08,57.39180374145508,68.26932525634766,56.00795364379883,67.6431884765625,1854346680
2022-11-09,50.65857696533203,59.548316955566406,49.33195495605469,57.4444465637207,1725423337
2022-11-10,60.361053466796875,61.0633430480957,50.26551055908203,50.65410614013672,1623775451
2022-11-11,61.24228286743164,63.74396514892578,59.21273422241211,60.35039520263672,1292495839
2022-11-12,59.855552673339844,61.48381423950195,58.682254791259766,61.258323669433594,694111623
2022-11-13,57.48717498779297,60.19234848022461,56.75194549560547,59.861961364746094,514877448
2022-11-14,56.546199798583984,59.03120040893555,53.97700119018555,57.473968505859375,812582160
2022-11-15,58.00726318359375,59.43242645263672,56.54057693481445,56.54057693481445,554300042
2022-11-16,57.516422271728516,59.97846603393555,56.982696533203125,57.99906921386719,589292031
2022-11-17,62.48411560058594,62.91094970703125,57.27116012573242,57.51876449584961,781698635
2022-11-18,62.64376449584961,63.61214065551758,61.68499755859375,62.486942291259766,658083895
2022-11-19,63.81239700317383,64.29181671142578,61.63325500488281,62.635292053222656,536167505
2022-11-20,62.00232696533203,64.51478576660156,60.910369873046875,63.81458282470703,608805129
2022-11-21,61.37348937988281,63.187744140625,59.8094596862793,62.0029411315918,869131451
2022-11-22,70.44279479980469,70.49604034423828,61.302490234375,61.36384963989258,1313490535
2022-11-23,79.00006866455078,81.56343841552734,69.78589630126953,70.46426391601562,2115042339
2022-11-24,78.83014678955078,79.03105163574219,76.00837707519531,78.99910736083984,1248286495
2022-11-25,74.02890014648438,78.85713958740234,73.60417938232422,78.80712127685547,891650503
2022-11-26,76.37289428710938,79.24798583984375,74.0214614868164,74.0214614868164,765406705
2022-11-27,75.04431915283203,78.89019012451172,74.84988403320312,76.38352966308594,622191865
2022-11-28,74.12022399902344,75.28052520751953,70.88888549804688,75.04519653320312,848737350
2022-11-29,75.98377227783203,77.37468719482422,73.67680358886719,74.08927154541016,784423812
2022-11-30,79.2977066040039,79.78611755371094,75.76333618164062,75.98596954345703,730020088
2022-12-01,77.51800537109375,79.94892120361328,76.67385864257812,79.29113006591797,662986878
2022-12-02,77.95148468017578,77.95706939697266,75.7491683959961,77.52195739746094,458462393
2022-12-03,76.59791564941406,77.95121765136719,75.7414321899414,77.9508285522461,348753640
2022-12-04,77.21428680419922,77.21934509277344,75.92654418945312,76.58692932128906,322480996
2022-12-05,80.26353454589844,83.82389068603516,76.93034362792969,77.20143127441406,974931920
2022-12-06,79.92121887207031,81.64342498779297,77.9024658203125,80.25992584228516,561961413
2022-12-07,77.03605651855469,80.21939086914062,76.16535949707031,79.91864013671875,569587946
2022-12-08,78.3898696899414,78.54460144042969,74.81533813476562,77.02951049804688,612007545
2022-12-09,76.33456420898438,78.56754302978516,76.09815979003906,78.38641357421875,440676994
2022-12-10,76.3709945678711,77.32261657714844,75.98724365234375,76.34083557128906,272669009
2022-12-11,76.6280517578125,78.26119232177734,76.37084197998047,76.37084197998047,286405662
2022-12-12,76.22152709960938,76.625244140625,73.81819915771484,76.625244140625,463127138
2022-12-13,77.344482421875,79.5179672241211,74.82292938232422,76.2125244140625,680106244
2022-12-14,75.47586059570312,78.9631576538086,75.3160400390625,77.35295867919922,583539478
2022-12-15,72.3354721069336,75.47409057617188,72.1849136352539,75.47409057617188,471322636
2022-12-16,66.32679748535156,73.45869445800781,65.80487823486328,72.34021759033203,725577784
2022-12-17,64.9578857421875,67.53433227539062,63.48716735839844,66.33074188232422,688308693
2022-12-18,64.55413055419922,65.63925170898438,63.55735397338867,64.9636459350586,335700601
2022-12-19,63.3414306640625,64.83087158203125,61.860809326171875,64.56124114990234,461264127
2022-12-20,65.74638366699219,65.95455169677734,63.235496520996094,63.351200103759766,519783204
2022-12-21,65.39140319824219,66.65327453613281,64.90047454833984,65.7381362915039,375489125
2022-12-22,66.15167236328125,66.5145492553711,64.51705169677734,65.39942169189453,368489876
2022-12-23,65.77222442626953,66.59639739990234,65.45034790039062,66.15280151367188,306694378
2022-12-24,65.77478790283203,66.01224517822266,65.26317596435547,65.77223205566406,178396939
2022-12-25,69.20626831054688,69.36314392089844,65.54060363769531,65.77474975585938,335124962
2022-12-26,70.68474578857422,70.8349380493164,68.71089172363281,69.20682525634766,457389047
2022-12-27,68.74790954589844,70.84424591064453,67.97071075439453,70.67948150634766,440850738
2022-12-28,66.33906555175781,69.21504211425781,66.10697174072266,68.7469482421875,457672812
2022-12-29,66.7510757446289,67.1692886352539,65.92817687988281,66.34163665771484,337784432
2022-12-30,67.99403381347656,68.33097839355469,66.3155288696289,66.74835205078125,324391932
2022-12-31,69.9962158203125,70.88714599609375,67.7869644165039,67.99822998046875,367586009
2023-01-01,70.81565856933594,71.32891082763672,69.2348861694336,70.00282287597656,344383885
2023-01-02,74.86290740966797,75.75517272949219,70.22737884521484,70.82049560546875,699498243
2023-01-03,75.60272216796875,76.1574935913086,74.21105194091797,74.86341094970703,562329324
2023-01-04,75.43390655517578,77.644287109375,74.65835571289062,75.60233306884766,577893231
2023-01-05,74.25080871582031,76.17188262939453,73.91404724121094,75.43116760253906,432215597
2023-01-06,75.9925765991211,76.26553344726562,73.01207733154297,74.25939178466797,537790219
2023-01-07,76.37344360351562,76.60201263427734,75.66865539550781,75.99344635009766,332539243
2023-01-08,77.6822738647461,77.6822738647461,75.52995300292969,76.36907958984375,384160222
2023-01-09,81.747314453125,83.28827667236328,77.67666625976562,77.67666625976562,879528523
2023-01-10,80.88751983642578,82.59616088867188,79.88059997558594,81.73111724853516,561103552
2023-01-11,84.0703125,84.414794921875,80.1606216430664,80.88765716552734,651624972
2023-01-12,85.96422576904297,86.03971862792969,82.8438491821289,84.28632354736328,919252860
2023-01-13,86.34003448486328,87.58306121826172,83.92391204833984,85.96900939941406,726155927
2023-01-14,87.81385803222656,90.64549255371094,86.17276000976562,86.33483123779297,1235692684
2023-01-15,87.36553192138672,88.45198059082031,85.99716186523438,87.81404113769531,575262096
2023-01-16,85.83431243896484,88.84612274169922,85.13117218017578,87.36483001708984,643419793
2023-01-17,87.11742401123047,88.6110610961914,85.00495147705078,85.84930419921875,689233513
2023-01-18,82.77532958984375,88.21279907226562,82.76156616210938,87.12406158447266,745330320
2023-01-19,84.23226928710938,84.42252349853516,82.14119720458984,82.76729583740234,468877565
2023-01-20,90.49322509765625,90.72124481201172,83.22157287597656,84.23062133789062,618138690
2023-01-21,88.31465148925781,91.3327865600586,88.31027221679688,90.4991455078125,678058077
2023-01-22,87.62997436523438,89.89444732666016,86.98963165283203,88.31466674804688,525923629
2023-01-23,90.02592468261719,92.5329818725586,87.63065338134766,87.63065338134766,674337929
2023-01-24,87.202880859375,91.09490203857422,86.69969177246094,90.01139068603516,508764326
2023-01-25,89.38101196289062,91.62334442138672,85.99020385742188,87.21868133544922,526831341
2023-01-26,87.5894546508789,89.85004425048828,87.17108917236328,89.36752319335938,495312033
2023-01-27,88.84580993652344,89.10095977783203,86.3469009399414,87.59169006347656,432915139
2023-01-28,89.60193634033203,89.6626968383789,87.50555419921875,88.85044860839844,403642649
2023-01-29,95.05005645751953,97.46087646484375,89.60147094726562,89.60147094726562,1052463965
2023-01-30,91.26243591308594,95.84671783447266,89.49971771240234,95.04669952392578,767486345
2023-01-31,94.30811309814453,95.99915313720703,91.26331329345703,91.26331329345703,786998062
2023-02-01,100.4436264038086,101.98343658447266,94.0133056640625,94.2973861694336,1000421802
2023-02-02,98.690185546875,101.87773132324219,98.49517822265625,100.43993377685547,679499126
2023-02-03,99.9709243774414,100.4805679321289,98.03994750976562,98.67835998535156,581587515
2023-02-04,98.6144790649414,101.08512115478516,98.52680206298828,99.96023559570312,412470764
2023-02-05,96.45875549316406,98.81040954589844,95.21514892578125,98.6142349243164,467715468
2023-02-06,96.06245422363281,97.8489990234375,95.40951538085938,96.46707916259766,454784285
2023-02-07,100.92766571044922,101.16192626953125,95.97954559326172,96.04475402832031,723164903
2023-02-08,99.2076187133789,102.02371978759766,97.43045043945312,100.92325592041016,627006188
2023-02-09,92.09846496582031,99.3779296875,90.92083740234375,99.21289825439453,835624265
2023-02-10,93.52928161621094,94.0442886352539,91.3700942993164,92.09505462646484,636744666
2023-02-11,94.43054962158203,94.70785522460938,93.03905487060547,93.53056335449219,410760115
2023-02-12,92.39573669433594,94.52456665039062,91.60399627685547,94.42091369628906,367491351
2023-02-13,91.12174987792969,94.67049407958984,88.84952545166016,92.39724731445312,681702114
2023-02-14,95.68757629394531,95.76618194580078,90.53520202636719,91.1250991821289,594958420
2023-02-15,102.79530334472656,102.81857299804688,95.18052673339844,95.68885803222656,725730052
2023-02-16,98.95220184326172,104.48017120361328,98.91292572021484,102.78801727294922,737793870
2023-02-17,100.30950927734375,101.54397583007812,98.67265319824219,98.9504623413086,725287123
2023-02-18,99.7918472290039,101.61112976074219,99.2220230102539,100.3018798828125,625887364
2023-02-19,97.56421661376953,101.1244888305664,97.30595397949219,99.79312133789062,550959680
2023-02-20,95.9408187866211,98.48907470703125,94.90387725830078,97.60203552246094,805774822
2023-02-21,93.70948028564453,96.7424087524414,92.47864532470703,95.94813537597656,693293752
2023-02-22,95.21892547607422,95.35537719726562,92.11103820800781,93.72162628173828,668342701
2023-02-23,94.6919937133789,96.15288543701172,93.74882507324219,95.2168197631836,489893890
2023-02-24,91.55509948730469,95.13282775878906,90.82508850097656,94.687744140625,503847733
2023-02-25,93.2634506225586,93.39837646484375,91.15186309814453,91.56354522705078,414154710
2023-02-26,95.25562286376953,95.46882629394531,92.91877746582031,93.2463150024414,382931744
2023-02-27,94.08667755126953,95.93436431884766,92.99018096923828,95.25726318359375,432031681
2023-02-28,93.79277801513672,95.861083984375,93.38899993896484,94.08485412597656,409490427
2023-03-01,97.73766326904297,97.92925262451172,93.79537200927734,93.79537200927734,533714000
2023-03-02,95.25724029541016,98.11628723144531,94.28402709960938,97.73342895507812,469936514
2023-03-03,90.5489730834961,95.35025024414062,88.11177062988281,95.26394653320312,651979397
2023-03-04,89.28953552246094,90.7447738647461,88.05729675292969,90.54444122314453,353464242
2023-03-05,89.9533462524414,91.68465423583984,89.26779174804688,89.2894287109375,334569360
2023-03-06,87.42292022705078,90.46906280517578,87.15454864501953,89.94908905029297,497425953
2023-03-07,86.3019027709961,88.69581604003906,84.95177459716797,87.42385864257812,562810842
2023-03-08,82.78353118896484,86.50735473632812,82.11461639404297,86.30134582519531,501018352
2023-03-09,76.73104858398438,84.7593765258789,75.72064971923828,82.78529357910156,688488963
2023-03-10,71.76221466064453,76.77790069580078,69.158935546875,76.73309326171875,1038005217
2023-03-11,69.70695495605469,74.0255355834961,66.67816162109375,71.74779510498047,1077950408
2023-03-12,76.31184387207031,76.47943878173828,68.2200698852539,69.71017456054688,766082096
2023-03-13,81.7682876586914,82.90601348876953,74.9416732788086,76.34123229980469,1017027604
2023-03-14,84.35054016113281,88.0995864868164,79.79379272460938,81.76873779296875,882163452
2023-03-15,76.42815399169922,85.65532684326172,75.65375518798828,84.35587310791016,805712252
2023-03-16,79.05355072021484,79.8748779296875,76.20967864990234,76.46414947509766,542002591
2023-03-17,85.5023193359375,85.50890350341797,78.52023315429688,79.05499267578125,610202264
2023-03-18,82.9837417602539,87.87979125976562,82.8204345703125,85.52595520019531,602010403
2023-03-19,84.43609619140625,86.41730499267578,82.68276977539062,83.00101470947266,444514565
2023-03-20,78.42455291748047,84.48253631591797,78.3705062866211,84.42091369628906,578107211
2023-03-21,82.7353515625,83.13487243652344,77.72624969482422,78.43461608886719,567896558
2023-03-22,87.35688781738281,88.15037536621094,79.94864654541016,82.71697998046875,969686696
2023-03-23,93.70100402832031,94.44811248779297,86.03134155273438,87.34841918945312,1054746379
2023-03-24,93.70990753173828,95.75912475585938,89.8736801147461,93.69886016845703,866952422
2023-03-25,91.58114624023438,93.96833038330078,90.42384338378906,93.7067642211914,493921885
2023-03-26,93.52519226074219,94.64312744140625,90.98301696777344,91.5821762084961,489851737
2023-03-27,89.24687194824219,93.6174545288086,88.17765808105469,93.51691436767578,552145190
2023-03-28,89.13937377929688,89.42103576660156,86.03421020507812,89.24317932128906,556233998
2023-03-29,91.34173583984375,92.87533569335938,89.09891510009766,89.13932800292969,541611636
2023-03-30,89.05989074707031,92.9992904663086,87.33723449707031,91.34050750732422,593012954
2023-03-31,89.68412780761719,90.20854187011719,87.93004608154297,89.07251739501953,452243261
2023-04-01,92.87535095214844,93.85362243652344,89.5528335571289,89.68643951416016,548762293
2023-04-02,93.01597595214844,94.4293441772461,90.8553237915039,92.662841796875,549452266
2023-04-03,93.03733825683594,95.3805923461914,90.58843231201172,93.00566101074219,693703512
2023-04-04,92.60042572021484,93.91669464111328,91.79788970947266,93.03138732910156,455068842
2023-04-05,92.62211608886719,94.87064361572266,91.71532440185547,92.59849548339844,574810382
2023-04-06,90.92915344238281,92.6522445678711,90.22045135498047,92.6212387084961,401237969
2023-04-07,90.6383285522461,91.39200592041016,89.55905151367188,90.92683410644531,409439989
2023-04-08,89.9751968383789,91.29635620117188,89.63033294677734,90.6330795288086,321874464
2023-04-09,90.67667388916016,90.9792709350586,89.392578125,89.9766845703125,313065579
2023-04-10,93.82122802734375,94.204345703125,90.03181457519531,90.67943572998047,525494733
2023-04-11,94.31179809570312,96.88776397705078,93.38036346435547,93.825927734375,640151185
2023-04-12,92.50415802001953,94.67788696289062,91.2491226196289,94.30785369873047,501836456
2023-04-13,94.2594985961914,94.53761291503906,91.93038940429688,92.13507843017578,494346656
2023-04-14,96.45197296142578,98.80625915527344,93.99677276611328,94.2663345336914,856817465
2023-04-15,96.86820983886719,97.24229431152344,95.18162536621094,96.45269775390625,403922763
2023-04-16,100.26744842529297,101.86003875732422,95.65457916259766,96.8604507446289,768844226
2023-04-17,98.67469787597656,100.30293273925781,97.98225402832031,100.25770568847656,687145902
2023-04-18,101.8514175415039,103.04960632324219,98.15673065185547,98.69963073730469,711227682
2023-04-19,90.44068145751953,101.860107421875,89.46781921386719,101.84577178955078,935252615
2023-04-20,90.23965454101562,91.88353729248047,87.58045196533203,90.43507385253906,747749560
2023-04-21,85.51734161376953,90.6721420288086,84.89508056640625,90.24197387695312,662381963
2023-04-22,87.09852600097656,87.25150299072266,85.03276824951172,85.516357421875,380034373
2023-04-23,86.89732360839844,87.13085174560547,84.92311096191406,87.09872436523438,382921210
2023-04-24,88.40734100341797,88.88236236572266,86.3748550415039,86.88499450683594,516200917
2023-04-25,91.10834503173828,91.65496826171875,87.41622924804688,88.40298461914062,614049406
2023-04-26,88.25418853759766,93.80284118652344,85.43302154541016,91.10785675048828,798720366
2023-04-27,89.68881225585938,90.51069641113281,87.78321838378906,88.25872039794922,574362305
2023-04-28,89.73138427734375,90.18099212646484,88.3111801147461,89.69343566894531,438218243
2023-04-29,91.08751678466797,91.45570373535156,89.5018310546875,89.72390747070312,332392500
2023-04-30,88.53362274169922,91.3938217163086,88.26285552978516,91.08707427978516,364294782
2023-05-01,86.74261474609375,88.81195068359375,85.59090423583984,88.5123291015625,494450271
2023-05-02,88.29579162597656,89.02608489990234,86.2947769165039,86.74449157714844,406998356
2023-05-03,88.89485168457031,89.7755355834961,85.85283660888672,88.2949447631836,466944292
2023-05-04,88.49445343017578,89.10044860839844,87.65029907226562,88.89431762695312,311253105
2023-05-05,88.83866882324219,89.52669525146484,87.07610321044922,88.49211120605469,402566192
2023-05-06,83.63143920898438,89.34297943115234,82.33717346191406,88.8398208618164,611083498
2023-05-07,83.5726089477539,84.69554138183594,83.34185028076172,83.6258544921875,345770753
2023-05-08,77.8734359741211,84.86123657226562,76.82546997070312,83.56997680664062,718898381
2023-05-09,80.0215835571289,80.05975341796875,77.59510803222656,77.87397003173828,468132043
2023-05-10,81.06997680664062,81.9688720703125,78.1779556274414,80.01506805419922,582964296
2023-05-11,81.04087829589844,81.79845428466797,78.89405059814453,81.06985473632812,586874786
2023-05-12,80.50313568115234,81.30793762207031,77.84980010986328,81.0281753540039,526826920
2023-05-13,80.30570220947266,80.97518920898438,80.1424560546875,80.50262451171875,305028463
2023-05-14,83.44429779052734,83.81517028808594,80.0142593383789,80.3096923828125,400491842
2023-05-15,87.06656646728516,88.42467498779297,82.56475830078125,83.44499969482422,776623075
2023-05-16,89.85771942138672,90.2391128540039,86.41757202148438,87.06422424316406,809177581
2023-05-17,93.88973236083984,94.87337493896484,89.83343505859375,89.86700439453125,1045389525
2023-05-18,90.54290771484375,94.0677490234375,89.68464660644531,93.88941955566406,586904480
2023-05-19,91.70238494873047,93.23743438720703,90.44110870361328,90.53280639648438,558055386
2023-05-20,92.3713150024414,92.68251037597656,90.82449340820312,91.71121215820312,306548115
2023-05-21,92.27886962890625,93.29615020751953,91.46859741210938,92.37760162353516,365938794
2023-05-22,90.94607543945312,92.65963745117188,90.36430358886719,92.27718353271484,396591248
2023-05-23,91.63233184814453,92.98806762695312,90.6908950805664,90.9487533569336,384556801
2023-05-24,86.0003662109375,91.7929458618164,85.11100006103516,91.63601684570312,771426876
2023-05-25,86.60067749023438,86.60103607177734,83.53244018554688,85.98468780517578,561109959
2023-05-26,87.26806640625,88.04351806640625,86.27979278564453,86.60363006591797,518267207
2023-05-27,88.65031433105469,88.7843017578125,87.06436920166016,87.25614929199219,306057058
2023-05-28,91.57996368408203,92.15806579589844,88.33882141113281,88.6490707397461,448657302
2023-05-29,91.00045776367188,92.10299682617188,90.4075698852539,91.5782699584961,415109197
2023-05-30,92.32611083984375,93.11832427978516,90.72916412353516,90.99673461914062,455802742
2023-05-31,90.53900909423828,92.58869171142578,88.3498306274414,92.32270812988281,567208418
2023-06-01,93.97233581542969,95.64359283447266,89.66291809082031,90.5374755859375,961609681
2023-06-02,95.4177474975586,95.52638244628906,93.17652130126953,93.99617004394531,567841812
2023-06-03,95.99313354492188,97.17709350585938,94.36772155761719,95.41691589355469,477888613
2023-06-04,94.2899169921875,96.46296691894531,94.26844787597656,95.99697875976562,436188890
2023-06-05,87.83460235595703,94.48497772216797,85.06339263916016,94.29324340820312,896571627
2023-06-06,90.92071533203125,91.29386138916016,86.10227966308594,87.82861328125,649344540
2023-06-07,88.848388671875,91.11282348632812,87.90330505371094,90.91618347167969,537757007
2023-06-08,88.46656036376953,89.44023895263672,87.45428466796875,88.85504150390625,356770854
2023-06-09,89.2320327758789,89.88706970214844,87.3760757446289,88.47003936767578,388902174
2023-06-10,77.3517074584961,89.26510620117188,75.29298400878906,89.23345184326172,1185675805
2023-06-11,77.69893646240234,78.88540649414062,76.54277038574219,77.34902954101562,432046461
2023-06-12,77.548095703125,77.80024719238281,75.98138427734375,77.69596862792969,452560497
2023-06-13,77.4438247680664,79.20506286621094,76.64176177978516,77.54544830322266,440462157
2023-06-14,73.16329193115234,78.05886840820312,72.02310943603516,77.44377899169922,490434416
2023-06-15,74.52643585205078,74.97827911376953,72.25688934326172,73.16604614257812,402537213
2023-06-16,76.04912567138672,76.66400146484375,74.23796081542969,74.52815246582031,352725567
2023-06-17,76.91241455078125,77.65483093261719,75.801025390625,76.05306243896484,273568501
2023-06-18,77.17825317382812,78.43463134765625,76.50340270996094,76.90868377685547,274352131
2023-06-19,77.42202758789062,77.63203430175781,76.35579681396484,77.17976379394531,293010032
2023-06-20,80.30889892578125,80.65240478515625,76.0155258178711,77.42572021484375,437548832
2023-06-21,85.14774322509766,87.15467071533203,80.13422393798828,80.30741882324219,814693890
2023-06-22,86.07022094726562,88.69551086425781,84.866455078125,85.15050506591797,606189402
2023-06-23,91.20945739746094,92.427978515625,85.43560028076172,86.06431579589844,755797463
2023-06-24,89.74402618408203,93.15872955322266,87.15614318847656,91.21172332763672,666550721
2023-06-25,88.2751693725586,90.31420135498047,87.13050842285156,89.740478515625,487211798
2023-06-26,87.27570343017578,89.90308380126953,86.41650390625,88.26795196533203,548434353
2023-06-27,87.99827575683594,89.3742904663086,87.05574035644531,87.27226257324219,420226149
2023-06-28,83.06114959716797,88.05243682861328,82.12751007080078,88.01544189453125,556606414
2023-06-29,84.77587127685547,85.6585693359375,83.04206848144531,83.05780792236328,395849863
2023-06-30,108.16532897949219,110.79525756835938,84.58930206298828,84.76875305175781,3377766238
2023-07-01,107.22920227050781,111.75740814208984,104.6958236694336,108.20174407958984,1853573626
2023-07-02,113.21729278564453,113.62712097167969,105.70906066894531,107.2259521484375,1783628932
2023-07-03,106.94577026367188,114.49706268310547,105.97306823730469,113.23170471191406,1154666410
2023-07-04,104.71099090576172,109.16132354736328,104.71099090576172,106.95414733886719,795208399
2023-07-05,102.6939926147461,106.27179718017578,99.39552307128906,104.69001770019531,1061933634
2023-07-06,95.66722869873047,105.5124740600586,95.66722869873047,102.67760467529297,1197521335
2023-07-07,98.24247741699219,98.38237762451172,95.09568786621094,95.64627838134766,703059439
2023-07-08,97.8747787475586,98.38021087646484,96.91822814941406,98.24229431152344,417911861
2023-07-09,95.17955017089844,98.30692291259766,95.06183624267578,97.87844848632812,412735847
2023-07-10,96.7313461303711,97.64109802246094,92.89258575439453,95.18221282958984,801346663
2023-07-11,96.78643798828125,98.12002563476562,95.81536102294922,96.73770141601562,584873947
2023-07-12,96.28018188476562,97.75325775146484,94.7883071899414,96.78523254394531,502089267
2023-07-13,101.92713928222656,104.01946258544922,95.7929916381836,96.27791595458984,1243581127
2023-07-14,95.15866088867188,103.23743438720703,92.93989562988281,101.9261703491211,994506743
2023-07-15,94.7518081665039,95.65518188476562,94.18665313720703,95.16152954101562,405906202
2023-07-16,92.90528106689453,95.223876953125,92.75621032714844,94.75725555419922,412440907
2023-07-17,92.29344940185547,93.52267456054688,90.33413696289062,92.91064453125,581572145
2023-07-18,91.50321960449219,92.86105346679688,90.16366577148438,92.29016876220703,444675473
2023-07-19,92.16179656982422,94.06116485595703,91.51500701904297,91.51500701904297,479778485
2023-07-20,92.3820571899414,93.48064422607422,91.68144226074219,92.1534652709961,558800999
2023-07-21,94.05186462402344,94.60526275634766,91.9632568359375,92.38404083251953,454489403
2023-07-22,92.051513671875,96.1513442993164,91.718017578125,94.04817199707031,442970678
2023-07-23,93.25886535644531,93.47718048095703,91.82036590576172,92.06299591064453,361401131
2023-07-24,89.1534652709961,93.24933624267578,88.2190170288086,93.24933624267578,558656341
2023-07-25,89.53140258789062,89.97694396972656,88.85782623291016,89.155029296875,369676148
2023-07-26,90.62142181396484,90.97019958496094,88.94905090332031,89.53092956542969,411401840
2023-07-27,90.49376678466797,91.72827911376953,89.92593383789062,90.626953125,393733970
2023-07-28,91.53057098388672,91.89440155029297,90.49320220947266,90.49320220947266,341018407
2023-07-29,94.59809112548828,94.71575164794922,90.96675109863281,91.5191879272461,357766274
2023-07-30,94.09105682373047,95.69255065917969,92.21128845214844,94.57041931152344,764611368
2023-07-31,92.24313354492188,94.82227325439453,91.64766693115234,94.0893325805664,526612463
2023-08-01,93.82040405273438,93.82040405273438,89.78800964355469,92.2442626953125,775320147
2023-08-02,87.48905944824219,94.31300354003906,86.91828155517578,93.8185043334961,899573748
2023-08-03,82.70779418945312,88.2265625,82.69623565673828,87.4917221069336,661629539
2023-08-04,82.07891082763672,83.70612335205078,81.50664520263672,82.6933364868164,574898134
2023-08-05,83.1055908203125,83.29777526855469,81.58123779296875,82.08647155761719,266995799
2023-08-06,82.4717025756836,83.3685531616211,82.08924102783203,83.10028839111328,261949686
2023-08-07,82.34452056884766,83.21983337402344,80.51209259033203,82.47097778320312,369980930
2023-08-08,83.95689392089844,85.11045837402344,81.8248291015625,82.34268951416016,464971615
2023-08-09,84.0372085571289,84.42743682861328,83.29949951171875,83.95451354980469,1086009763
2023-08-10,83.0334701538086,84.27881622314453,82.70103454589844,84.03833770751953,273793336
2023-08-11,83.49586486816406,83.52788543701172,82.71995544433594,83.03477478027344,210777034
2023-08-12,83.44852447509766,83.85722351074219,83.3445053100586,83.4949722290039,187648883
2023-08-13,81.97803497314453,83.61597442626953,81.65193176269531,83.45048522949219,268437601
2023-08-14,82.0685806274414,82.9730453491211,81.66976165771484,81.97904205322266,262059229
2023-08-15,79.27375030517578,82.1091079711914,78.76314544677734,82.06822967529297,401918865
2023-08-16,74.4788589477539,79.45748901367188,73.62923431396484,79.27622985839844,622966364
2023-08-17,65.08576202392578,75.66679382324219,61.756107330322266,74.47917938232422,785297656
2023-08-18,64.08291625976562,65.76448059082031,63.73204040527344,65.09419250488281,571194825
2023-08-19,64.10386657714844,64.89527893066406,63.734344482421875,64.08513641357422,299693328
2023-08-20,65.25251007080078,65.72362518310547,64.0736312866211,64.10791778564453,246734222
2023-08-21,66.95868682861328,67.04644775390625,64.97805786132812,65.25150299072266,431113836
2023-08-22,64.7702865600586,67.10531616210938,63.27900314331055,66.95895385742188,377574603
2023-08-23,65.61077880859375,66.59355163574219,64.16802978515625,64.77369689941406,304886653
2023-08-24,64.8792724609375,65.84490203857422,64.1384506225586,65.6120834350586,225372238
2023-08-25,65.1119155883789,65.22283172607422,63.84314727783203,64.88139343261719,268487447
2023-08-26,65.0107192993164,65.49846649169922,64.96183013916016,65.1128921508789,183821199
2023-08-27,65.36711120605469,65.8790283203125,64.90509796142578,65.0103988647461,191462581
2023-08-28,65.5425033569336,65.6675796508789,64.2706298828125,65.36781311035156,252050651
2023-08-29,68.89247131347656,70.21554565429688,64.70936584472656,65.541748046875,540744008
2023-08-30,67.65953063964844,68.98538208007812,66.81487274169922,68.89306640625,294424844
2023-08-31,63.951377868652344,68.22232818603516,63.61683654785156,67.66082000732422,377755734
2023-09-01,63.00745391845703,64.21014404296875,62.191444396972656,63.946067810058594,311070837
2023-09-02,64.56063079833984,64.62007141113281,63.0091438293457,63.0091438293457,219217798
2023-09-03,63.93811798095703,64.78752136230469,63.73307800292969,64.56390380859375,203377116
2023-09-04,63.70868682861328,64.8372802734375,63.25442886352539,63.936500549316406,236821353
2023-09-05,63.123634338378906,63.72697830200195,62.66367721557617,63.713348388671875,250002419
2023-09-06,62.84352493286133,63.564029693603516,62.05997085571289,63.11856460571289,248375044
2023-09-07,63.62236785888672,64.18999481201172,62.594913482666016,62.8436393737793,213292207
2023-09-08,62.57698059082031,64.03904724121094,61.98211669921875,63.62635040283203,206394384
2023-09-09,63.08150863647461,63.19569778442383,62.54669189453125,62.57859420776367,145767952
2023-09-10,61.12152862548828,63.083091735839844,60.51252365112305,63.083091735839844,249697962
2023-09-11,58.837158203125,61.563560485839844,58.038230895996094,61.1194953918457,316901808
2023-09-12,60.01279067993164,61.19291687011719,58.69303894042969,58.836307525634766,285423408
2023-09-13,62.00352096557617,62.59047317504883,59.74307632446289,60.01713562011719,300723201
2023-09-14,62.808536529541016,63.320518493652344,62.00201416015625,62.00201416015625,268972316
2023-09-15,65.99552917480469,66.15228271484375,62.675567626953125,62.81654739379883,273527819
2023-09-16,65.33952331542969,66.70187377929688,64.53209686279297,65.99066925048828,225396971
2023-09-17,63.57822799682617,65.38236236572266,63.25345993041992,65.3468017578125,238602170
2023-09-18,65.89459991455078,67.35792541503906,63.222713470458984,63.57775115966797,411318370
2023-09-19,67.33423614501953,68.26288604736328,65.7770004272461,65.89329528808594,310488863
2023-09-20,64.56434631347656,67.61347961425781,63.9884033203125,67.3339614868164,407377312
2023-09-21,64.69098663330078,64.96765899658203,63.124759674072266,64.56512451171875,270451760
2023-09-22,64.33540344238281,65.46080780029297,64.17753601074219,64.69171142578125,278551984
2023-09-23,65.08039093017578,65.22538757324219,64.33490753173828,64.33490753173828,240624622
2023-09-24,63.58713912963867,65.08419799804688,63.540279388427734,65.08006286621094,189877277
2023-09-25,64.33724212646484,64.99095916748047,63.113136291503906,63.58618927001953,216448495
2023-09-26,63.75851058959961,64.91890716552734,63.39755630493164,64.33316040039062,256010742
2023-09-27,63.486812591552734,65.41913604736328,63.28005599975586,63.7563362121582,212329352
2023-09-28,65.23880767822266,65.41007232666016,63.21833801269531,63.487186431884766,235902966
2023-09-29,65.63209533691406,66.3995590209961,64.97479248046875,65.24066162109375,215673747
2023-09-30,66.06964874267578,66.5233383178711,65.42050170898438,65.63078308105469,153210629
2023-10-01,68.23331451416016,68.59121704101562,65.90534973144531,66.06880950927734,248362902
2023-10-02,66.01112365722656,68.33139038085938,65.4486312866211,68.22895050048828,283142952
2023-10-03,65.49351501464844,66.83684539794922,65.3681869506836,66.00701904296875,188593883
2023-10-04,64.45206451416016,65.50921630859375,63.72556686401367,65.4983901977539,220351720
2023-10-05,64.8587646484375,65.19656372070312,64.09691619873047,64.45919799804688,202994978
2023-10-06,65.53318786621094,65.90678405761719,64.5665283203125,64.85737609863281,178382571
2023-10-07,65.48564147949219,66.2298812866211,65.10038757324219,65.53359985351562,146532235
2023-10-08,65.36454772949219,65.96834564208984,65.10354614257812,65.4871826171875,179284709
2023-10-09,63.11105728149414,65.37638092041016,62.147029876708984,65.36439514160156,235298990
2023-10-10,63.621070861816406,63.793540954589844,62.681705474853516,63.10908508300781,164326149
2023-10-11,61.499820709228516,63.68592071533203,61.26277160644531,63.61977767944336,186389594
2023-10-12,61.12781524658203,61.521873474121094,60.75468063354492,61.50114059448242,171888213
2023-10-13,61.574058532714844,61.99513626098633,61.11253356933594,61.127197265625,203849754
2023-10-14,61.665157318115234,61.949981689453125,61.470035552978516,61.5745849609375,120785909
2023-10-15,61.65643310546875,62.10171890258789,61.447322845458984,61.66400909423828,134170091
2023-10-16,63.337162017822266,65.36457061767578,61.64601516723633,61.657100677490234,334167678
2023-10-17,62.16300964355469,63.33576583862305,61.688175201416016,63.33576583862305,191914626
2023-10-18,60.276973724365234,62.6015510559082,60.191654205322266,62.15605545043945,188485126
2023-10-19,61.786651611328125,61.812965393066406,60.10832977294922,60.27848434448242,182482608
2023-10-20,63.41781997680664,64.17544555664062,61.65102005004883,61.78886413574219,251686318
2023-10-21,64.73554229736328,65.25566864013672,63.418296813964844,63.418296813964844,198983839
2023-10-22,65.19058227539062,66.05732727050781,63.82060623168945,64.73735809326172,283863584
2023-10-23,68.99109649658203,69.5350112915039,65.24591064453125,65.37158966064453,471640160
2023-10-24,69.0318603515625,72.3819580078125,67.78724670410156,68.9913558959961,547455091
2023-10-25,68.6949234008789,70.32286834716797,67.98658752441406,69.0497817993164,369294933
2023-10-26,68.85438537597656,70.42892456054688,67.44944763183594,68.69750213623047,385302387
2023-10-27,67.05579376220703,68.8486557006836,66.05765533447266,68.8486557006836,308631582
2023-10-28,67.78277587890625,68.29448699951172,67.0185546875,67.05213928222656,287279561
2023-10-29,68.80084228515625,69.22142028808594,67.2679443359375,67.778076171875,232084984
2023-10-30,69.25083923339844,69.7035903930664,67.84952545166016,68.80012512207031,270567503
2023-10-31,68.9495620727539,70.35674285888672,68.31682586669922,69.24954986572266,334835486
2023-11-01,69.93502044677734,70.34513854980469,66.79888153076172,68.94947814941406,377378547
2023-11-02,69.39419555664062,70.67996215820312,68.05870056152344,69.93855285644531,350621685
2023-11-03,69.49114227294922,69.56597137451172,67.95130920410156,69.38985443115234,234233495
2023-11-04,70.47209930419922,70.6252670288086,68.96759796142578,69.49092102050781,194430502
2023-11-05,71.66265106201172,72.21622467041016,70.10407257080078,70.45054626464844,337144700
2023-11-06,74.48286437988281,74.92601776123047,71.09197235107422,71.66226959228516,307139405
2023-11-07,73.56438446044922,74.51031494140625,71.3797607421875,74.48506927490234,345874833
2023-11-08,73.17993927001953,74.26231384277344,72.61449432373047,73.56033325195312,279316148
2023-11-09,73.75221252441406,76.1036148071289,70.33726501464844,73.17977905273438,563715610
2023-11-10,73.30500030517578,74.9408187866211,71.39967346191406,73.75566864013672,391745232
2023-11-11,75.17430877685547,75.86489868164062,71.41221618652344,73.30033874511719,409990766
2023-11-12,74.89127349853516,76.63818359375,72.85487365722656,75.1719970703125,400244544
2023-11-13,71.49154663085938,75.93030548095703,71.19602966308594,74.89793395996094,391890703
2023-11-14,70.63526153564453,72.5024185180664,68.79059600830078,71.44110107421875,378863884
2023-11-15,74.080322265625,74.25138854980469,70.62351989746094,70.63592529296875,335516203
2023-11-16,71.1790542602539,74.30123138427734,70.0713882446289,74.08006286621094,343373015
2023-11-17,70.18233489990234,71.62705993652344,68.40803527832031,71.14913177490234,406903529
2023-11-18,69.89380645751953,70.27632141113281,67.9962387084961,70.19161987304688,243237870
2023-11-19,70.64031219482422,70.6695556640625,68.82186126708984,69.89537048339844,226121115
2023-11-20,69.51773834228516,70.95977783203125,69.20074462890625,70.63932037353516,271959607
2023-11-21,66.45738220214844,71.64383697509766,65.86429595947266,69.51911926269531,427605909
2023-11-22,68.7055892944336,69.0522689819336,66.27107238769531,66.44966888427734,275595694
2023-11-23,69.512451171875,70.59394073486328,68.62484741210938,68.70059204101562,307401786
2023-11-24,70.73595428466797,71.63275146484375,69.50718688964844,69.5111083984375,307601320
2023-11-25,71.83336639404297,72.08313751220703,70.6522445678711,70.73846435546875,237235479
2023-11-26,70.05899047851562,71.84637451171875,69.42903137207031,71.83610534667969,257792066
2023-11-27,69.2423324584961,70.45950317382812,68.28045654296875,70.05546569824219,261741816
2023-11-28,69.73725128173828,70.16437530517578,68.1114273071289,69.2442398071289,340266606
2023-11-29,69.98934936523438,70.41757202148438,69.29904174804688,69.73710632324219,241745414
2023-11-30,69.4455795288086,70.10887145996094,69.18724060058594,69.98896789550781,238522259
2023-12-01,71.54496765136719,72.13900756835938,69.28773498535156,69.4422836303711,342098446
2023-12-02,72.27222442626953,72.67749786376953,71.4587173461914,71.54443359375,252948067
2023-12-03,72.25643157958984,72.71341705322266,71.45440673828125,72.27241516113281,260490911
2023-12-04,72.82166290283203,74.97122192382812,72.11064910888672,72.25977325439453,579013037
2023-12-05,74.29119873046875,74.29496002197266,71.49230194091797,72.83030700683594,409610732
2023-12-06,72.41529083251953,74.64412689208984,72.41529083251953,74.28897857666016,415760055
2023-12-07,74.05846405029297,74.44076538085938,72.2862777709961,72.42969512939453,380178224
2023-12-08,78.39876556396484,78.56376647949219,73.56470489501953,74.06021881103516,518109798
2023-12-09,76.27754974365234,79.43228149414062,76.23912048339844,78.40948486328125,646771325
2023-12-10,77.14188385009766,78.70563507080078,76.28400421142578,76.28400421142578,373110524
2023-12-11,72.65074920654297,77.46167755126953,71.65664672851562,77.14701843261719,562479070
2023-12-12,72.4129867553711,73.6204833984375,71.1378173828125,72.65022277832031,327096779
2023-12-13,73.1978530883789,73.93169403076172,70.67697143554688,72.40437316894531,409363158
2023-12-14,72.96341705322266,74.01651763916016,71.90701293945312,73.19517517089844,390459199
2023-12-15,70.95587921142578,72.97990417480469,70.93561553955078,72.96294403076172,289918266
2023-12-16,72.13298034667969,72.4605712890625,70.84329986572266,70.9569320678711,239288933
2023-12-17,71.23487091064453,73.49186706542969,70.99337768554688,72.1331558227539,296569366
2023-12-18,70.80284118652344,71.4552001953125,68.37655639648438,71.2234115600586,331991740
2023-12-19,70.61455535888672,71.5743408203125,69.88497924804688,70.80675506591797,268798362
2023-12-20,69.80497741699219,71.85749816894531,69.58870697021484,70.61553955078125,388377729
2023-12-21,70.92453002929688,71.04276275634766,69.08536529541016,69.80982208251953,337148848
2023-12-22,73.7297134399414,73.76168060302734,70.57711029052734,70.92400360107422,361158771
2023-12-23,72.5406265258789,74.00381469726562,71.65083312988281,73.72219848632812,300928578
2023-12-24,71.17471313476562,72.91796875,70.57626342773438,72.53601837158203,325474499
2023-12-25,72.27528381347656,72.72115325927734,70.8271484375,71.17684936523438,272499306
2023-12-26,73.15052032470703,74.28353118896484,71.27910614013672,72.27474212646484,464032652
2023-12-27,75.85030364990234,76.8629379272461,72.36943817138672,73.15015411376953,534010451
2023-12-28,76.72232818603516,77.43397521972656,74.72697448730469,75.8705825805664,561930641
2023-12-29,73.40414428710938,77.71273803710938,73.29108428955078,76.7138900756836,516441232
2023-12-30,73.31273651123047,74.00729370117188,72.64119720458984,73.4019775390625,311515246
2023-12-31,72.7984390258789,74.16226196289062,72.44013214111328,73.30585479736328,286836101
2024-01-01,74.73192596435547,74.73192596435547,72.2520980834961,72.91329193115234,255667692
2024-01-02,72.98407745361328,75.80821990966797,72.70101928710938,74.72974395751953,386648433
2024-01-03,65.30164337158203,73.57327270507812,63.047882080078125,72.98516845703125,759247166
2024-01-04,66.49139404296875,66.95932006835938,64.81940460205078,65.30128479003906,396941206
2024-01-05,66.02114868164062,66.74877166748047,64.61968994140625,66.48836517333984,417630277
2024-01-06,65.67607879638672,66.10518646240234,63.635894775390625,66.02498626708984,285283013
2024-01-07,64.2574691772461,66.2977294921875,63.96206283569336,65.67817687988281,259336849
2024-01-08,67.80654907226562,68.30154418945312,61.70838928222656,64.25442504882812,504603252
2024-01-09,66.94928741455078,67.8353042602539,64.8712158203125,67.81297302246094,474216123
2024-01-10,69.89013671875,71.03638458251953,65.40641021728516,66.9532699584961,530257325
2024-01-11,71.9844741821289,74.51087951660156,69.73507690429688,69.91801452636719,680917400
2024-01-12,72.90021514892578,76.84762573242188,70.68125915527344,71.97541809082031,933230770
2024-01-13,71.98751068115234,73.48469543457031,71.10447692871094,72.89347076416016,405367417
2024-01-14,69.81559753417969,72.23558807373047,69.6949691772461,71.98599243164062,338194628
2024-01-15,69.255615234375,71.52884674072266,69.05143737792969,69.79605102539062,303171541
2024-01-16,69.47465515136719,70.40702819824219,68.60191345214844,69.22520446777344,333674337
2024-01-17,69.38614654541016,69.87574005126953,68.59004974365234,69.46499633789062,287190583
2024-01-18,67.99267578125,70.23684692382812,66.6109619140625,69.38743591308594,414154847
2024-01-19,71.1841812133789,71.41926574707031,67.12335205078125,67.99488067626953,403881358
2024-01-20,71.29741668701172,72.67486572265625,70.60953521728516,71.18571472167969,353477650
2024-01-21,71.60008239746094,72.14863586425781,70.5462646484375,71.29935455322266,231236531
2024-01-22,67.28827667236328,72.54460144042969,66.91217041015625,71.61471557617188,458158615
2024-01-23,65.44943237304688,68.31859588623047,63.26130294799805,67.2889404296875,408856695
2024-01-24,66.14016723632812,66.29458618164062,64.9065170288086,65.45223999023438,276316216
2024-01-25,65.49899291992188,66.14049530029297,64.6639633178711,66.14049530029297,234636079
2024-01-26,67.03406524658203,67.50267791748047,65.23934936523438,65.49834442138672,248070449
2024-01-27,68.08456420898438,68.28233337402344,66.42139434814453,67.03558349609375,211372666
2024-01-28,68.39750671386719,68.44358825683594,67.40785217285156,68.0787582397461,238275365
2024-01-29,68.45301055908203,68.70699310302734,66.92247009277344,68.39154815673828,276494459
2024-01-30,67.51202392578125,68.64164733886719,67.29065704345703,68.45301055908203,238389131
2024-01-31,66.75304412841797,69.7961654663086,66.2651596069336,67.51619720458984,348867643
2024-02-01,67.51658630371094,68.0745620727539,65.80314636230469,66.75057220458984,232108384
2024-02-02,68.0035171508789,68.34182739257812,67.41259002685547,67.51679229736328,203602294
2024-02-03,68.83683776855469,69.08407592773438,67.91503143310547,68.00343322753906,187461706
2024-02-04,66.93138885498047,68.83361053466797,66.68217468261719,68.83361053466797,207440125
2024-02-05,67.61941528320312,68.13233184814453,66.71401977539062,66.93228912353516,204854690
2024-02-06,68.29098510742188,68.75141143798828,67.555908203125,67.61927032470703,215034847
2024-02-07,68.5560302734375,68.74256896972656,67.75403594970703,68.29220581054688,243889376
2024-02-08,70.5627670288086,70.607177734375,68.45651245117188,68.56172180175781,271057492
2024-02-09,70.67704772949219,71.8592529296875,70.35433197021484,70.56900787353516,396248689
2024-02-10,70.80987548828125,71.17469024658203,70.10237121582031,70.67526245117188,229511617
2024-02-11,71.54000091552734,72.94056701660156,70.68895721435547,70.80158233642578,314543793
2024-02-12,72.93286895751953,73.41268157958984,70.45436096191406,71.5449447631836,301824432
2024-02-13,69.00106048583984,73.13077545166016,68.28054809570312,72.93097686767578,489477662
2024-02-14,69.89627838134766,70.74320983886719,68.56498718261719,68.9997787475586,437462934
2024-02-15,69.81148529052734,70.86344146728516,69.24420928955078,69.89649963378906,396502737
2024-02-16,70.6171646118164,70.96041870117188,69.24288940429688,69.81440734863281,313910640
2024-02-17,69.9896240234375,70.72038269042969,68.4150619506836,70.61634826660156,262442667
2024-02-18,70.7302474975586,71.278076171875,69.88116455078125,69.99020385742188,250736447
2024-02-19,71.31204223632812,71.67140197753906,70.58426666259766,70.73890686035156,294953659
2024-02-20,69.65516662597656,71.42372131347656,68.31145477294922,71.31291198730469,391121481
2024-02-21,68.93756103515625,69.66280364990234,67.50300598144531,69.6536636352539,295704432
2024-02-22,68.76451873779297,69.63172912597656,67.98335266113281,68.93953704833984,311236598
2024-02-23,68.82816314697266,69.06391906738281,67.72360229492188,68.7635498046875,256867051
2024-02-24,70.3870620727539,70.6188735961914,68.71939086914062,68.8262710571289,241694583
2024-02-25,70.08211517333984,70.55437469482422,69.80223846435547,70.38663482666016,225632198
2024-02-26,71.9378890991211,72.91568756103516,69.228515625,70.08729553222656,389106739
2024-02-27,74.03375244140625,76.28779602050781,71.94554138183594,71.94554138183594,641863534
2024-02-28,74.59254455566406,77.84503173828125,71.7627182006836,74.02571868896484,768473291
2024-02-29,79.9408950805664,84.81261444091797,74.12446594238281,74.58062744140625,1042945490
2024-03-01,85.08411407470703,86.05924987792969,79.91729736328125,79.91729736328125,656274472
2024-03-02,94.41902923583984,94.47052001953125,84.58365631103516,85.05973052978516,1040122066
2024-03-03,90.66835021972656,94.52516174316406,87.49765014648438,94.42616271972656,707371775
2024-03-04,88.93545532226562,92.42456817626953,87.78443908691406,90.67282104492188,830931633
2024-03-05,82.04119873046875,91.83197021484375,74.43440246582031,88.94632720947266,1367572503
2024-03-06,85.82997131347656,87.25851440429688,79.98624420166016,82.03903198242188,742784629
2024-03-07,88.10804748535156,89.60367584228516,83.59175109863281,85.82997131347656,651436457
2024-03-08,88.63076782226562,89.30990600585938,84.9583969116211,88.10762023925781,704449860
2024-03-09,90.8468017578125,91.01152801513672,87.22425079345703,88.63091278076172,526302540
2024-03-10,87.50755310058594,90.91190338134766,85.6823501586914,90.84618377685547,482197828
2024-03-11,103.7921142578125,105.58413696289062,84.83401489257812,87.50587463378906,1538166122
2024-03-12,97.53800201416016,104.08688354492188,93.2957992553711,103.79320526123047,1160292398
2024-03-13,97.32198333740234,98.78469848632812,94.63167572021484,97.53800201416016,668550065
2024-03-14,94.11614227294922,98.01575469970703,90.35404205322266,97.32335662841797,835527149
2024-03-15,89.71339416503906,95.27178955078125,84.35176849365234,94.12076568603516,922321450
2024-03-16,84.13844299316406,90.63287353515625,82.46944427490234,89.7118911743164,622982146
2024-03-17,85.85752868652344,86.679931640625,81.1246566772461,84.14225769042969,503681869
2024-03-18,87.1122055053711,87.86909484863281,80.94900512695312,85.85687255859375,563769105
2024-03-19,78.58637237548828,87.42929077148438,77.2979507446289,87.11251831054688,978488125
2024-03-20,84.78901672363281,85.24988555908203,77.28515625,78.58637237548828,727339448
2024-03-21,85.70162200927734,86.80300903320312,83.85657501220703,84.78901672363281,563676121
2024-03-22,83.31150817871094,86.08287811279297,80.80746459960938,85.70466613769531,473810620
2024-03-23,85.42414093017578,87.45525360107422,83.15123748779297,83.31150817871094,494227407
2024-03-24,89.69075012207031,90.4247817993164,85.37574768066406,85.42353820800781,614433135
2024-03-25,90.72403717041016,91.93660736083984,88.71807861328125,89.69075012207031,620722715
2024-03-26,95.86446380615234,96.84715270996094,87.78437042236328,90.72403717041016,964048565
2024-03-27,93.6755142211914,98.30583190917969,92.85340118408203,95.86512756347656,984598281
2024-03-28,94.2191162109375,96.38533782958984,93.5243148803711,93.6755142211914,702908138
2024-03-29,109.25897216796875,110.00592803955078,93.1104965209961,94.2190170288086,1803906237
2024-03-30,102.86311340332031,109.24998474121094,101.3065414428711,109.24394226074219,729886796
2024-03-31,105.18340301513672,106.54881286621094,101.55445861816406,102.86630249023438,638798519
2024-04-01,99.3753433227539,112.31586456298828,97.5183334350586,105.18340301513672,1354224503
2024-04-02,106.81754302978516,108.81121063232422,94.32090759277344,99.37517547607422,1576166267
2024-04-03,98.57223510742188,109.54499816894531,96.7464599609375,106.81896209716797,990603461
2024-04-04,98.40848541259766,103.96652221679688,96.45170593261719,98.57223510742188,952231750
2024-04-05,98.04344940185547,100.10220336914062,95.33878326416016,98.40848541259766,735964372
2024-04-06,101.50172424316406,102.31310272216797,97.30354309082031,98.04320526123047,496165238
2024-04-07,101.17562866210938,105.6772689819336,100.43559265136719,101.49998474121094,581333824
2024-04-08,103.3110580444336,105.84207916259766,99.91136932373047,101.1756362915039,706651161
2024-04-09,97.49812316894531,103.38558959960938,96.7442626953125,103.3110580444336,593234437
2024-04-10,96.69976043701172,98.1346435546875,94.45733642578125,97.49812316894531,571530949
2024-04-11,98.68910217285156,99.80048370361328,95.04449462890625,96.70042419433594,533522657
2024-04-12,86.26956939697266,99.2889633178711,80.81292724609375,98.68854522705078,1052316398
2024-04-13,77.60658264160156,86.49285888671875,71.311767578125,86.26397705078125,1220477380
2024-04-14,79.9143295288086,80.36457824707031,74.1386489868164,77.59749603271484,833631968
2024-04-15,78.07315063476562,82.75382232666016,75.9499740600586,79.91568756103516,713883734
2024-04-16,79.92219543457031,80.38191223144531,75.87028503417969,78.07255554199219,487783387
2024-04-17,80.16748046875,80.71611022949219,76.52603149414062,79.92552185058594,428178765
2024-04-18,80.79938507080078,82.39315795898438,78.88060760498047,80.16756439208984,502655456
2024-04-19,80.9097900390625,82.01753997802734,76.2033920288086,80.79938507080078,484059666
2024-04-20,85.092041015625,85.89022064208984,80.44182586669922,80.90921020507812,342916025
2024-04-21,84.16567993164062,85.68260192871094,82.98918914794922,85.09185791015625,297434669
2024-04-22,85.4677963256836,86.37734985351562,84.08796691894531,84.16493225097656,379391982
2024-04-23,85.10800170898438,85.90682983398438,84.1795883178711,85.4677963256836,315895462
2024-04-24,83.16317749023438,87.6387710571289,82.43112182617188,85.10782623291016,520985490
2024-04-25,83.79810333251953,85.02046203613281,82.1574478149414,83.16600036621094,455920818
2024-04-26,87.99208068847656,88.48827362060547,83.21366882324219,83.79810333251953,600181600
2024-04-27,83.88262939453125,88.36001586914062,83.35037994384766,87.99189758300781,431405902
2024-04-28,83.95203399658203,85.36380767822266,83.70288848876953,83.88262939453125,297363904
2024-04-29,83.51525115966797,85.4811019897461,81.94097137451172,83.95268249511719,384053398
2024-04-30,79.49531555175781,84.4456558227539,77.6153335571289,83.51441192626953,409800293
2024-05-01,80.09586334228516,80.6950454711914,74.9177474975586,79.4953384399414,465312453
2024-05-02,80.12277221679688,81.14041137695312,78.66080474853516,80.09586334228516,313083456
2024-05-03,81.93013763427734,82.59833526611328,79.45542907714844,80.12277221679688,306780202
2024-05-04,81.6870346069336,82.92390441894531,81.64507293701172,81.92999267578125,252821970
2024-05-05,81.37557220458984,81.73737335205078,80.54306030273438,81.6870346069336,266211647
2024-05-06,80.78765106201172,83.98172760009766,80.23799896240234,81.37535858154297,401251818
2024-05-07,80.81792449951172,82.54014587402344,80.02095031738281,80.78755950927734,334396236
2024-05-08,81.6363525390625,82.10762023925781,79.40979766845703,80.81816864013672,362774817
2024-05-09,83.05622100830078,83.07113647460938,80.76737976074219,81.6363525390625,301587301
2024-05-10,80.2269287109375,83.42251586914062,79.67955780029297,83.05730438232422,314299445
2024-05-11,81.34529876708984,82.18994903564453,80.22377014160156,80.22695922851562,239865771
2024-05-12,81.38278198242188,82.10115814208984,80.95101165771484,81.34733581542969,199954369
2024-05-13,80.6013412475586,82.46473693847656,79.07095336914062,81.3828125,335695526
2024-05-14,78.73124694824219,81.17059326171875,78.6698989868164,80.60125732421875,391753723
2024-05-15,82.5345230102539,82.78459167480469,78.31710052490234,78.73133850097656,377340508
2024-05-16,82.45768737792969,83.18783569335938,81.49226379394531,82.53450012207031,324211603
2024-05-17,84.18548583984375,84.21932220458984,82.00047302246094,82.45674133300781,315118606
2024-05-18,83.86661529541016,84.61653900146484,83.62666320800781,84.18548583984375,250565475
2024-05-19,82.2212142944336,84.37700653076172,81.86172485351562,83.86664581298828,245911982
2024-05-20,88.60094451904297,88.99490356445312,82.22056579589844,82.2212142944336,488444835
2024-05-21,88.21318054199219,89.41799926757812,87.07108306884766,88.60157775878906,626800539
2024-05-22,85.71488189697266,88.40859985351562,85.04737091064453,88.21331024169922,456965594
2024-05-23,85.41560363769531,87.71839904785156,81.87350463867188,85.71488189697266,705291984
2024-05-24,84.98160552978516,86.33328247070312,84.14339447021484,85.41560363769531,454791324
2024-05-25,84.9808578491211,85.88945007324219,84.51619720458984,84.9818115234375,262450587
2024-05-26,83.8999252319336,85.21260070800781,83.62319946289062,84.98089599609375,260785016
2024-05-27,85.2121810913086,86.3172378540039,83.8549575805664,83.8999252319336,332515348
2024-05-28,83.3997802734375,85.39529418945312,82.17367553710938,85.2121810913086,406136903
2024-05-29,83.48149871826172,84.08186340332031,82.72734832763672,83.39974975585938,325029291
2024-05-30,84.41934967041016,85.42882537841797,81.96820831298828,83.48162841796875,374103585
2024-05-31,83.23851776123047,84.59213256835938,82.15149688720703,84.41934967041016,311113104
2024-06-01,83.43401336669922,83.64016723632812,82.90918731689453,83.23851776123047,199228313
2024-06-02,83.05375671386719,83.43370819091797,82.21977233886719,83.43370819091797,260625536
2024-06-03,82.7983627319336,84.16109466552734,82.7299575805664,83.05375671386719,323671050
2024-06-04,83.65545654296875,83.65604400634766,81.22252655029297,82.79936981201172,322575434
2024-06-05,85.41313171386719,85.4281005859375,83.58734130859375,83.65545654296875,298932207
2024-06-06,84.18112182617188,85.73461151123047,84.18112182617188,85.41313171386719,303021855
2024-06-07,80.08868408203125,84.80403137207031,76.52325439453125,84.18128967285156,591251891
2024-06-08,79.99410247802734,80.39139556884766,79.04573059082031,80.08610534667969,284518077
2024-06-09,80.51000213623047,80.6773681640625,79.57272338867188,79.99313354492188,286027438
2024-06-10,79.60232543945312,80.51067352294922,79.13886260986328,80.51067352294922,345564925
2024-06-11,77.28195190429688,79.64070129394531,76.1424331665039,79.60664367675781,566945767
2024-06-12,78.46941375732422,79.19055938720703,76.53652954101562,77.2872543334961,391170592
2024-06-13,79.14324188232422,79.71875,77.43527221679688,78.47189331054688,348470946
2024-06-14,77.54237365722656,80.1712646484375,76.52998352050781,79.14163208007812,377573766
2024-06-15,79.19642639160156,79.34984588623047,77.49092102050781,77.5418701171875,235783709
2024-06-16,78.90593719482422,80.00274658203125,78.6093978881836,79.19770812988281,213769033
2024-06-17,76.62609100341797,79.16062927246094,75.33788299560547,78.90803527832031,374224288
2024-06-18,72.61646270751953,76.67543029785156,70.87077331542969,76.61924743652344,615015988
2024-06-19,73.7035140991211,74.879638671875,72.54847717285156,72.61457061767578,294923125
2024-06-20,74.7087631225586,75.29202270507812,73.29188537597656,73.7035140991211,328191289
2024-06-21,74.11437225341797,74.6950912475586,72.36263275146484,74.6950912475586,357955358
2024-06-22,74.54924774169922,74.8216323852539,73.60083770751953,74.11325073242188,197490888
2024-06-23,73.380126953125,74.96100616455078,73.37391662597656,74.54876708984375,210095112
2024-06-24,69.6898193359375,73.37001037597656,67.9246597290039,73.37001037597656,535404321
2024-06-25,71.36486053466797,71.91136169433594,69.44251251220703,69.6875228881836,313829290
2024-06-26,70.9636001586914,71.90345764160156,70.53258514404297,71.36399841308594,276567055
2024-06-27,73.12354278564453,73.18812561035156,70.54117584228516,70.95973205566406,274414769
2024-06-28,72.76513671875,74.5482177734375,72.60485076904297,73.12694549560547,366036150
2024-06-29,74.92382049560547,76.5953369140625,72.76770782470703,72.76770782470703,295661343
2024-06-30,75.27999877929688,75.80418395996094,74.08903503417969,74.91105651855469,284483188
2024-07-01,74.34024810791016,75.80268096923828,74.18956756591797,75.27049255371094,258562233
2024-07-02,75.86390686035156,76.04199981689453,74.2362289428711,74.33841705322266,226870728
2024-07-03,72.0750503540039,76.06666564941406,71.81166076660156,75.86984252929688,395211144
2024-07-04,65.3156967163086,72.29471588134766,65.21134948730469,72.06588745117188,449109396
2024-07-05,61.88725662231445,65.39863586425781,57.513309478759766,65.3086166381836,714310543
2024-07-06,65.43029022216797,65.58055877685547,61.59531784057617,61.88777160644531,266484568
2024-07-07,62.062255859375,65.53449249267578,61.724735260009766,65.42943572998047,239300654
2024-07-08,64.86933135986328,66.1348876953125,59.44060516357422,62.06187057495117,397070221
2024-07-09,65.31686401367188,66.1781997680664,64.36003112792969,64.86528015136719,227402086
2024-07-10,66.93814849853516,67.19572448730469,64.58430480957031,65.31707763671875,235892135
2024-07-11,67.43598175048828,69.08324432373047,66.58293151855469,66.94031524658203,255074186
2024-07-12,69.27572631835938,69.343994140625,66.87570190429688,67.43190002441406,308924534
2024-07-13,69.85125732421875,70.57685089111328,69.25384521484375,69.27706146240234,236979172
2024-07-14,69.96685791015625,70.50310516357422,69.3447494506836,69.84521484375,229260943
2024-07-15,72.45584869384766,72.51093292236328,69.81793212890625,69.97557067871094,353497138
2024-07-16,73.20144653320312,73.99192810058594,70.59867858886719,72.4346923828125,382767108
2024-07-17,71.42044830322266,74.19403839111328,71.3419418334961,73.20759582519531,299830129
2024-07-18,71.6102294921875,72.88584899902344,70.71131896972656,71.41646575927734,249796825
2024-07-19,73.45670318603516,74.11105346679688,69.7765121459961,71.60865020751953,316824843
2024-07-20,73.07349395751953,73.85535430908203,72.48987579345703,73.45681762695312,215480330
2024-07-21,73.988525390625,74.04309844970703,71.61493682861328,73.07353973388672,255675000
2024-07-22,71.30793762207031,74.5453872680664,70.89278411865234,73.98861694335938,476945507
2024-07-23,72.93016052246094,73.00350189208984,70.6475830078125,71.30793762207031,310802776
2024-07-24,71.24752044677734,73.62262725830078,70.88910675048828,72.93158721923828,253444139
2024-07-25,68.8547592163086,71.61515045166016,67.39405059814453,71.24840545654297,375680971
2024-07-26,71.3331069946289,71.6604232788086,68.8106918334961,68.85529327392578,243237326
2024-07-27,71.3629379272461,72.27794647216797,70.56980895996094,71.33331298828125,243026963
2024-07-28,71.1284408569336,71.72260284423828,70.44271087646484,71.36212921142578,187721468
2024-07-29,73.74948120117188,76.61622619628906,71.0945816040039,71.1286849975586,462935071
2024-07-30,71.6852035522461,74.4849853515625,71.38629150390625,73.74805450439453,259291619
2024-07-31,70.19042205810547,72.83888244628906,70.11434936523438,71.6852035522461,257603953
2024-08-01,69.56616973876953,71.38333892822266,66.36893463134766,70.19108581542969,343996932
2024-08-02,64.99111938476562,69.82292175292969,64.32030487060547,69.56598663330078,339170811
2024-08-03,64.6042251586914,66.28813171386719,62.74808883666992,64.9916763305664,297433385
2024-08-04,62.396121978759766,65.13240814208984,60.6561279296875,64.60388946533203,281214196
2024-08-05,56.21337890625,62.49174499511719,50.429405212402344,62.39621353149414,1092702214
2024-08-06,58.263362884521484,59.25807571411133,56.149593353271484,56.212059020996094,349503018
2024-08-07,55.983909606933594,59.51057052612305,55.549072265625,58.2631721496582,367194429
2024-08-08,61.22355270385742,61.84330368041992,55.36936569213867,55.98397445678711,294496934
2024-08-09,60.74286651611328,61.23487854003906,59.50537109375,61.22541427612305,246443804
2024-08-10,61.17485427856445,61.501312255859375,60.22174835205078,60.74296951293945,176462072
2024-08-11,59.70698165893555,62.30714416503906,59.047203063964844,61.176109313964844,233911051
2024-08-12,61.4669075012207,61.99182891845703,59.41765213012695,59.70737075805664,299287490
2024-08-13,63.41337966918945,63.43269348144531,61.264305114746094,61.4669075012207,255498754
2024-08-14,64.01732635498047,64.66471099853516,62.84146499633789,63.417381286621094,263275082
2024-08-15,65.27692413330078,66.82774353027344,63.682273864746094,64.01742553710938,391715001
2024-08-16,66.56855773925781,66.72370910644531,64.50328063964844,65.27692413330078,324517098
2024-08-17,67.58361053466797,67.83253479003906,65.97252655029297,66.56855773925781,205601591
2024-08-18,66.38336181640625,68.10401916503906,66.22050476074219,67.58380126953125,222494748
2024-08-19,66.36810302734375,67.40308380126953,66.06853485107422,66.3818588256836,256252677
2024-08-20,64.48001098632812,67.27870178222656,63.346378326416016,66.3683090209961,285075432
2024-08-21,64.28144836425781,64.71910095214844,62.14985275268555,64.4798355102539,309111692
2024-08-22,63.83037567138672,64.32396697998047,62.66316604614258,64.28114318847656,245199798
2024-08-23,66.20084381103516,66.7776870727539,63.64752197265625,63.83114242553711,278557924
2024-08-24,66.57865905761719,67.98399353027344,65.53153228759766,66.20098114013672,234226298
2024-08-25,64.84695434570312,66.83509826660156,64.59161376953125,66.58131408691406,233579393
2024-08-26,63.17496109008789,65.08028411865234,63.1539421081543,64.84695434570312,246877104
2024-08-27,60.463035583496094,63.941749572753906,59.49946594238281,63.17496109008789,284396748
2024-08-28,61.802040100097656,62.32095718383789,59.628807067871094,60.463035583496094,295624638
2024-08-29,62.483680725097656,63.85160827636719,61.224090576171875,61.80031967163086,336726050
2024-08-30,64.97552490234375,65.36481475830078,61.74536895751953,62.48529052734375,324286731
2024-08-31,65.05883026123047,66.37171173095703,64.90754699707031,64.97525024414062,230541644
2024-09-01,63.52634048461914,65.06591796875,63.088340759277344,65.05892944335938,223244709
2024-09-02,65.30899810791016,65.64596557617188,62.696014404296875,63.526920318603516,257230043
2024-09-03,64.42266845703125,66.2955093383789,64.42266845703125,65.30941009521484,241196620
2024-09-04,65.4273452758789,66.16659545898438,62.744937896728516,64.4212417602539,320527127
2024-09-05,66.08258056640625,68.35598754882812,64.48772430419922,65.42742919921875,426596399
2024-09-06,63.00200653076172,66.75572204589844,61.5012092590332,66.08289337158203,374017227
2024-09-07,62.0865592956543,64.08972930908203,61.75529479980469,63.00200653076172,246272609
2024-09-08,60.89545440673828,62.26115417480469,60.141632080078125,62.08685302734375,259629922
2024-09-09,61.419647216796875,61.73335266113281,59.786651611328125,60.89639663696289,345619612
2024-09-10,61.54644775390625,61.752750396728516,60.393341064453125,61.418521881103516,260893434
2024-09-11,62.18716812133789,62.39975357055664,60.23931884765625,61.54611587524414,302925854
2024-09-12,62.84511947631836,63.110389709472656,61.551612854003906,62.18716812133789,231453624
2024-09-13,64.97948455810547,64.99256134033203,62.45269012451172,62.84511947631836,248433624
2024-09-14,65.97522735595703,66.73397827148438,64.96334838867188,64.97948455810547,243105165
2024-09-15,63.336692810058594,66.2911605834961,63.14146423339844,65.97522735595703,205909250
2024-09-16,62.58589172363281,63.721614837646484,62.14505386352539,63.336692810058594,244928541
2024-09-17,63.743194580078125,64.00006866455078,62.01725387573242,62.58576583862305,272258838
2024-09-18,64.7613296508789,64.76728057861328,62.495819091796875,63.743831634521484,310968399
2024-09-19,65.44454193115234,66.02198028564453,64.76039123535156,64.76039123535156,296760652
2024-09-20,65.278564453125,66.40876007080078,64.43228149414062,65.44486999511719,290835716
2024-09-21,66.94282531738281,67.11405181884766,64.8871078491211,65.27884674072266,213651825
2024-09-22,68.59842681884766,68.73760986328125,66.59937286376953,66.94273376464844,283357159
2024-09-23,67.02490234375,69.26701354980469,66.75553131103516,68.59842681884766,296739054
2024-09-24,66.72038269042969,67.1346206665039,65.83683776855469,67.02508544921875,260127617
2024-09-25,66.58809661865234,67.77375030517578,66.00260925292969,66.72014617919922,250660877
2024-09-26,68.518310546875,68.51920318603516,65.75457000732422,66.5876235961914,291077284
2024-09-27,71.18820190429688,71.19657897949219,68.39532470703125,68.518310546875,316406296
2024-09-28,70.00396728515625,71.4619140625,69.08447265625,71.18637084960938,260685823
2024-09-29,69.31442260742188,70.25792694091797,68.62840270996094,70.0035171508789,220926144
2024-09-30,66.82044982910156,69.32129669189453,66.45427703857422,69.3143081665039,300374349
2024-10-01,63.4249382019043,68.51738739013672,62.44269561767578,66.82025909423828,395586913
2024-10-02,62.95425796508789,64.73551177978516,62.40068054199219,63.42410659790039,318776691
2024-10-03,63.45410919189453,63.938289642333984,62.120784759521484,62.95425796508789,294933538
2024-10-04,64.94314575195312,65.14322662353516,63.387962341308594,63.45412826538086,216190011
2024-10-05,66.27214813232422,66.27556610107422,64.83678436279297,64.9431381225586,192454685
2024-10-06,67.06830596923828,67.5989990234375,66.17018127441406,66.27214813232422,201634058
2024-10-07,64.7729721069336,67.88581085205078,64.60003662109375,67.06830596923828,288447077
2024-10-08,65.64762878417969,66.0897216796875,64.64989471435547,64.77369689941406,231603117
2024-10-09,64.54893493652344,65.89076232910156,64.14969635009766,65.64617156982422,237702418
2024-10-10,64.24361419677734,64.98635864257812,63.421295166015625,64.54788208007812,220488940
2024-10-11,65.5048828125,65.8458251953125,64.24234771728516,64.24370574951172,198224592
2024-10-12,66.21168518066406,66.6081314086914,65.13704681396484,65.5052719116211,167873811
2024-10-13,64.75692749023438,66.2498779296875,64.49746704101562,66.21113586425781,183505571
2024-10-14,66.8058853149414,67.2420654296875,64.20092010498047,64.7567367553711,316391805
2024-10-15,70.87361145019531,71.46139526367188,65.55900573730469,66.80615997314453,726572236
2024-10-16,70.07020568847656,72.84838104248047,69.42472076416016,70.87261962890625,516569125
2024-10-17,72.74100494384766,73.90220642089844,70.01713562011719,70.07170104980469,416852906
2024-10-18,73.12972259521484,74.6957778930664,71.91370391845703,72.7442855834961,381814830
2024-10-19,74.8765640258789,75.87850189208984,73.11477661132812,73.12972259521484,275571744
2024-10-20,74.31231689453125,75.59207153320312,73.70843505859375,74.87700653076172,267425993
2024-10-21,70.72498321533203,74.50643157958984,70.49466705322266,74.31197357177734,335343556
2024-10-22,69.92845916748047,71.45474243164062,69.41297912597656,70.72498321533203,398707379
2024-10-23,70.15641784667969,70.2011947631836,67.91389465332031,69.92819213867188,268108203
2024-10-24,71.08497619628906,71.2596435546875,69.29057312011719,70.04024505615234,244903575
2024-10-25,68.6461181640625,72.19135284423828,67.39370727539062,71.08477783203125,335176505
2024-10-26,68.39888000488281,69.5140380859375,68.14131164550781,68.64613342285156,231712158
2024-10-27,71.07989501953125,71.0909423828125,68.01184844970703,68.39897918701172,197424384
2024-10-28,70.71797180175781,71.443359375,69.69734954833984,71.0772476196289,284589804
2024-10-29,73.9776611328125,74.26810455322266,70.71708679199219,70.71806335449219,343094196
2024-10-30,71.84062194824219,74.14144897460938,71.52914428710938,73.97784423828125,262974545
2024-10-31,69.20464324951172,71.95084381103516,68.52349090576172,71.84062194824219,300368043
2024-11-01,70.20695495605469,70.935546875,67.7909164428711,69.20407104492188,326016919
2024-11-02,69.12836456298828,71.1883544921875,69.01476287841797,70.20692443847656,217833777
2024-11-03,66.91110229492188,69.23020935058594,65.52873229980469,69.12960052490234,295584618
2024-11-04,65.49251556396484,67.60408782958984,64.64195251464844,66.91163635253906,275984609
2024-11-05,65.44047546386719,67.21973419189453,65.19530487060547,65.49271392822266,324532216
2024-11-06,71.02344512939453,71.51042938232422,65.43687438964844,65.44072723388672,623921567
2024-11-07,71.49371337890625,72.35088348388672,70.0455093383789,71.02362823486328,387639215
2024-11-08,72.8046875,73.0263671875,70.84286499023438,71.49369049072266,379197013
2024-11-09,74.06351470947266,74.14163970947266,71.79473876953125,72.80320739746094,339509424
2024-11-10,76.52312469482422,78.20659637451172,73.82848358154297,74.06351470947266,807368526
2024-11-11,80.11939239501953,80.17518615722656,74.822509765625,76.52312469482422,1262708979
2024-11-12,76.93087005615234,82.56068420410156,74.36824035644531,80.11939239501953,1322213373
2024-11-13,75.44751739501953,77.83482360839844,72.05952453613281,76.92829132080078,985219056
2024-11-14,82.06620025634766,84.40142059326172,74.46111297607422,75.44749450683594,1829780387
2024-11-15,83.69956970214844,87.05353546142578,79.08575439453125,82.0682373046875,1239617781
2024-11-16,95.32144927978516,97.88931274414062,83.03311920166016,83.69956970214844,2147085221
2024-11-17,87.05650329589844,96.92909240722656,85.1912841796875,95.31871795654297,1334923131
2024-11-18,89.17768859863281,94.32913208007812,86.67803955078125,87.05691528320312,1360023719
2024-11-19,86.82052612304688,89.98341369628906,85.39171600341797,89.17833709716797,857872216
2024-11-20,83.3709487915039,87.69684600830078,82.61724090576172,86.8198013305664,813559484
2024-11-21,89.53834533691406,90.93290710449219,81.87860107421875,83.37297058105469,1267955013
2024-11-22,92.07102966308594,92.36090087890625,88.16837310791016,89.54496765136719,1071379018
2024-11-23,99.39119720458984,105.69182586669922,92.07091522216797,92.07091522216797,2506682590
2024-11-24,96.94950866699219,102.70941162109375,92.36915588378906,99.39128875732422,1275314163
2024-11-25,92.36376190185547,98.96502685546875,91.40315246582031,96.94937133789062,995234778
2024-11-26,93.04487609863281,95.0949478149414,88.28429412841797,92.35981750488281,863238776
2024-11-27,97.27632141113281,98.99482727050781,91.77574157714844,93.04319763183594,836699475
2024-11-28,95.66030883789062,98.29045104980469,93.84981536865234,97.27831268310547,590244817
2024-11-29,104.0356674194336,104.4058609008789,94.86820220947266,95.66050720214844,860277102
2024-11-30,102.66780853271484,104.65580749511719,100.57648468017578,104.03792572021484,807205071
2024-12-01,119.86519622802734,120.99210357666016,99.6501693725586,102.66685485839844,1939653658
2024-12-02,133.26751708984375,139.0248565673828,115.52821350097656,119.86566925048828,4378946142
2024-12-03,131.7918701171875,134.55455017089844,123.52460479736328,133.27035522460938,2437321820
2024-12-04,134.2473907470703,135.07838439941406,122.29573822021484,131.7917022705078,1927342283
2024-12-05,135.2897186279297,146.60946655273438,125.57721710205078,134.24853515625,2939455553
2024-12-06,136.23870849609375,138.82379150390625,130.90408325195312,136.15509033203125,1390423679
2024-12-07,133.84982299804688,138.5782012939453,132.2019500732422,136.23870849609375,1038566675
2024-12-08,135.17453002929688,135.29348754882812,130.44039916992188,133.8518829345703,841654335
2024-12-09,110.84188079833984,135.1741180419922,104.13651275634766,135.1741180419922,2034241556
2024-12-10,109.8656997680664,114.72270202636719,101.69247436523438,110.83818817138672,2037589188
2024-12-11,117.5313949584961,118.58147430419922,106.50914001464844,109.86618041992188,1164954184
2024-12-12,119.2668685913086,124.92489624023438,116.76866912841797,117.53033447265625,1343188269
2024-12-13,124.18070983886719,124.77325439453125,117.44319152832031,119.27000427246094,1094565816
2024-12-14,118.18441772460938,124.97249603271484,115.59950256347656,124.18070983886719,791737586
2024-12-15,121.13903045654297,122.00162506103516,114.92382049560547,118.18502807617188,762696903
2024-12-16,118.15115356445312,123.51959991455078,115.6185073852539,121.14261627197266,1084943495
2024-12-17,124.76040649414062,130.58755493164062,114.8248291015625,118.15097045898438,1775923471
2024-12-18,108.54095458984375,128.51417541503906,108.51541137695312,124.7617416381836,1958584697
2024-12-19,99.68569946289062,111.42552185058594,95.2081527709961,108.54349517822266,1683552328
2024-12-20,101.36201477050781,103.0234375,86.88713836669922,99.68492889404297,1435726361
2024-12-21,101.46427154541016,105.82720947265625,98.25013732910156,101.36339569091797,898120489
2024-12-22,99.56405639648438,103.70294952392578,97.07148742675781,101.45756530761719,661472495
2024-12-23,106.53765869140625,107.33769226074219,98.17106628417969,99.5758285522461,853944667
2024-12-24,108.32437896728516,110.58429718017578,104.0026626586914,106.54059600830078,635428194
2024-12-25,109.57795715332031,110.30265808105469,107.16000366210938,108.32471466064453,486255392
2024-12-26,102.14167785644531,110.1251220703125,101.15777587890625,109.57694244384766,571420833
2024-12-27,100.31396484375,106.13684844970703,99.74529266357422,102.14068603515625,538853959
2024-12-28,100.58467864990234,101.44341278076172,98.67845153808594,100.3167495727539,379869204
2024-12-29,98.27505493164062,101.37926483154297,96.83744812011719,100.58386993408203,400071703
2024-12-30,99.30921936035156,102.7220458984375,97.57477569580078,98.27503204345703,594835260
2024-12-31,103.06851196289062,104.49745178222656,97.81471252441406,99.31422424316406,493712848
2025-01-01,104.81208801269531,107.728759765625,102.0866928100586,103.06864166259766,532072625
2025-01-02,105.0898208618164,107.70021057128906,104.62227630615234,104.81171417236328,628792957
2025-01-03,112.68724822998047,114.67105865478516,104.1868896484375,105.09010314941406,638586297
2025-01-04,111.16759490966797,112.72618865966797,110.31645965576172,112.68858337402344,435541346
2025-01-05,115.46582794189453,116.04695892333984,110.69940185546875,111.16714477539062,481946519
2025-01-06,114.01073455810547,116.9095230102539,111.7595443725586,115.4661636352539,715869331
2025-01-07,102.8379898071289,114.75484466552734,102.33089447021484,114.01121520996094,858089236
2025-01-08,101.49867248535156,104.85659790039062,97.75127410888672,102.8375244140625,697152698
2025-01-09,102.26554870605469,105.68768310546875,100.38446807861328,101.49867248535156,663913513
2025-01-10,104.01673126220703,106.1594009399414,102.20291137695312,102.2651138305664,569619939
2025-01-11,104.37470245361328,104.84367370605469,102.19261169433594,104.01673126220703,372059719
2025-01-12,102.35240936279297,105.12775421142578,101.48237609863281,104.37247467041016,355892863
2025-01-13,98.4621810913086,104.20748901367188,93.14704132080078,102.35053253173828,679177204
2025-01-14,102.41368865966797,102.45130920410156,97.68531799316406,98.46150970458984,438225096
2025-01-15,117.21080017089844,118.3126220703125,100.89743041992188,102.41410064697266,1150190542
2025-01-16,124.29759216308594,129.6850128173828,114.62858581542969,117.22245025634766,2349272554
2025-01-17,136.990234375,140.61679077148438,124.2965316772461,124.29691314697266,2079115778
2025-01-18,125.40595245361328,138.97384643554688,123.34905242919922,136.9894561767578,1424136216
2025-01-19,115.33399963378906,128.32504272460938,112.290771484375,125.40585327148438,1622033651
2025-01-20,118.42407989501953,125.77989196777344,113.3494644165039,115.32474517822266,1624807420
2025-01-21,118.90388488769531,124.48506164550781,113.7801513671875,118.42768096923828,961440834
2025-01-22,115.24545288085938,120.0925521850586,114.49641418457031,118.90519714355469,602604724
2025-01-23,116.507568359375,116.91870880126953,111.438232421875,115.24545288085938,692580468
2025-01-24,118.69554138183594,122.67864990234375,113.20506286621094,116.50669860839844,1030649407
2025-01-25,123.98307037353516,129.0458221435547,118.55207061767578,118.69832611083984,1228083983
2025-01-26,117.20661163330078,124.8520278930664,117.20661163330078,123.98794555664062,626299165
2025-01-27,114.8987045288086,117.71218872070312,106.55506134033203,117.20271301269531,1063367632
2025-01-28,110.22003173828125,116.88208770751953,109.39888763427734,114.90412139892578,652725828
2025-01-29,115.69033813476562,118.95044708251953,110.00133514404297,110.2208023071289,738092056
2025-01-30,129.91165161132812,133.62950134277344,114.473388671875,115.6900634765625,1621653177
2025-01-31,128.01290893554688,134.53956604003906,125.59959411621094,129.90988159179688,1048380061
2025-02-01,118.91510772705078,131.09091186523438,118.04769897460938,128.013916015625,983459679
2025-02-02,109.48184204101562,121.23682403564453,105.12374877929688,118.91496276855469,1287044634
2025-02-03,106.95282745361328,109.48930358886719,85.30736541748047,109.48340606689453,2397646501
2025-02-04,101.45013427734375,108.57109832763672,98.80427551269531,106.95282745361328,985577467
2025-02-05,103.3876953125,108.8306884765625,100.72579956054688,101.44993591308594,771171988
2025-02-06,101.6890869140625,109.29440307617188,99.82597351074219,103.3876953125,881265474
2025-02-07,103.2164077758789,107.8051986694336,100.79510498046875,101.68403625488281,811277196
2025-02-08,104.68509674072266,105.10611724853516,102.03208923339844,103.21773529052734,501350634
2025-02-09,107.45870208740234,109.00012969970703,102.5184097290039,104.68412780761719,623178747
2025-02-10,120.08202362060547,121.71173095703125,107.29493713378906,107.45923614501953,1528523943
2025-02-11,119.69583129882812,131.6415557861328,118.28965759277344,120.08802795410156,1985970457
2025-02-12,122.0439224243164,124.47865295410156,112.32292938232422,119.6959228515625,1392547068
2025-02-13,126.31777954101562,129.00433349609375,119.33539581298828,122.04375457763672,1368690456
2025-02-14,125.12673950195312,133.58102416992188,124.80476379394531,126.32026672363281,1541689997
2025-02-15,133.84043884277344,134.51234436035156,124.56685638427734,125.1233901977539,1346292179
2025-02-16,125.55438232421875,137.17132568359375,125.26654815673828,133.8466339111328,1226603117
2025-02-17,122.30784606933594,128.5653839111328,120.52629852294922,125.55278015136719,1088409484
2025-02-18,129.49008178710938,129.5143280029297,120.32439422607422,122.30735778808594,1333528584
2025-02-19,135.21470642089844,139.41400146484375,129.49472045898438,129.49510192871094,1800586289
2025-02-20,130.60191345214844,135.20355224609375,126.31468200683594,135.20071411132812,1363354948
2025-02-21,128.05027770996094,139.8590545654297,123.93376922607422,130.60342407226562,2157310257
2025-02-22,126.0592269897461,130.95367431640625,125.83778381347656,128.0509490966797,882754016
2025-02-23,129.94187927246094,130.1383514404297,125.400634765625,126.0571060180664,606417516
2025-02-24,114.46142578125,130.2569580078125,113.86595916748047,129.9398193359375,1208689964
2025-02-25,114.61450958251953,116.80304718017578,107.50931549072266,114.46385192871094,1495685860
2025-02-26,124.62174224853516,128.13632202148438,114.15335083007812,114.61363983154297,1963281558
2025-02-27,126.77029418945312,131.72024536132812,121.86190032958984,124.6332015991211,1643976096
2025-02-28,127.96198272705078,129.3928680419922,114.346923828125,126.7703857421875,2011445432
2025-03-01,124.26994323730469,130.2673797607422,123.18787384033203,127.96327209472656,805254661
2025-03-02,127.49488830566406,129.27154541015625,118.43244934082031,124.27043914794922,1566031140
2025-03-03,109.94983673095703,130.0357208251953,107.10387420654297,127.49440002441406,1644681694
2025-03-04,103.70933532714844,110.75364685058594,94.65043640136719,109.94981384277344,1605915631
2025-03-05,104.7320785522461,106.62614440917969,100.8563461303711,103.69979858398438,749010490
2025-03-06,103.39810180664062,112.85941314697266,102.27266693115234,104.73485565185547,991239117
2025-03-07,103.48184204101562,106.51160430908203,98.03718566894531,103.3980941772461,976368252
2025-03-08,102.25264739990234,108.21886444091797,102.07647705078125,103.49060821533203,625236444
2025-03-09,94.47103881835938,102.58417510986328,93.9979248046875,102.25474548339844,774058349
2025-03-10,87.55799102783203,98.76484680175781,86.63914489746094,94.47138214111328,1003972797
2025-03-11,90.33271789550781,92.99475860595703,83.87242889404297,87.55560302734375,960802515
2025-03-12,91.48965454101562,92.5585708618164,87.6803207397461,90.33271026611328,591598868
2025-03-13,88.03050231933594,91.65618133544922,86.41110229492188,91.48965454101562,522721551
2025-03-14,91.33390808105469,92.71328735351562,87.9225845336914,88.02823638916016,495040756
2025-03-15,92.5405502319336,94.10469818115234,91.08111572265625,91.33246612548828,446857353
2025-03-16,90.34935760498047,92.6170425415039,88.65928649902344,92.540771484375,452344718
2025-03-17,92.36361694335938,94.2761459350586,90.30828094482422,90.34922790527344,682772839
2025-03-18,90.08269500732422,92.36336517333984,87.34113311767578,92.36336517333984,521781987
2025-03-19,94.05044555664062,94.13768768310547,89.45930480957031,90.08259582519531,609241860
2025-03-20,93.28262329101562,94.41155242919922,90.2431869506836,94.0631332397461,470588105
2025-03-21,90.93335723876953,93.81848907470703,90.93335723876953,93.28095245361328,417713987
2025-03-22,91.2575454711914,92.14759063720703,90.50015258789062,90.93338775634766,298814287
2025-03-23,91.41535186767578,92.94347381591797,90.77978515625,91.25753021240234,310565424
2025-03-24,93.67450714111328,95.5163803100586,90.95836639404297,91.41448211669922,543202292
2025-03-25,94.44954681396484,94.6620864868164,92.07332611083984,93.67311096191406,416701792
2025-03-26,92.33674621582031,96.47010803222656,91.23176574707031,94.44918060302734,490084182
2025-03-27,92.82347869873047,94.97689056396484,92.31645202636719,92.33684539794922,385090771
2025-03-28,87.3966293334961,93.3537368774414,85.85205078125,92.82295227050781,533689886
2025-03-29,85.4487533569336,87.92958068847656,84.46468353271484,87.39659118652344,393958821
2025-03-30,86.00347137451172,86.7560043334961,84.82988739013672,85.44839477539062,304673706
2025-03-31,83.03350067138672,86.16148376464844,81.0151596069336,86.00347900390625,490698699
2025-04-01,84.48882293701172,85.83924865722656,82.95877075195312,83.0338134765625,365025852
2025-04-02,81.75888061523438,88.07308197021484,81.16949462890625,84.48794555664062,689988277
2025-04-03,83.32506561279297,84.57359313964844,80.36215209960938,81.75977325439453,513143317
2025-04-04,84.417724609375,84.9629898071289,81.79515075683594,83.32502746582031,447174201
2025-04-05,82.71145629882812,84.87789154052734,81.7977294921875,84.41851806640625,236343177
2025-04-06,70.42854309082031,82.99740600585938,68.6411361694336,82.71119689941406,657828967
2025-04-07,70.96516418457031,72.35467529296875,63.751861572265625,70.42865753173828,1102503251
2025-04-08,69.09323120117188,73.4031982421875,68.42230224609375,70.97097778320312,520346488
2025-04-09,76.0118179321289,78.0263900756836,66.73370361328125,69.09361267089844,775644355
2025-04-10,73.7248306274414,76.01459503173828,71.30794525146484,76.01344299316406,443121281
2025-04-11,76.21421813964844,77.39379119873047,73.72712707519531,73.72712707519531,396930539
2025-04-12,78.596923828125,79.97667694091797,74.93739318847656,76.21263122558594,364154969
2025-04-13,77.78424835205078,79.9318618774414,76.96993255615234,78.59809875488281,381467151
2025-04-14,77.07643127441406,80.13285064697266,75.94672393798828,77.78338623046875,418704418
2025-04-15,75.40563201904297,78.61451721191406,74.84861755371094,77.07637023925781,331081560
2025-04-16,74.3116455078125,76.44567108154297,73.61559295654297,75.40530395507812,397457521
2025-04-17,74.88020324707031,76.44384765625,73.76600646972656,74.3116455078125,326332046
2025-04-18,75.9880599975586,76.98479461669922,74.66255950927734,74.88410186767578,266957995
2025-04-19,76.12681579589844,76.6787338256836,75.0457763671875,75.9880599975586,252451132
2025-04-20,77.74858856201172,78.34217071533203,75.48567199707031,76.12681579589844,261707695
2025-04-21,78.04727935791016,81.49262237548828,77.48104095458984,77.74858856201172,410886865
2025-04-22,83.4083023071289,84.47547912597656,77.72876739501953,78.047607421875,507393527
2025-04-23,83.22515106201172,85.12458038330078,82.44451141357422,83.4083023071289,526977935
2025-04-24,84.3316879272461,84.52508544921875,80.93468475341797,83.22531127929688,400748481
2025-04-25,86.32804107666016,87.2347183227539,83.05924224853516,84.33182525634766,419900402
2025-04-26,87.1067886352539,88.03485107421875,85.4305191040039,86.32893371582031,318675801
2025-04-27,85.53465270996094,87.57086181640625,84.7317886352539,87.10697937011719,308737031
2025-04-28,85.73147583007812,88.01630401611328,83.93118286132812,85.53252410888672,413999132
2025-04-29,85.47164916992188,87.2408447265625,84.69388580322266,85.73121643066406,422993505
2025-04-30,83.51346588134766,86.53041076660156,81.77094268798828,85.47161102294922,412774299
2025-05-01,88.9256362915039,90.87566375732422,83.47244262695312,83.51522064208984,476506479
2025-05-02,87.99943542480469,90.8663101196289,87.3414077758789,88.92963409423828,377793683
2025-05-03,86.67216491699219,88.00183868408203,85.81533813476562,87.99922180175781,249936836
2025-05-04,85.02394104003906,86.86620330810547,84.94183349609375,86.67156982421875,311019376
2025-05-05,83.37004852294922,89.35408782958984,82.35894012451172,85.02395629882812,568505578
2025-05-06,91.86149597167969,92.36015319824219,81.18242645263672,83.37004852294922,649598421
2025-05-07,89.44876098632812,93.2015380859375,87.30937957763672,91.8696517944336,783041527
2025-05-08,94.70175170898438,95.19078826904297,89.44945526123047,89.45059204101562,778491877
2025-05-09,100.44050598144531,101.33683776855469,93.95565795898438,94.70118713378906,830455702
2025-05-10,105.24385070800781,106.14918518066406,100.4412612915039,100.44161224365234,834309329
2025-05-11,99.97394561767578,105.64225769042969,98.50720977783203,105.24359130859375,648329187
2025-05-12,103.92964935302734,104.79100799560547,98.951904296875,99.97413635253906,876238985
2025-05-13,103.55943298339844,104.89891815185547,99.7132797241211,103.92964935302734,756388508
2025-05-14,101.12409210205078,105.06613159179688,98.7301254272461,103.55961608886719,685905055
2025-05-15,99.14827728271484,101.82231903076172,95.88257598876953,101.12201690673828,655626582
2025-05-16,99.47583770751953,102.1082763671875,98.40641784667969,99.15177154541016,484569633
2025-05-17,96.2911376953125,101.07940673828125,95.76721954345703,99.47930908203125,503355643
2025-05-18,101.17874145507812,102.23527526855469,96.13927459716797,96.28958129882812,529675531
2025-05-19,98.34387969970703,101.13946533203125,94.53633117675781,101.13946533203125,559403328
2025-05-20,94.39929962158203,99.53951263427734,92.53456115722656,98.34387969970703,704464955
2025-05-21,97.26056671142578,98.28128814697266,93.71061706542969,94.39926147460938,652438243
2025-05-22,100.28231811523438,100.8830795288086,97.13811492919922,97.26087951660156,689339568
2025-05-23,95.1402816772461,102.82711029052734,94.84696197509766,100.28231811523438,683087073
2025-05-24,95.6858901977539,97.76754760742188,95.02900695800781,95.1402816772461,362386410
2025-05-25,95.6577377319336,96.03606414794922,93.31779479980469,95.6858901977539,373036618
2025-05-26,95.00921630859375,97.57124328613281,94.50860595703125,95.6577377319336,359429190
2025-05-27,95.96477508544922,96.98282623291016,93.24906921386719,95.00664520263672,461941241
2025-05-28,95.30498504638672,97.42896270751953,93.59364318847656,95.9631576538086,409308570
2025-05-29,93.08880615234375,98.57928466796875,93.06096649169922,95.30764770507812,523998753
2025-05-30,85.6614990234375,93.8394775390625,85.53031158447266,93.08881378173828,676735944
2025-05-31,87.12788391113281,87.88267517089844,83.3930892944336,85.66189575195312,420118292
2025-06-01,88.38945770263672,88.7032699584961,86.11663818359375,87.12765502929688,302703072
2025-06-02,89.64005279541016,89.939453125,87.06846618652344,88.38778686523438,367243058
2025-06-03,89.56200408935547,90.56140899658203,88.85591125488281,89.64005279541016,347093463
2025-06-04,88.08499145507812,90.9671401977539,87.59291076660156,89.5616455078125,330087158
2025-06-05,83.7460708618164,89.08477783203125,82.18511962890625,88.08674621582031,442927658
2025-06-06,87.25169372558594,87.68367004394531,83.58772277832031,83.74506378173828,380718079
2025-06-07,88.37530517578125,89.31390380859375,86.7828369140625,87.25213623046875,288243852
2025-06-08,87.25794219970703,88.58467102050781,86.7765884399414,88.37550354003906,297151017
2025-06-09,90.76110076904297,90.7641372680664,86.82691192626953,87.2574234008789,419226063
2025-06-10,93.2669906616211,93.39981842041016,89.61417388916016,90.76040649414062,438349979
2025-06-11,91.57585144042969,94.00593566894531,90.5169448852539,93.26705169677734,474053032
2025-06-12,86.45230865478516,91.7936782836914,86.16217803955078,91.57585144042969,394517665
2025-06-13,86.54266357421875,86.605224609375,81.53981018066406,86.45230865478516,518619534
2025-06-14,85.25419616699219,86.87774658203125,84.38018035888672,86.54266357421875,275701195
2025-06-15,86.32762145996094,86.54517364501953,85.1011734008789,85.25411987304688,256887622
2025-06-16,86.84630584716797,88.89298248291016,85.50926208496094,86.32762145996094,374880407
2025-06-17,84.34707641601562,87.69681549072266,82.65823364257812,86.84689331054688,429229520
2025-06-18,85.06647491455078,85.58200073242188,83.46928405761719,84.34740447998047,341881808
2025-06-19,85.12791442871094,85.8410415649414,84.40480041503906,85.06597900390625,305809453
2025-06-20,82.895751953125,85.92496490478516,81.1500015258789,85.12806701660156,383363426
2025-06-21,80.11610412597656,84.08651733398438,79.15865325927734,82.895751953125,323966294
2025-06-22,80.13804626464844,81.98597717285156,76.42152404785156,80.1189956665039,474474626
2025-06-23,85.1222915649414,85.38858032226562,79.72673034667969,80.13922119140625,421570218
2025-06-24,84.8034439086914,85.3385238647461,83.97821807861328,85.1218032836914,315638462
2025-06-25,84.66546630859375,85.41447448730469,84.10187530517578,84.80503845214844,342324717
2025-06-26,84.28509521484375,85.89220428466797,83.99732971191406,84.66546630859375,341637057
2025-06-27,84.83246612548828,85.6033706665039,83.30979919433594,84.2850570678711,320633032
2025-06-28,86.3045883178711,87.34298706054688,84.66112518310547,84.83258056640625,274366872
2025-06-29,87.99116516113281,88.35588836669922,85.92716979980469,86.30479431152344,277905455
2025-06-30,85.98348236083984,88.24590301513672,84.93173217773438,87.99116516113281,350978484
2025-07-01,83.24486541748047,86.7782974243164,82.4891357421875,85.98345184326172,378604364
2025-07-02,87.3050537109375,88.44430541992188,83.17454528808594,83.2447509765625,445395341
2025-07-03,89.00467681884766,92.1041030883789,87.04298400878906,87.30486297607422,664431144
2025-07-04,86.86906433105469,89.20399475097656,85.83561706542969,89.00471496582031,443311764
2025-07-05,87.51638793945312,87.81245422363281,85.9324722290039,86.86727905273438,246712540
2025-07-06,87.3949203491211,88.34991455078125,86.54900360107422,87.51638793945312,284893873
2025-07-07,86.0885238647461,88.19832611083984,85.22537994384766,87.3949203491211,389381283
2025-07-08,87.68562316894531,87.93972778320312,85.58676147460938,86.08860778808594,336652893
2025-07-09,90.69892883300781,91.3194580078125,87.21420288085938,87.68562316894531,532651549
2025-07-10,94.80078125,95.13665008544922,90.21781921386719,90.69892883300781,567862448
2025-07-11,94.24921417236328,98.11109161376953,92.991943359375,94.8007583618164,832216258
2025-07-12,92.77886199951172,95.37165832519531,90.90095520019531,94.24921417236328,495945011
2025-07-13,94.6480712890625,96.77396392822266,92.60377502441406,92.77886199951172,479511705
2025-07-14,95.56168365478516,97.81761169433594,94.32838439941406,94.6480712890625,654942624
2025-07-15,96.32420349121094,96.65665435791016,91.43003845214844,95.56175231933594,677076010
2025-07-16,97.50311279296875,99.87815856933594,95.2217788696289,96.32420349121094,740323178
2025-07-17,101.6133804321289,103.47513580322266,95.61459350585938,97.50311279296875,1084635926
2025-07-18,101.67029571533203,111.89652252197266,100.21292877197266,101.61276245117188,1855244520
2025-07-19,113.44483947753906,113.49437713623047,99.8890151977539,101.67024993896484,1366523077
2025-07-20,116.86455535888672,121.29607391357422,110.85592651367188,113.43801879882812,1788741762
2025-07-21,115.85136413574219,121.85041809082031,114.82139587402344,116.86455535888672,1256762792
2025-07-22,119.72321319580078,119.72757720947266,112.97354888916016,115.85287475585938,1289928158
2025-07-23,112.19160461425781,121.89842987060547,109.18413543701172,119.72321319580078,1308642897
2025-07-24,112.31222534179688,115.28633880615234,106.9859848022461,112.18927001953125,939814899
2025-07-25,113.81566619873047,116.2565689086914,108.65922546386719,112.31222534179688,972174923
2025-07-26,113.98574829101562,115.40968322753906,112.1849136352539,113.81546020507812,502830524
2025-07-27,114.80377197265625,115.43243408203125,112.6373291015625,113.97541046142578,536393875
2025-07-28,108.59437561035156,116.271484375,108.50888061523438,114.80359649658203,694833022
2025-07-29,108.53234100341797,110.6766357421875,107.0328598022461,108.59674072265625,616382447
2025-07-30,110.53424835205078,111.12191772460938,106.57289123535156,108.53234100341797,801543068
2025-07-31,106.22357177734375,111.71803283691406,105.9680404663086,110.53424835205078,684405941
2025-08-01,106.64380645751953,108.09593200683594,103.7477035522461,106.22247314453125,1130900178
2025-08-02,106.23706817626953,109.85327911376953,104.56810760498047,106.6432113647461,936925752
2025-08-03,110.4697265625,111.20707702636719,104.65965270996094,106.23706817626953,619301155
2025-08-04,121.20524597167969,121.33966064453125,110.28350067138672,110.46997833251953,1214564672
2025-08-05,120.26901245117188,128.78732299804688,119.74081420898438,121.20436096191406,1816200417
2025-08-06,119.29515075683594,120.97944641113281,115.29591369628906,120.26873016357422,903681272
2025-08-07,122.7258071899414,122.72650146484375,117.5774917602539,119.29481506347656,1168601895
2025-08-08,123.87100982666016,126.08000183105469,119.70303344726562,122.72575378417969,1148348257
2025-08-09,120.42219543457031,126.13383483886719,120.35804748535156,123.87010955810547,833424606
2025-08-10,123.7939453125,125.49437713623047,118.60415649414062,120.42184448242188,934579237
2025-08-11,120.28968811035156,127.67213439941406,119.73428344726562,123.7939453125,1370403494
2025-08-12,130.46371459960938,131.7564239501953,118.53736877441406,120.28976440429688,1343826519
2025-08-13,130.97703552246094,133.91891479492188,128.74183654785156,130.46371459960938,1206662600
2025-08-14,121.29955291748047,133.68826293945312,119.89668273925781,130.97671508789062,1374736977
2025-08-15,119.047119140625,123.15582275390625,116.83715057373047,121.30584716796875,874257688
2025-08-16,120.94686889648438,120.94686889648438,117.35562896728516,119.04772186279297,563468906
2025-08-17,120.84668731689453,123.22441864013672,119.99160766601562,120.94698333740234,648987761
2025-08-18,117.70344543457031,120.9471435546875,115.56209564208984,120.84622192382812,749192122
2025-08-19,112.48564147949219,119.02588653564453,112.38813781738281,117.70344543457031,757336681
2025-08-20,116.02650451660156,117.02444458007812,112.48587036132812,112.48693084716797,681776075
2025-08-21,114.64163970947266,116.99514770507812,113.56800079345703,116.02650451660156,482258580
2025-08-22,122.79264068603516,123.50634002685547,112.6678466796875,114.64163970947266,865400443
2025-08-23,121.34606170654297,123.15911865234375,119.83235168457031,122.7927474975586,513144353
2025-08-24,118.19590759277344,124.64083099365234,117.30414581298828,121.3503646850586,739400069
2025-08-25,109.44448852539062,118.4730453491211,107.12153625488281,118.19728088378906,1051702884
2025-08-26,113.49969482421875,114.69602966308594,109.10990142822266,109.44176483154297,675662110
2025-08-27,112.13909912109375,116.1255111694336,112.04985046386719,113.4992904663086,639072158
2025-08-28,113.75818634033203,114.52999877929688,111.56938171386719,112.13748168945312,498513993
2025-08-29,109.91402435302734,113.75794219970703,108.86856079101562,113.75794219970703,634205711
2025-08-30,110.81029510498047,111.1325454711914,108.60655212402344,109.91385650634766,375821556
2025-08-31,108.90846252441406,111.86898040771484,108.89058685302734,110.8102035522461,330538313
2025-09-01,108.54405212402344,111.24774169921875,106.79910278320312,108.90746307373047,580389986
2025-09-02,111.67447662353516,112.05509948730469,108.54483795166016,108.54483795166016,614989597
2025-09-03,112.95296478271484,113.21360778808594,110.84223937988281,111.67508697509766,459682611
2025-09-04,111.09365844726562,113.4330825805664,109.66930389404297,112.95296478271484,401689027
2025-09-05,112.10284423828125,114.95743560791016,111.08059692382812,111.09260559082031,575953638
2025-09-06,112.16635131835938,112.48799896240234,111.29491424560547,112.10284423828125,273199193
2025-09-07,115.02294158935547,115.26837921142578,112.16124725341797,112.1665267944336,383914303
2025-09-08,112.71385192871094,115.30451965332031,112.03854370117188,115.02420043945312,687724220
2025-09-09,111.94290924072266,114.62589263916016,110.95941162109375,112.71476745605469,577640276
2025-09-10,117.56956481933594,117.87779235839844,111.60301208496094,111.94308471679688,690880713
2025-09-11,115.86506652832031,117.65097045898438,113.49243927001953,117.56826782226562,713400215
2025-09-12,118.1546859741211,118.23968505859375,114.94580078125,115.86517333984375,732906569
2025-09-13,119.29096221923828,120.79342651367188,117.63170623779297,118.15619659423828,779591173
2025-09-14,115.20269775390625,119.33483123779297,114.10334014892578,119.29077911376953,724782000
2025-09-15,113.78031158447266,116.72882080078125,112.38194274902344,115.2022705078125,626419211
2025-09-16,115.03520202636719,115.73894500732422,112.24949645996094,113.78041076660156,596285131
2025-09-17,117.03031921386719,117.55502319335938,113.4832534790039,115.03548431396484,653794448
2025-09-18,118.26287078857422,119.03903198242188,115.08155822753906,117.02936553955078,694529748
2025-09-19,114.12752532958984,119.37104034423828,113.5367202758789,118.2651596069336,582773714
2025-09-20,113.96715545654297,115.20100402832031,113.57084655761719,114.12722778320312,355111514
2025-09-21,114.11297607421875,116.17369079589844,113.89693450927734,113.96725463867188,410249227
2025-09-22,105.81873321533203,114.394287109375,104.7634048461914,114.11297607421875,876073231
2025-09-23,106.15792846679688,107.22338104248047,104.60342407226562,105.81881713867188,523184699
2025-09-24,105.61560821533203,107.60359191894531,105.1136474609375,106.15680694580078,589064383
2025-09-25,102.16448211669922,105.84506225585938,100.81879425048828,105.61759185791016,672852348
2025-09-26,104.64485931396484,104.8933334350586,101.16643524169922,102.16448211669922,473689137
2025-09-27,104.54808044433594,104.9557113647461,103.49834442138672,104.64485931396484,286702721
2025-09-28,106.8475112915039,107.12031555175781,102.8808364868164,104.54817199707031,344669714
2025-09-29,106.8386001586914,107.33427429199219,105.46658325195312,106.84776306152344,499980246
2025-09-30,106.8980712890625,107.55210876464844,104.02041625976562,106.83815002441406,489043119
2025-10-01,115.12531280517578,115.24842834472656,105.52688598632812,106.89817810058594,825797330
2025-10-02,119.63856506347656,122.4579849243164,115.1164779663086,115.12578582763672,1495691962
2025-10-03,120.5226821899414,123.96359252929688,116.0280990600586,119.63700103759766,1162755610
2025-10-04,120.43743133544922,120.92424774169922,117.6904525756836,120.52318572998047,550626645
2025-10-05,118.85699462890625,123.98868560791016,118.5575180053711,120.43705749511719,883469730
2025-10-06,118.33409118652344,121.19857025146484,118.26467895507812,118.857177734375,746248182
2025-10-07,117.07422637939453,119.21309661865234,115.56688690185547,118.3336181640625,774015896
2025-10-08,118.63648223876953,119.56070709228516,115.64061737060547,117.07440185546875,622388433
2025-10-09,125.93396759033203,127.4483413696289,115.66255950927734,118.63589477539062,1273616054
2025-10-10,96.62725067138672,135.5629425048828,66.26396942138672,125.9281997680664,3795640156
2025-10-11,93.41954803466797,102.40986633300781,90.6382827758789,96.62725067138672,2019304084
2025-10-12,98.7606430053711,102.02229309082031,91.98377990722656,93.41885375976562,1207205427
2025-10-13,99.57048034667969,101.28065490722656,95.92292785644531,98.77267456054688,1304474829
2025-10-14,97.36569213867188,100.39759826660156,92.01930236816406,99.572265625,1242393333
2025-10-15,95.40121459960938,99.68315124511719,93.55711364746094,97.36592102050781,812985564
2025-10-16,91.78864288330078,96.78978729248047,89.97236633300781,95.40499877929688,931560855
2025-10-17,90.11589813232422,92.85997009277344,84.54806518554688,91.78833770751953,1131196571
2025-10-18,91.70246887207031,92.1534194946289,90.03289794921875,90.11817932128906,468168711
2025-10-19,93.28386688232422,94.75799560546875,90.84564208984375,91.70246887207031,536008306
2025-10-20,94.11409759521484,95.79956817626953,92.37062072753906,93.28910827636719,549774243
2025-10-21,92.6905517578125,96.84846496582031,91.83136749267578,94.09503936767578,786338501
2025-10-22,91.92095947265625,94.88703918457031,90.1430435180664,92.68952941894531,813155475
2025-10-23,94.043701171875,94.73509216308594,91.87411499023438,91.92095947265625,573637773
2025-10-24,96.4134521484375,97.03467559814453,94.03112030029297,94.04379272460938,586259508
2025-10-25,96.98793029785156,97.0202407836914,95.78291320800781,96.41431427001953,388705087
2025-10-26,99.96092987060547,100.51624298095703,96.44905853271484,96.98805236816406,524114205
2025-10-27,99.379150390625,102.87415313720703,98.30095672607422,99.9610824584961,870204653
2025-10-28,96.72423553466797,106.34300994873047,95.99254608154297,99.37905883789062,1767742095
2025-10-29,98.55887603759766,100.5983657836914,96.32807159423828,96.72347259521484,931934576
2025-10-30,93.38381958007812,99.67179107666016,90.60453033447266,98.55870056152344,837783881
2025-10-31,95.49425506591797,96.1800765991211,93.1534423828125,93.38414764404297,603370214
2025-11-01,101.40185546875,101.75743103027344,95.1166000366211,95.493896484375,771158463
2025-11-02,99.51091003417969,101.3951644897461,97.91646575927734,101.3951644897461,701549373
2025-11-03,87.39720153808594,99.66692352294922,86.4770736694336,99.50585174560547,1067081583
2025-11-04,85.4836654663086,90.76715850830078,80.09814453125,87.39692687988281,1090634571
2025-11-05,89.55512237548828,89.84207153320312,82.30486297607422,85.48303985595703,656549647
2025-11-06,87.0000228881836,89.55572509765625,85.55814361572266,89.55393981933594,548991432
2025-11-07,101.78585815429688,104.45751953125,86.09718322753906,86.99969482421875,1531130020
2025-11-08,106.15178680419922,106.15178680419922,98.388427734375,101.7852783203125,1111008507
2025-11-09,110.16724395751953,113.23821258544922,99.16072082519531,106.17696380615234,2029738554
2025-11-10,104.2005844116211,111.60379791259766,104.16159057617188,110.17060852050781,1234198128
2025-11-11,99.66584777832031,106.50173950195312,99.22865295410156,104.20117950439453,921164198
2025-11-12,97.54154205322266,104.0236587524414,95.32373046875,99.6683349609375,1080933289
2025-11-13,96.79256439208984,101.62030029296875,94.17771911621094,97.54236602783203,956926925
2025-11-14,97.51412963867188,99.9609603881836,93.92350006103516,96.79256439208984,1107096324
2025-11-15,101.76781463623047,109.05707550048828,97.51139831542969,97.51412963867188,1126906970
2025-11-16,95.89550018310547,103.23072814941406,94.921630859375,101.76835632324219,781398030
2025-11-17,91.24004364013672,97.48358154296875,90.61819458007812,95.88290405273438,784384000
2025-11-18,95.65458679199219,97.35035705566406,90.67062377929688,91.2398452758789,808109875
2025-11-19,92.87193298339844,95.82930755615234,88.98589324951172,95.65458679199219,689528725
2025-11-20,87.26893615722656,93.53813171386719,86.12606811523438,92.87174224853516,678913031
2025-11-21,82.60244750976562,88.42239379882812,80.46366882324219,87.26668548583984,1043552599
2025-11-22,82.17462921142578,83.79682159423828,81.00630950927734,82.60198211669922,452950906
2025-11-23,82.9775390625,84.32813262939453,81.9085922241211,82.17410278320312,453259049
2025-11-24,85.4774169921875,87.18663787841797,82.26438903808594,82.97837829589844,566995168
2025-11-25,85.28216552734375,86.56163787841797,83.3027572631836,85.47753143310547,623882901
2025-11-26,86.87049102783203,87.66581726074219,83.47840881347656,85.28226470947266,525728835
2025-11-27,86.6272201538086,87.71068572998047,86.12614440917969,86.87026977539062,428297943
2025-11-28,84.3119888305664,86.64335632324219,83.37623596191406,86.62739562988281,496944485
2025-11-29,84.07272338867188,85.58342742919922,83.29486846923828,84.31123352050781,308254769
2025-11-30,82.55572509765625,84.77369689941406,82.55572509765625,84.07280731201172,295328497
2025-12-01,77.5888671875,82.5545883178711,75.00689697265625,82.5545883178711,752501913
2025-12-02,82.8125228881836,83.26100158691406,77.408447265625,77.5888671875,500105423
2025-12-03,85.993408203125,86.55573272705078,82.63353729248047,82.81281280517578,571293063
2025-12-04,83.56643676757812,86.65631103515625,82.37580871582031,85.98770904541016,483767759
2025-12-05,80.49064636230469,84.10447692871094,79.83222198486328,83.5666275024414,446162340
2025-12-06,81.70176696777344,82.45606231689453,80.00042724609375,80.49044799804688,318654513
2025-12-07,81.42406463623047,83.64776611328125,80.03092193603516,81.70201110839844,373060719
2025-12-08,83.90386962890625,84.36334228515625,81.1500015258789,81.4240951538086,424408411
2025-12-09,86.10201263427734,87.40348815917969,82.57372283935547,83.9036865234375,520973416
2025-12-10,84.5068588256836,86.93563079833984,83.88575744628906,86.10313415527344,455118837
2025-12-11,82.94996643066406,84.5112533569336,80.4637680053711,84.5060043334961,511752649
2025-12-12,81.92521667480469,84.4286117553711,80.6650161743164,82.95284271240234,388744300
2025-12-13,81.5561752319336,82.42469024658203,80.9941177368164,81.92521667480469,237398812
2025-12-14,78.97834777832031,81.81561279296875,78.1819076538086,81.55577850341797,318947661
2025-12-15,77.59172821044922,81.32539367675781,76.15690612792969,78.97872924804688,446077598
2025-12-16,79.058837890625,79.52284240722656,76.95857238769531,77.59073638916016,442772969
2025-12-17,75.92557525634766,80.79371643066406,75.27899932861328,79.058837890625,440038460
2025-12-18,74.28631591796875,78.39100646972656,72.75547790527344,75.92605590820312,500370942
2025-12-19,77.50352478027344,77.87434387207031,73.68997955322266,74.28631591796875,405109931
2025-12-20,77.84877014160156,79.05339050292969,76.45478057861328,77.50350952148438,234490174
2025-12-21,76.71600341796875,77.99432373046875,75.5729751586914,77.84867095947266,282682030
2025-12-22,76.99530792236328,79.2843017578125,76.37275695800781,76.71590423583984,397235170
2025-12-23,76.9299545288086,77.84679412841797,75.63272857666016,76.99530792236328,318897668
2025-12-24,75.74249267578125,77.3224868774414,75.3277816772461,76.93057250976562,305434352
2025-12-25,75.67747497558594,77.4364242553711,75.43937683105469,75.74246215820312,255084241
2025-12-26,76.83277893066406,77.89866638183594,75.65838623046875,75.67743682861328,306593764
2025-12-27,80.19060516357422,80.2055892944336,76.764892578125,76.83277893066406,261495744
2025-12-28,78.63316345214844,80.33125305175781,77.86415100097656,80.19044494628906,272790073
2025-12-29,78.2764892578125,80.08719635009766,77.0184326171875,78.63273620605469,369803795
2025-12-30,78.76162719726562,78.79412078857422,77.7098388671875,78.27607727050781,308551347
2025-12-31,76.77730560302734,78.78184509277344,76.05038452148438,78.76162719726562,302253326
2026-01-01,79.84381103515625,79.85816192626953,76.63522338867188,76.77796936035156,255021763
2026-01-02,81.82328033447266,82.1622085571289,79.02043151855469,79.84334564208984,360416066
2026-01-03,82.05277252197266,82.75752258300781,81.00682067871094,81.82347869873047,312443399
2026-01-04,82.13314819335938,82.9967269897461,81.76535034179688,82.05277252197266,320989435
2026-01-05,83.57546997070312,84.38826751708984,81.6244888305664,82.13367462158203,452029892
2026-01-06,83.9468002319336,84.75396728515625,81.29167175292969,83.57528686523438,411766696
2026-01-07,81.62861633300781,83.94857025146484,81.10932922363281,83.94670104980469,357477681
2026-01-08,81.2473373413086,82.16637420654297,80.08977508544922,81.62861633300781,330236986
2026-01-09,81.3693618774414,81.91614532470703,79.99271392822266,81.24774169921875,328331156
2026-01-10,81.12104797363281,82.19161224365234,80.74213409423828,81.36986541748047,213243077
2026-01-11,78.68950653076172,81.64285278320312,78.61380767822266,81.12010955810547,346868302
2026-01-12,76.05021667480469,80.57671356201172,75.77177429199219,78.68950653076172,689679296
2026-01-13,78.12391662597656,78.81372833251953,75.42427062988281,76.05021667480469,873722670
2026-01-14,76.7413558959961,80.70114135742188,76.29817962646484,78.12440490722656,1238753022
