Date,Close,High,Low,Open,Volume
2020-01-01,204.3975372314453,208.0775146484375,203.2051544189453,204.67129516601562,1456113692
2020-01-02,195.6985626220703,205.13674926757812,194.06980895996094,204.3545379638672,1432801807
2020-01-03,222.41297912597656,224.95086669921875,192.9794921875,196.0076904296875,2644279656
2020-01-04,226.01869201660156,227.4605255126953,220.28091430664062,222.53656005859375,1861485049
2020-01-05,224.09652709960938,228.21929931640625,222.35269165039062,225.7798309326172,1681830248
2020-01-06,244.5572052001953,245.1061248779297,223.6918182373047,224.34791564941406,2328224536
2020-01-07,243.2584991455078,245.8449249267578,234.17678833007812,244.7130126953125,2234914578
2020-01-08,241.0552215576172,251.29730224609375,234.3932342529297,243.07920837402344,2424659797
2020-01-09,239.2226104736328,243.04739379882812,232.34799194335938,240.99803161621094,1908677851
2020-01-10,270.72528076171875,271.7676696777344,232.63597106933594,239.55162048339844,2986773814
2020-01-11,260.67999267578125,276.6336364746094,259.8102722167969,270.19720458984375,2487051623
2020-01-12,268.237060546875,269.07086181640625,259.2812194824219,261.10028076171875,2168514332
2020-01-13,267.5228271484375,270.7655944824219,261.87115478515625,268.4125061035156,1884541173
2020-01-14,350.2635192871094,364.1580810546875,267.5311279296875,267.6441650390625,6618289058
2020-01-15,339.39532470703125,358.8165283203125,319.00921630859375,348.7173156738281,5240635087
2020-01-16,325.9784851074219,341.23760986328125,311.56280517578125,339.6820983886719,3652947113
2020-01-17,366.97698974609375,379.68365478515625,320.6188659667969,326.3751220703125,5128628377
2020-01-18,339.11627197265625,398.8927307128906,334.83538818359375,367.4088439941406,6041778648
2020-01-19,338.30511474609375,362.1460876464844,323.1120300292969,338.4001770019531,4458226713
2020-01-20,343.8071594238281,351.8434143066406,325.28228759765625,338.119384765625,3361586387
2020-01-21,343.4217834472656,346.53643798828125,334.7032470703125,343.5102844238281,2658918440
2020-01-22,347.2313232421875,352.0074768066406,339.61688232421875,343.3699951171875,2468426687
2020-01-23,324.8680114746094,348.3945007324219,319.2879638671875,347.4979248046875,2722405196
2020-01-24,319.5209045410156,327.37530517578125,299.9560852050781,325.1677551269531,3346887042
2020-01-25,311.35833740234375,319.4014587402344,305.48773193359375,319.3762512207031,2169791084
2020-01-26,346.99786376953125,347.7431945800781,308.5487365722656,310.99591064453125,3192088890
2020-01-27,362.6493225097656,374.86090087890625,346.531005859375,346.8900451660156,4123924761
2020-01-28,378.859130859375,382.775146484375,360.5024719238281,362.65313720703125,3916343793
2020-01-29,381.5235290527344,393.7833557128906,378.2979736328125,379.10308837890625,3987047015
2020-01-30,392.9721374511719,395.5552062988281,373.5348205566406,380.861572265625,4055518921
2020-01-31,375.3895568847656,393.8035583496094,366.5951232910156,392.8301696777344,3667538280
2020-02-01,381.01336669921875,387.3855895996094,374.601318359375,375.06658935546875,3218496040
2020-02-02,378.27301025390625,388.38543701171875,370.8065490722656,380.25347900390625,3246254490
2020-02-03,383.8786926269531,389.4546813964844,375.8619689941406,377.9372253417969,3410323023
2020-02-04,380.5999755859375,387.1604309082031,374.65899658203125,383.7582092285156,3143637424
2020-02-05,442.0081481933594,442.0984802246094,379.15716552734375,380.71893310546875,5289083000
2020-02-06,442.7859191894531,445.92816162109375,427.78680419921875,442.3412780761719,4860546337
2020-02-07,439.75341796875,454.0125732421875,433.949462890625,442.5661926269531,4461219818
2020-02-08,443.5063171386719,451.2791748046875,427.8006591796875,439.7012939453125,4419573713
2020-02-09,449.8135986328125,458.0118713378906,438.73297119140625,443.06829833984375,4503926958
2020-02-10,452.88751220703125,457.9459228515625,439.0682373046875,449.9117126464844,4615609704
2020-02-11,461.2581787109375,463.737060546875,441.8290710449219,452.9929504394531,4555794105
2020-02-12,475.48052978515625,479.6651306152344,461.0984802246094,461.1723327636719,5045367008
2020-02-13,474.3179931640625,482.79571533203125,461.2630615234375,475.0639343261719,5008241277
2020-02-14,491.16064453125,493.0281066894531,467.2329406738281,474.4730529785156,5065237281
2020-02-15,437.6649475097656,492.6701965332031,433.6261901855469,491.1003112792969,5190427957
2020-02-16,415.9406433105469,455.38262939453125,393.8258361816406,438.87750244140625,5449550841
2020-02-17,409.3445739746094,416.80816650390625,372.6043701171875,415.05010986328125,6803728992
2020-02-18,418.8741760253906,423.4830017089844,387.88397216796875,409.6348876953125,5886874448
2020-02-19,382.21942138671875,421.6566467285156,378.70843505859375,419.09710693359375,4542003340
2020-02-20,372.4815979003906,386.3260498046875,361.7483215332031,381.30047607421875,6890851156
2020-02-21,379.3971862792969,385.3952331542969,369.5458068847656,372.2878723144531,4836161572
2020-02-22,373.8331298828125,380.342041015625,369.83251953125,379.8045654296875,3527159322
2020-02-23,401.6355285644531,401.6355285644531,373.0745544433594,373.7572937011719,4162646980
2020-02-24,377.5785827636719,410.405517578125,367.0270690917969,401.3996276855469,4914188970
2020-02-25,353.9774475097656,377.49737548828125,348.12451171875,377.1636657714844,4606854507
2020-02-26,316.6441345214844,359.0518493652344,307.8385009765625,353.9785461425781,6763748571
2020-02-27,323.2856750488281,332.8537902832031,308.7215576171875,318.0464782714844,5287840793
2020-02-28,313.6275329589844,328.6724853515625,301.7050476074219,323.1212158203125,5138037107
2020-02-29,308.32623291015625,321.0697937011719,306.9123229980469,313.9254150390625,3835560261
2020-03-01,313.303466796875,321.9158935546875,305.8775329589844,308.260498046875,4048910843
2020-03-02,336.79327392578125,340.65252685546875,311.5241394042969,313.32330322265625,19808528742
2020-03-03,329.2382507324219,337.59100341796875,323.6767578125,336.9118957519531,29574589033
2020-03-04,319.2500915527344,330.95947265625,313.5711975097656,329.5291748046875,10228558602
2020-03-05,337.24481201171875,342.56268310546875,319.3156433105469,319.3156433105469,4756771998
2020-03-06,348.89349365234375,351.4958190917969,334.17486572265625,337.394775390625,4856222089
2020-03-07,330.8061218261719,349.63446044921875,330.38720703125,349.1767883300781,3875979762
2020-03-08,276.1997985839844,331.1315612792969,274.5147399902344,331.0129699707031,4940601444
2020-03-09,273.2071228027344,279.0417175292969,255.10519409179688,275.9615478515625,5692575812
2020-03-10,271.7152404785156,277.1541442871094,265.6618347167969,273.5170593261719,4070679142
2020-03-11,266.85546875,273.9375915527344,253.3833770751953,271.84442138671875,3633629631
2020-03-12,152.22499084472656,266.9176940917969,150.85890197753906,266.75347900390625,5267287206
2020-03-13,176.49472045898438,187.87930297851562,139.21664428710938,152.17665100097656,7430982761
2020-03-14,167.584716796875,180.14442443847656,165.05343627929688,177.12457275390625,3542066431
2020-03-15,178.311279296875,187.47628784179688,166.020263671875,167.5603790283203,3000089521
2020-03-16,170.7366485595703,183.1640167236328,152.2965545654297,178.19683837890625,4079544956
2020-03-17,180.32638549804688,185.09710693359375,170.54531860351562,171.05067443847656,3314225864
2020-03-18,179.0923309326172,182.5297393798828,171.39852905273438,179.77847290039062,2984002272
2020-03-19,221.2685546875,229.17681884765625,177.77716064453125,178.9247589111328,5208693462
2020-03-20,214.42494201660156,242.51275634765625,198.2738800048828,221.47735595703125,5643988214
2020-03-21,219.3675079345703,225.13912963867188,209.30018615722656,214.3974609375,4157945375
2020-03-22,203.6722869873047,229.77989196777344,202.99118041992188,219.5990447998047,4015953536
2020-03-23,219.33047485351562,219.85073852539062,200.7449951171875,203.528076171875,4187958180
2020-03-24,227.24609375,229.3258819580078,218.09034729003906,219.82435607910156,3821906574
2020-03-25,220.4403533935547,228.28817749023438,215.91781616210938,227.4053955078125,3456700025
2020-03-26,226.8231201171875,226.855224609375,220.5288848876953,220.5288848876953,3364466566
2020-03-27,217.58334350585938,232.0724639892578,216.98463439941406,226.9561309814453,3273866630
2020-03-28,214.22467041015625,217.33529663085938,205.44015502929688,217.33529663085938,3419855738
2020-03-29,206.4635009765625,216.02633666992188,205.6572723388672,214.134765625,2748237987
2020-03-30,221.53810119628906,224.10377502441406,206.2023162841797,206.3626708984375,3193929370
2020-03-31,219.62759399414062,223.5776824951172,217.4749755859375,221.21221923828125,2933494164
2020-04-01,224.0209503173828,224.0209503173828,213.3535919189453,219.26390075683594,3197608308
2020-04-02,232.6527862548828,242.66427612304688,223.21585083007812,223.8942413330078,4225298020
2020-04-03,235.81333923339844,241.36129760742188,231.5727081298828,232.51351928710938,3713212644
2020-04-04,238.8193359375,239.31886291503906,233.0816192626953,235.86216735839844,3145975504
2020-04-05,231.99798583984375,239.705810546875,228.1375732421875,238.75189208984375,3000506532
2020-04-06,255.9195098876953,256.0498046875,231.6900634765625,231.9339599609375,4488196701
2020-04-07,252.0573272705078,262.77581787109375,249.3090057373047,256.2571105957031,4141693728
2020-04-08,266.2397155761719,277.6513977050781,250.1910400390625,252.0526885986328,5490182226
2020-04-09,257.4815979003906,272.5317077636719,254.6571044921875,266.4084167480469,3810256863
2020-04-10,233.0908203125,258.99261474609375,229.19020080566406,257.4035949707031,4209340295
2020-04-11,232.05343627929688,239.39759826660156,223.8828582763672,233.03370666503906,3375116763
2020-04-12,235.79196166992188,241.8480682373047,228.6724853515625,232.29347229003906,3302348952
2020-04-13,223.85189819335938,235.97242736816406,218.16403198242188,235.97242736816406,3773119195
2020-04-14,221.9703369140625,228.10336303710938,221.14956665039062,224.0659942626953,3488071916
2020-04-15,215.50686645507812,224.707275390625,214.97824096679688,222.09730529785156,2913397511
2020-04-16,235.5927734375,238.1910400390625,209.52166748046875,215.5862274169922,4494166640
2020-04-17,233.6195068359375,237.47885131835938,231.96209716796875,235.74169921875,3171543712
2020-04-18,243.07899475097656,245.7857666015625,233.5261993408203,233.6702423095703,3305881530
2020-04-19,233.5887908935547,246.79852294921875,233.53897094726562,243.04722595214844,3151276767
2020-04-20,221.5682830810547,239.6705780029297,219.0396270751953,233.43609619140625,3451593161
2020-04-21,221.7474365234375,223.86390686035156,218.26248168945312,221.3257598876953,3200278407
2020-04-22,233.2998504638672,234.99966430664062,220.19410705566406,221.63265991210938,3269706986
2020-04-23,236.595947265625,240.9862518310547,228.0653839111328,233.46981811523438,3933867096
2020-04-24,239.76869201660156,241.878662109375,236.7661895751953,236.91378784179688,3222729325
2020-04-25,239.71786499023438,244.37588500976562,238.10659790039062,239.7606964111328,3228034423
2020-04-26,246.2655792236328,248.0518798828125,239.32923889160156,239.64280700683594,3598384103
2020-04-27,243.2716522216797,248.65350341796875,237.4867401123047,246.35357666015625,3957867549
2020-04-28,243.70098876953125,244.31332397460938,239.75733947753906,243.2686309814453,3253434689
2020-04-29,257.492431640625,259.7848205566406,242.3564910888672,243.785400390625,4812318624
2020-04-30,249.84295654296875,275.158203125,247.414794921875,257.4105529785156,5464514305
2020-05-01,257.2282409667969,261.6734313964844,249.93618774414062,249.93618774414062,3502984887
2020-05-02,261.9789733886719,262.2106628417969,253.757568359375,257.2315673828125,3062945430
2020-05-03,252.5444793701172,266.56817626953125,247.8617401123047,261.97113037109375,3830272430
2020-05-04,245.4697723388672,253.26171875,240.40145874023438,252.42855834960938,3731133845
2020-05-05,244.59231567382812,249.2342071533203,241.84686279296875,245.409423828125,3335620972
2020-05-06,245.8161163330078,254.11668395996094,242.98321533203125,244.3135223388672,3315416831
2020-05-07,252.66128540039062,256.0917053222656,241.0355224609375,245.89353942871094,3669677517
2020-05-08,261.4407958984375,264.84173583984375,247.60768127441406,252.5208740234375,3977784265
2020-05-09,266.1372985839844,274.46417236328125,259.682861328125,261.0458984375,4711612711
2020-05-10,232.79788208007812,266.38055419921875,225.96092224121094,266.38055419921875,5084650413
2020-05-11,234.95458984375,236.40982055664062,221.53536987304688,232.990478515625,4251733844
2020-05-12,233.1196746826172,237.66697692871094,230.69088745117188,235.34234619140625,3319282598
2020-05-13,239.16012573242188,240.22857666015625,230.90994262695312,233.07550048828125,2955784580
2020-05-14,241.85679626464844,244.16783142089844,235.53001403808594,238.7760772705078,3882506405
2020-05-15,235.5139617919922,242.269775390625,233.64767456054688,241.79104614257812,3128349198
2020-05-16,236.64601135253906,239.91136169433594,234.12750244140625,235.54470825195312,2812165778
2020-05-17,241.1920623779297,244.96145629882812,236.0435791015625,236.52272033691406,2945657400
2020-05-18,247.82530212402344,253.1949462890625,240.94825744628906,241.31393432617188,3247380685
2020-05-19,245.93243408203125,249.86923217773438,243.06954956054688,247.94476318359375,2843744723
2020-05-20,239.5227508544922,247.2677001953125,237.71392822265625,245.76922607421875,2793413864
2020-05-21,228.39590454101562,241.6224822998047,222.3531494140625,239.48257446289062,3084097042
2020-05-22,234.50318908691406,235.45249938964844,225.87448120117188,228.35772705078125,2690376408
2020-05-23,234.97735595703125,238.5353546142578,232.3497314453125,234.5587921142578,2403159772
2020-05-24,224.8321990966797,237.0311737060547,224.7442169189453,234.98988342285156,2576633240
2020-05-25,230.56382751464844,231.73989868164062,223.15380859375,224.4893341064453,2405283865
2020-05-26,227.2208709716797,230.91909790039062,224.519287109375,230.5618438720703,2604514395
2020-05-27,233.5209503173828,234.03079223632812,226.86691284179688,227.27850341796875,3107896651
2020-05-28,239.40753173828125,239.99240112304688,230.63954162597656,233.57923889160156,3295793176
2020-05-29,238.14834594726562,242.3585205078125,235.6391143798828,239.46180725097656,3328065949
2020-05-30,251.29953002929688,251.76719665527344,236.24037170410156,238.174560546875,3987199933
2020-05-31,239.8770294189453,251.27980041503906,238.76351928710938,251.27980041503906,3391410580
2020-06-01,255.35218811035156,256.04217529296875,239.10916137695312,239.84722900390625,3467571665
2020-06-02,249.05322265625,266.46832275390625,245.81809997558594,255.15139770507812,4553495543
2020-06-03,252.06361389160156,252.144287109375,246.54367065429688,249.06175231933594,3089648824
2020-06-04,256.684814453125,258.7501220703125,248.81301879882812,252.13841247558594,2675520555
2020-06-05,256.7554016113281,262.2632751464844,255.7275390625,256.6915588378906,2284892761
2020-06-06,253.27015686035156,259.12939453125,252.06838989257812,256.7499084472656,1789267443
2020-06-07,254.33514404296875,255.69119262695312,246.8877716064453,253.31019592285156,2029755285
2020-06-08,255.11830139160156,256.8124694824219,251.9416961669922,254.23818969726562,1911457074
2020-06-09,255.30441284179688,256.0477294921875,252.12107849121094,255.12493896484375,2495377513
2020-06-10,257.2525939941406,257.96710205078125,253.84934997558594,255.2957305908203,1751487317
2020-06-11,236.43728637695312,258.0511169433594,235.2791748046875,257.2331848144531,2357578052
2020-06-12,242.23878479003906,243.8662109375,235.13140869140625,236.43235778808594,1575407714
2020-06-13,241.16116333007812,242.4555206298828,238.4854278564453,242.28271484375,1249523526
2020-06-14,238.761962890625,241.18417358398438,237.4137420654297,241.11573791503906,1293145682
2020-06-15,236.2717742919922,239.4488525390625,226.23448181152344,238.761962890625,1735535133
2020-06-16,237.5287628173828,239.38914489746094,235.6566162109375,236.2512664794922,1436709293
2020-06-17,240.45362854003906,241.64004516601562,235.8423309326172,237.54591369628906,1423308166
2020-06-18,236.96237182617188,240.72073364257812,234.23184204101562,240.45362854003906,1297367924
2020-06-19,232.33120727539062,237.22531127929688,231.51873779296875,236.94744873046875,1539773469
2020-06-20,231.904541015625,236.0438995361328,228.63587951660156,232.51414489746094,1456119912
2020-06-21,231.2866973876953,234.88388061523438,231.06300354003906,231.6234130859375,1140422501
2020-06-22,239.78968811035156,242.60179138183594,231.04786682128906,231.23023986816406,1747834935
2020-06-23,240.80845642089844,243.85452270507812,235.63197326660156,239.87808227539062,1205235951
2020-06-24,233.15579223632812,245.06565856933594,231.1907501220703,241.05221557617188,1318424526
2020-06-25,232.4136199951172,234.56378173828125,228.54061889648438,233.09848022460938,1119333309
2020-06-26,230.10769653320312,234.32472229003906,229.17909240722656,233.01144409179688,1354186233
2020-06-27,218.40892028808594,232.44973754882812,214.19371032714844,229.8044891357422,1254377553
2020-06-28,222.71221923828125,225.66278076171875,214.87408447265625,219.01123046875,1103240861
2020-06-29,225.197021484375,226.42141723632812,219.1707763671875,222.71795654296875,1220387625
2020-06-30,221.99168395996094,226.31082153320312,220.74374389648438,224.92193603515625,1035300969
2020-07-01,223.68643188476562,226.89752197265625,221.29183959960938,222.5667266845703,1116192161
2020-07-02,222.30377197265625,225.4071044921875,219.46165466308594,223.77761840820312,1091433602
2020-07-03,221.56253051757812,223.9868621826172,220.15469360351562,222.28347778320312,945457250
2020-07-04,225.3276824951172,226.14430236816406,220.44805908203125,221.3977813720703,990572133
2020-07-05,221.84327697753906,225.35519409179688,217.69273376464844,224.64535522460938,1008979533
2020-07-06,241.63209533691406,242.6310272216797,221.5017547607422,221.84327697753906,1611378435
2020-07-07,237.146728515625,242.72711181640625,235.45516967773438,240.205810546875,1177038173
2020-07-08,243.23020935058594,245.213623046875,236.1948699951172,237.19039916992188,1394567310
2020-07-09,238.85585021972656,244.33261108398438,234.93568420410156,243.0772705078125,1232428952
2020-07-10,237.9202423095703,239.3363494873047,233.03744506835938,238.73231506347656,1123218900
2020-07-11,236.66221618652344,238.8543243408203,235.54995727539062,237.96047973632812,839280887
2020-07-12,236.76905822753906,238.80755615234375,234.27151489257812,236.69943237304688,896740451
2020-07-13,232.42864990234375,237.22206115722656,228.56387329101562,236.76905822753906,1208729132
2020-07-14,230.0078887939453,232.37998962402344,227.808837890625,232.29405212402344,1138634120
2020-07-15,227.27151489257812,230.64173889160156,226.32632446289062,229.97679138183594,997085718
2020-07-16,224.01583862304688,228.00563049316406,220.2278289794922,227.29220581054688,1147931868
2020-07-17,222.80775451660156,224.87875366210938,222.24876403808594,224.0329132080078,941024161
2020-07-18,224.25289916992188,226.65467834472656,222.37229919433594,222.78749084472656,869975905
2020-07-19,227.096435546875,227.72808837890625,221.4727020263672,224.19664001464844,955372849
2020-07-20,222.7543182373047,227.6166534423828,221.55641174316406,227.1183624267578,952296138
2020-07-21,229.5620574951172,231.2313232421875,222.201171875,222.7078399658203,1159452662
2020-07-22,238.69503784179688,238.69503784179688,227.9061737060547,229.574462890625,1234729239
2020-07-23,237.55404663085938,241.71127319335938,236.31565856933594,238.7882080078125,1350739708
2020-07-24,235.51646423339844,238.7000732421875,233.48207092285156,237.76095581054688,1193524031
2020-07-25,249.51010131835938,251.90167236328125,235.17813110351562,235.44192504882812,1648365419
2020-07-26,246.82443237304688,255.4683380126953,244.80859375,249.82766723632812,1674308833
2020-07-27,267.4276123046875,273.4014587402344,246.8129119873047,246.81956481933594,2488636345
2020-07-28,288.5520935058594,295.4469299316406,265.742919921875,268.3876037597656,2732696107
2020-07-29,288.3741455078125,293.6949768066406,286.0474548339844,288.80303955078125,1920329028
2020-07-30,292.1941833496094,298.8695068359375,282.510986328125,288.46954345703125,1910379360
2020-07-31,300.5045166015625,304.5978698730469,287.6510314941406,291.98553466796875,1905797789
2020-08-01,317.9964599609375,319.1803283691406,298.1397705078125,300.5045166015625,2447916240
2020-08-02,283.781982421875,334.7835998535156,278.1305236816406,318.4190673828125,3364496979
2020-08-03,296.5352478027344,303.1224365234375,282.2572937011719,283.9114074707031,2060352679
2020-08-04,288.3858642578125,301.5982360839844,284.0450439453125,296.5312194824219,1888924124
2020-08-05,294.48663330078125,298.3680725097656,285.80267333984375,288.3840637207031,1871748593
2020-08-06,308.76031494140625,318.4675598144531,289.1709289550781,294.40631103515625,2448845324
2020-08-07,303.4585876464844,324.7738952636719,291.0047912597656,308.6291198730469,3075582968
2020-08-08,304.4788818359375,309.7240905761719,300.0804443359375,303.44049072265625,1778961459
2020-08-09,300.4008483886719,309.3410949707031,295.30950927734375,305.2589416503906,1629018370
2020-08-10,302.5855407714844,309.0935974121094,298.51190185546875,300.3800964355469,1900620718
2020-08-11,282.9462585449219,305.4947204589844,274.5390319824219,302.6356506347656,2096741327
2020-08-12,287.6067810058594,292.5119323730469,274.4346008300781,283.05975341796875,1888602267
2020-08-13,299.5163879394531,300.0901794433594,276.3562927246094,287.654296875,1979906897
2020-08-14,293.3980407714844,301.2862243652344,291.10601806640625,299.46923828125,1873594486
2020-08-15,303.00421142578125,306.7950439453125,293.2605285644531,293.2605285644531,1976925925
2020-08-16,307.86529541015625,312.1244812011719,297.8517761230469,303.01373291015625,2025998808
2020-08-17,317.29876708984375,323.1221618652344,303.18853759765625,307.86529541015625,2314759458
2020-08-18,304.17498779296875,323.09844970703125,304.17498779296875,317.34942626953125,1935254637
2020-08-19,292.6985778808594,308.55450439453125,283.90643310546875,304.28741455078125,1892818478
2020-08-20,294.7916259765625,295.8107604980469,290.2236633300781,292.6971130371094,1275491257
2020-08-21,284.2982482910156,304.51898193359375,283.9986877441406,294.7323303222656,1676078293
2020-08-22,287.3624267578125,287.4587097167969,278.771484375,284.24969482421875,1270186095
2020-08-23,284.9570617675781,287.3853759765625,280.3036193847656,286.9106750488281,1031635458
2020-08-24,291.3259582519531,293.77276611328125,283.3767395019531,285.0693359375,1211774706
2020-08-25,276.7991943359375,291.6270446777344,271.8081359863281,291.3663635253906,1464994914
2020-08-26,275.5710144042969,278.7173767089844,271.9747619628906,276.6216125488281,1147215569
2020-08-27,264.5843200683594,277.05328369140625,260.7337341308594,275.4228515625,1372140072
2020-08-28,268.9147033691406,271.6694030761719,262.4244384765625,264.6756286621094,1147885582
2020-08-29,268.95428466796875,272.613037109375,267.19384765625,269.11297607421875,1116848741
2020-08-30,279.0695495605469,279.0695495605469,268.5684509277344,268.8428649902344,1161105104
2020-08-31,274.5431823730469,280.95947265625,273.81744384765625,279.2804260253906,1163683245
2020-09-01,292.71978759765625,295.44842529296875,270.7794189453125,274.4808654785156,1755312158
2020-09-02,264.1186218261719,294.5425720214844,258.7408142089844,292.4286193847656,2049397876
2020-09-03,216.06240844726562,265.9413146972656,214.00332641601562,264.09149169921875,1891347861
2020-09-04,231.87460327148438,239.1898193359375,215.0174560546875,215.61700439453125,2130928347
2020-09-05,225.30081176757812,234.96884155273438,216.57566833496094,231.64317321777344,3128814772
2020-09-06,228.45327758789062,232.96266174316406,220.77548217773438,225.30081176757812,2533324540
2020-09-07,228.60894775390625,230.0712127685547,216.87879943847656,228.3511962890625,2767464423
2020-09-08,222.5369873046875,230.3777618408203,217.58351135253906,228.67037963867188,2444380275
2020-09-09,224.6769561767578,228.60133361816406,219.34432983398438,222.55824279785156,1619487057
2020-09-10,227.71348571777344,230.25619506835938,224.61630249023438,224.68634033203125,2007978798
2020-09-11,225.5377197265625,228.332763671875,221.31680297851562,227.71348571777344,1769308088
2020-09-12,230.29383850097656,230.29383850097656,223.1001434326172,225.56092834472656,1588108882
2020-09-13,221.8260040283203,234.18914794921875,219.78115844726562,230.29383850097656,2008902148
2020-09-14,226.2642364501953,230.89463806152344,220.12107849121094,221.83326721191406,2125300854
2020-09-15,235.62937927246094,241.22853088378906,225.68788146972656,226.40097045898438,3148522136
2020-09-16,231.77151489257812,235.99716186523438,227.79823303222656,235.74246215820312,2513150071
2020-09-17,233.16746520996094,239.27662658691406,230.60035705566406,231.58596801757812,2356975266
2020-09-18,234.20863342285156,238.98553466796875,231.5335235595703,233.16746520996094,1967062407
2020-09-19,233.62826538085938,237.23324584960938,232.2878875732422,234.0928192138672,1761438254
2020-09-20,226.41571044921875,233.7558135986328,223.32777404785156,233.64366149902344,1665443818
2020-09-21,213.51565551757812,228.89825439453125,211.0287322998047,226.6498260498047,1708443759
2020-09-22,220.0342254638672,220.0886688232422,211.9852752685547,213.49847412109375,987166460
2020-09-23,207.91709899902344,220.2329559326172,205.58045959472656,220.17662048339844,1301444746
2020-09-24,216.38758850097656,217.72265625,206.91896057128906,208.08953857421875,1324408643
2020-09-25,216.63528442382812,218.0692596435547,211.36959838867188,216.42971801757812,1288116068
2020-09-26,222.0533905029297,223.72210693359375,213.82119750976562,216.66358947753906,1313240851
2020-09-27,228.81472778320312,229.95181274414062,217.7713165283203,221.80685424804688,1523786887
2020-09-28,226.1543426513672,233.74163818359375,225.990234375,229.5404815673828,1822226481
2020-09-29,228.97799682617188,229.93125915527344,225.1585693359375,225.95799255371094,1410092783
2020-09-30,228.00575256347656,230.2152862548828,225.5736541748047,229.11659240722656,1434832333
2020-10-01,227.41920471191406,233.30372619628906,222.42620849609375,228.22329711914062,1721068341
2020-10-02,220.0218048095703,228.36607360839844,214.28665161132812,228.13980102539062,1789037001
2020-10-03,218.86378479003906,221.41067504882812,218.66976928710938,220.00820922851562,1095787428
2020-10-04,221.39239501953125,222.87899780273438,217.8190155029297,219.1328887939453,1205298877
2020-10-05,222.05032348632812,222.9849090576172,219.4608917236328,221.40658569335938,1224383391
2020-10-06,220.03297424316406,229.012939453125,217.5021209716797,222.13238525390625,1780121739
2020-10-07,223.2733917236328,223.75672912597656,217.23117065429688,220.01663208007812,1352439343
2020-10-08,233.62193298339844,235.6588897705078,221.6968231201172,223.22018432617188,1899945427
2020-10-09,237.3656768798828,240.0292510986328,232.33615112304688,234.0031280517578,1835550892
2020-10-10,237.32351684570312,245.2147674560547,236.49693298339844,237.29986572265625,1900960677
2020-10-11,239.6698455810547,243.0731201171875,236.8244171142578,237.50730895996094,1819533632
2020-10-12,239.81495666503906,243.68353271484375,234.6718292236328,239.4386444091797,1789792727
2020-10-13,253.53024291992188,254.80953979492188,238.25709533691406,239.8661651611328,2334880624
2020-10-14,259.13348388671875,259.5049133300781,251.1337890625,253.6314697265625,2389412354
2020-10-15,261.3847351074219,265.2327880859375,255.7950439453125,259.1790466308594,2590009260
2020-10-16,250.32540893554688,265.9696350097656,247.4555206298828,262.1650695800781,3025371472
2020-10-17,246.31993103027344,252.43714904785156,243.51290893554688,250.7940216064453,2077377477
2020-10-18,249.81216430664062,250.6862030029297,245.3438720703125,246.10243225097656,1693057793
2020-10-19,250.7097930908203,252.42230224609375,246.826416015625,249.8350830078125,1823030809
2020-10-20,242.84555053710938,250.73289489746094,240.88807678222656,250.73289489746094,2230433445
2020-10-21,258.51458740234375,262.8104248046875,242.48052978515625,242.81402587890625,3164562404
2020-10-22,266.4726257324219,272.09576416015625,258.1179504394531,258.22906494140625,3250753926
2020-10-23,270.3146667480469,274.6895446777344,263.5596618652344,266.6266784667969,2740574138
2020-10-24,275.12200927734375,276.451171875,267.768310546875,270.3147888183594,2049345141
2020-10-25,271.0794372558594,275.2556457519531,268.1629943847656,275.12200927734375,2158858954
2020-10-26,259.7825927734375,272.6365966796875,254.48899841308594,271.0794677734375,2851175628
2020-10-27,264.5394287109375,267.63348388671875,257.4866027832031,259.78253173828125,2718701859
2020-10-28,268.4897155761719,279.1338806152344,259.75054931640625,264.5395812988281,3670734190
2020-10-29,267.0560607910156,271.242919921875,258.67462158203125,268.4902038574219,2670911240
2020-10-30,261.828125,269.5421447753906,256.4303894042969,267.0567932128906,3032354182
2020-10-31,261.75823974609375,265.49267578125,259.8060302734375,261.828125,2021384093
2020-11-01,267.5558166503906,269.4959716796875,260.10595703125,261.75823974609375,1785981045
2020-11-02,257.19970703125,270.8263244628906,255.1884765625,267.5544128417969,2473366490
2020-11-03,244.14683532714844,258.70404052734375,236.86676025390625,257.1990051269531,2902353056
2020-11-04,241.13009643554688,244.53590393066406,232.35546875,244.14649963378906,2602972773
2020-11-05,249.5473175048828,251.62969970703125,241.1420440673828,241.1420440673828,2296534780
2020-11-06,257.7201843261719,259.03778076171875,248.19325256347656,249.54649353027344,2307792598
2020-11-07,253.5904083251953,276.0485534667969,246.75784301757812,257.7203674316406,3306975309
2020-11-08,270.6977844238281,276.9449157714844,251.56640625,253.5904083251953,1964488513
2020-11-09,263.9813232421875,273.35919189453125,258.45867919921875,270.6978759765625,1926205001
2020-11-10,257.351806640625,265.95281982421875,255.2204132080078,263.98675537109375,1590780216
2020-11-11,257.1214904785156,262.2994689941406,256.628173828125,257.35150146484375,1483145652
2020-11-12,259.821533203125,264.3543395996094,252.63058471679688,257.1195068359375,1691361924
2020-11-13,259.1717834472656,262.10430908203125,249.88340759277344,259.8208923339844,2159730843
2020-11-14,255.76904296875,261.5955505371094,254.18032836914062,259.1717834472656,2131937376
2020-11-15,241.36802673339844,259.9108581542969,239.39486694335938,255.76904296875,2400160029
2020-11-16,250.13929748535156,252.9383087158203,234.32347106933594,241.36802673339844,2443954097
2020-11-17,255.2885284423828,257.56976318359375,249.54962158203125,252.35394287109375,1738784593
2020-11-18,247.1260528564453,257.7160339355469,242.98324584960938,255.28707885742188,2327656295
2020-11-19,246.27008056640625,250.45689392089844,241.6893768310547,247.12481689453125,1254227175
2020-11-20,258.8548889160156,259.01220703125,245.71343994140625,246.2684326171875,1873696045
2020-11-21,301.9248046875,304.7861633300781,256.6578063964844,258.8548889160156,5765585961
2020-11-22,286.993408203125,309.3620910644531,274.7089538574219,301.9248046875,4952111958
2020-11-23,323.02581787109375,323.2681884765625,282.40460205078125,286.9934997558594,5309099342
2020-11-24,345.6051330566406,367.95147705078125,321.1747131347656,323.01336669921875,7685446495
2020-11-25,312.7775573730469,359.43634033203125,303.4083557128906,345.6124572753906,5131050362
2020-11-26,270.5107421875,319.1404113769531,253.28302001953125,312.63946533203125,4922338888
2020-11-27,264.955322265625,278.24786376953125,258.0349426269531,270.5850524902344,2947138216
2020-11-28,275.5712890625,282.5597839355469,261.72296142578125,264.9892578125,2623903532
2020-11-29,283.9314880371094,287.1052551269531,272.07269287109375,275.5788879394531,2155292211
2020-11-30,316.4201965332031,320.9718933105469,280.3443603515625,283.9219970703125,3892204636
2020-12-01,288.1358337402344,319.7706604003906,280.1039733886719,316.4772033691406,4197968842
2020-12-02,294.2510681152344,297.04595947265625,282.099853515625,288.16644287109375,2654055892
2020-12-03,292.29534912109375,296.5300598144531,286.10101318359375,294.2743225097656,1932456432
2020-12-04,280.70806884765625,305.7475280761719,278.5524597167969,292.29412841796875,2806192319
2020-12-05,289.30859375,289.30859375,275.8024597167969,280.6681213378906,1781606883
2020-12-06,286.3561096191406,292.5212097167969,279.8818054199219,289.3179626464844,1662530478
2020-12-07,283.89471435546875,290.1484680175781,281.46807861328125,286.33953857421875,1571228768
2020-12-08,267.5484619140625,284.8860778808594,264.4652099609375,283.9101257324219,1804265825
2020-12-09,268.7099609375,270.97979736328125,255.86984252929688,267.5394287109375,2258287289
2020-12-10,265.9806823730469,269.13421630859375,261.66925048828125,268.6971740722656,1528530540
2020-12-11,259.3310241699219,265.9986267089844,256.43603515625,265.9986267089844,1988724958
2020-12-12,267.7145690917969,269.4638671875,258.6286315917969,259.3074951171875,1470417816
2020-12-13,275.3485107421875,281.9243469238281,266.0721740722656,267.7286682128906,1616017414
2020-12-14,276.5531005859375,279.29339599609375,266.5326843261719,275.3780212402344,1523697597
2020-12-15,288.3943786621094,298.4612121582031,271.6976318359375,276.56610107421875,2965318993
2020-12-16,311.4190368652344,311.5431823730469,282.7483215332031,288.43255615234375,3505656634
2020-12-17,310.30157470703125,329.8841552734375,303.9455871582031,311.4464416503906,5145542717
2020-12-18,312.7794494628906,322.0729675292969,305.3356018066406,310.3442687988281,3694943234
2020-12-19,318.2479248046875,324.759033203125,309.7771911621094,312.778564453125,3474653628
2020-12-20,348.1605529785156,366.9736633300781,311.728515625,318.23382568359375,6066519346
2020-12-21,314.4889221191406,378.174072265625,311.1714782714844,348.31982421875,7569828152
2020-12-22,323.8865051269531,323.8865051269531,301.1921081542969,314.3949279785156,5764317548
2020-12-23,274.1484069824219,325.4528503417969,267.860595703125,323.7718811035156,6488304103
2020-12-24,296.282958984375,298.0606689453125,272.32623291015625,274.2387390136719,5354778111
2020-12-25,318.3423156738281,323.9441833496094,293.63720703125,296.2924499511719,5540322692
2020-12-26,322.82989501953125,329.18768310546875,310.955810546875,318.3840026855469,5382110131
2020-12-27,338.1799621582031,362.2679443359375,313.5496826171875,322.85772705078125,7057534742
2020-12-28,362.092041015625,374.88568115234375,337.1722106933594,338.3069763183594,6323801331
2020-12-29,353.09063720703125,365.52496337890625,331.9072265625,362.0867004394531,5332139475
2020-12-30,358.8080139160156,365.0576171875,342.96136474609375,353.1101989746094,4985121425
2020-12-31,343.0526428222656,361.00323486328125,336.80621337890625,358.76849365234375,3783477587
2021-01-01,341.98565673828125,354.826416015625,334.5606384277344,342.9797668457031,3490086847
2021-01-02,354.5999450683594,365.39056396484375,334.5691833496094,342.02667236328125,4608719269
2021-01-03,421.78985595703125,433.0190734863281,354.6509094238281,354.6509094238281,7273123207
2021-01-04,407.9369201660156,462.2045593261719,387.91180419921875,422.0662536621094,8597472426
2021-01-05,419.76812744140625,426.37701416015625,393.8099670410156,407.9645080566406,6465746424
2021-01-06,454.484130859375,456.970947265625,413.5553283691406,419.81134033203125,6501368134
2021-01-07,449.5687255859375,482.8439636230469,432.8406677246094,454.4713134765625,8115564128
2021-01-08,441.0582275390625,453.6304931640625,409.35125732421875,449.59490966796875,8384177380
2021-01-09,573.911376953125,587.8895263671875,420.3533935546875,440.986083984375,11980066195
2021-01-10,603.5962524414062,629.8012084960938,557.8359375,574.3733520507812,18670984544
2021-01-11,479.58734130859375,603.72705078125,407.0301818847656,603.72705078125,15256193289
2021-01-12,450.2796630859375,510.6044006347656,446.114013671875,479.279296875,8994820907
2021-01-13,495.7847595214844,499.6568908691406,438.0456848144531,450.38739013671875,6997508555
2021-01-14,526.3295288085938,537.53125,485.843994140625,495.8061828613281,7008145988
2021-01-15,492.58984375,533.6465454101562,457.6026611328125,526.4756469726562,7258747674
2021-01-16,490.98162841796875,513.4317626953125,475.6581115722656,492.50225830078125,6303545655
2021-01-17,478.7698059082031,495.1344909667969,463.6385498046875,490.9681701660156,4635690838
2021-01-18,510.4153137207031,513.7310791015625,470.6421203613281,478.81085205078125,4495156814
2021-01-19,511.072265625,547.0870361328125,503.82293701171875,510.4017333984375,6415459721
2021-01-20,499.3244934082031,517.6112060546875,474.0353088378906,510.8137512207031,6103579197
2021-01-21,419.58514404296875,499.2824401855469,407.8289489746094,499.2824401855469,6318951662
2021-01-22,441.5264892578125,450.0270080566406,396.0233154296875,419.467041015625,5739209371
2021-01-23,431.5047302246094,443.8301086425781,420.107666015625,441.27423095703125,4073070097
2021-01-24,440.10333251953125,448.7325134277344,424.00152587890625,431.46331787109375,3869930797
2021-01-25,433.802490234375,464.2228088378906,432.68011474609375,440.0459289550781,5168935996
2021-01-26,428.0443420410156,437.9620666503906,415.1179504394531,433.7289733886719,5549601374
2021-01-27,378.0301513671875,428.3438415527344,371.1024169921875,428.0255126953125,6484712952
2021-01-28,405.3744812011719,413.4749450683594,372.3145751953125,378.0505065917969,4670394866
2021-01-29,407.5032958984375,432.3170166015625,392.32403564453125,414.4378662109375,7763515865
2021-01-30,414.9421081542969,417.1929016113281,392.9413146972656,407.4646301269531,5032998555
2021-01-31,399.7699279785156,416.16986083984375,391.73895263671875,415.04669189453125,3699019612
2021-02-01,414.02044677734375,442.40625,390.40966796875,399.76007080078125,5447738736
2021-02-02,430.15142822265625,434.1317138671875,411.0784912109375,414.03265380859375,4782082014
2021-02-03,444.8460693359375,448.1360778808594,430.15045166015625,430.15045166015625,4916862940
2021-02-04,420.81964111328125,453.8891906738281,414.0311584472656,444.89776611328125,4820122971
2021-02-05,446.4588928222656,447.7751770019531,419.2603454589844,420.7950744628906,4151940175
2021-02-06,457.6355895996094,488.3994445800781,445.19183349609375,446.5007019042969,7376227692
2021-02-07,445.169677734375,462.78289794921875,430.3152770996094,457.59393310546875,5588458731
2021-02-08,483.7041320800781,485.83074951171875,437.0635986328125,445.0782775878906,6169936503
2021-02-09,513.53271484375,516.5474243164062,475.2855224609375,483.6850891113281,7367014754
2021-02-10,494.9677734375,532.6586303710938,471.5221252441406,513.4469604492188,7763853779
2021-02-11,529.7373657226562,538.8411865234375,491.18731689453125,494.86700439453125,6776342962
2021-02-12,577.6043090820312,578.0996704101562,514.3463134765625,529.597412109375,7486531853
2021-02-13,663.6793823242188,664.9744873046875,546.2411499023438,577.552978515625,10843656790
2021-02-14,724.0156860351562,744.558349609375,652.9368286132812,663.9490356445312,14673194771
2021-02-15,712.4305419921875,767.510009765625,622.7515869140625,723.8924560546875,15323317081
2021-02-16,707.29150390625,743.4058837890625,672.8810424804688,712.1409912109375,10739148111
2021-02-17,716.6982421875,726.0665283203125,678.7186889648438,707.302734375,8767701437
2021-02-18,705.9884643554688,727.3994140625,692.5198974609375,716.6647338867188,4289327501
2021-02-19,720.8218994140625,740.1603393554688,684.864013671875,706.0059204101562,5251329016
2021-02-20,682.1824340820312,748.7716674804688,637.5999755859375,720.7059326171875,6495825727
2021-02-21,707.5924072265625,735.3334350585938,668.6373901367188,681.8699951171875,5369155548
2021-02-22,630.349853515625,708.534423828125,545.1495971679688,707.5281372070312,7444078951
2021-02-23,513.1873779296875,630.45166015625,417.3163757324219,630.2363891601562,8300802305
2021-02-24,527.0413818359375,555.8158569335938,498.7773132324219,513.5601196289062,5749984570
2021-02-25,496.91265869140625,555.2872924804688,496.91265869140625,527.0341186523438,4752439090
2021-02-26,484.5122375488281,506.2991638183594,460.4843444824219,497.3074645996094,5217285976
2021-02-27,483.7453308105469,501.2745056152344,475.10772705078125,484.5824890136719,3648759169
2021-02-28,459.91448974609375,485.2208251953125,436.7429504394531,483.7192077636719,4580690977
2021-03-01,500.9513854980469,506.0074157714844,458.7641906738281,459.95587158203125,3643964253
2021-03-02,517.01416015625,548.0911865234375,494.74871826171875,500.84326171875,4725184970
2021-03-03,523.5786743164062,554.6848754882812,512.7159423828125,517.0370483398438,3715621944
2021-03-04,506.8732604980469,537.8633422851562,495.01763916015625,523.490234375,3715844937
2021-03-05,498.98980712890625,506.8157653808594,474.8704833984375,506.8157653808594,3088964788
2021-03-06,501.21270751953125,505.0645446777344,484.0196228027344,498.91357421875,2326475343
2021-03-07,516.1735229492188,517.9140014648438,500.79766845703125,501.22882080078125,2256359240
2021-03-08,528.9968872070312,528.9968872070312,502.26275634765625,516.1818237304688,2792447504
2021-03-09,545.0260009765625,546.5261840820312,524.4879760742188,529.0134887695312,2777424542
2021-03-10,546.839599609375,566.9415893554688,519.5401000976562,545.0299682617188,3942104355
2021-03-11,549.783203125,562.5151977539062,532.0155639648438,546.69677734375,4102967092
2021-03-12,539.2164916992188,562.4541015625,515.4931640625,549.8158569335938,4017236783
2021-03-13,596.2348022460938,607.0723876953125,522.9424438476562,539.2444458007812,4596011006
2021-03-14,557.757080078125,601.4309692382812,557.757080078125,596.0801391601562,3841351549
2021-03-15,523.9347534179688,567.6666870117188,519.7533569335938,557.575439453125,3867342609
2021-03-16,528.1640014648438,537.9750366210938,505.4736328125,523.894775390625,3487143846
2021-03-17,540.8455200195312,540.8455200195312,513.7536010742188,528.1920166015625,2658649338
2021-03-18,529.7573852539062,546.605224609375,525.3865966796875,540.874267578125,2482168468
2021-03-19,535.1412353515625,550.2268676757812,519.77490234375,529.7051391601562,2257159270
2021-03-20,539.1375732421875,553.5346069335938,532.9406127929688,535.0819702148438,2007491933
2021-03-21,526.5610961914062,546.2089233398438,518.1304931640625,539.1220092773438,1943933987
2021-03-22,513.3392333984375,540.3701782226562,512.01953125,526.60302734375,2541092748
2021-03-23,516.253173828125,536.6996459960938,511.6033630371094,513.4077758789062,2812731005
2021-03-24,480.1233215332031,532.3841552734375,461.5792236328125,516.1734008789062,2544422048
2021-03-25,478.2922058105469,485.1078796386719,460.6235046386719,480.02423095703125,2428634157
2021-03-26,509.0152893066406,510.2479248046875,475.3696594238281,478.210693359375,2244829965
2021-03-27,503.6587829589844,512.13037109375,490.59136962890625,509.0176696777344,1806636009
2021-03-28,501.00360107421875,508.330322265625,494.22003173828125,503.6591796875,1929011914
2021-03-29,520.6358032226562,525.8928833007812,496.1830139160156,500.9342956542969,2112034391
2021-03-30,527.6982421875,537.111328125,514.731201171875,520.620361328125,2059097801
2021-03-31,543.2378540039062,546.30078125,509.53271484375,527.7657470703125,3098623015
2021-04-01,561.6582641601562,563.753173828125,533.9468994140625,543.2572021484375,3271470706
2021-04-02,585.7074584960938,602.216552734375,551.8328857421875,561.5902099609375,3469842740
2021-04-03,536.6788330078125,598.5073852539062,536.6760864257812,585.6561279296875,3188458792
2021-04-04,566.5130615234375,568.2909545898438,532.04833984375,536.5737915039062,2212661584
2021-04-05,648.5609741210938,648.5609741210938,562.1622314453125,566.6402587890625,4920959551
2021-04-06,667.7485961914062,677.270263671875,626.131591796875,649.078857421875,5604369783
2021-04-07,618.5975341796875,697.1884155273438,601.8906860351562,667.3567504882812,6575528211
2021-04-08,647.5640869140625,647.6471557617188,613.7723388671875,619.0540161132812,3400288881
2021-04-09,635.7067260742188,651.7200317382812,630.7730102539062,647.5924682617188,2599328081
2021-04-10,673.9575805664062,685.5093994140625,630.3269653320312,635.4577026367188,3288833580
2021-04-11,696.6084594726562,718.5927124023438,675.5234375,676.87841796875,3830293616
2021-04-12,674.7862548828125,698.5848388671875,657.9900512695312,694.9053344726562,2934933652
2021-04-13,746.8653564453125,752.53076171875,670.9566650390625,674.6181030273438,4536646606
2021-04-14,818.7034301757812,846.2385864257812,746.9727783203125,746.9727783203125,7265770869
2021-04-15,868.155517578125,878.1765747070312,801.1557006835938,816.70166015625,5161090414
2021-04-16,1110.654296875,1170.7347412109375,827.9777221679688,866.6513061523438,13562048894
2021-04-17,1006.32421875,1208.586181640625,1005.7356567382812,1107.8419189453125,11342338922
2021-04-18,965.6826171875,1024.783447265625,833.9827270507812,1003.9636840820312,11408448671
2021-04-19,894.1287231445312,1038.072021484375,877.4013061523438,971.877685546875,8210144054
2021-04-20,940.9869384765625,967.5877075195312,833.9789428710938,891.2747192382812,8030877946
2021-04-21,913.90576171875,996.2236938476562,902.4186401367188,942.3489379882812,6416416471
2021-04-22,854.0779418945312,969.8778686523438,845.3306884765625,910.7542114257812,6610919178
2021-04-23,838.8472290039062,872.4712524414062,697.4628295898438,854.8743286132812,7204033430
2021-04-24,769.1758422851562,840.376708984375,752.1008911132812,840.376708984375,3509395352
2021-04-25,757.708740234375,804.5589599609375,720.9862060546875,770.97998046875,3257040348
2021-04-26,849.4700927734375,850.1695556640625,753.5380859375,759.281005859375,3760438246
2021-04-27,887.862548828125,891.011962890625,833.593994140625,849.8477783203125,3620498787
2021-04-28,909.8458251953125,928.2164306640625,853.8976440429688,889.720703125,3864350281
2021-04-29,880.6653442382812,913.1482543945312,861.106689453125,910.4840698242188,2631715599
2021-04-30,993.4256591796875,999.5653686523438,870.935302734375,880.7796020507812,3816064836
2021-05-01,1005.080078125,1030.10693359375,977.5697631835938,995.3594360351562,3302890217
2021-05-02,974.6554565429688,1009.0420532226562,955.5432739257812,1004.1727294921875,2712905992
2021-05-03,1017.2999877929688,1046.244873046875,973.1134033203125,974.3008422851562,3514913500
2021-05-04,955.1824340820312,1053.06689453125,935.9276733398438,1016.9843139648438,5581505479
2021-05-05,1454.93505859375,1474.2880859375,942.0247802734375,951.869384765625,14081332554
2021-05-06,1505.7657470703125,1597.6549072265625,1275.957275390625,1454.4903564453125,14871286058
2021-05-07,1343.2474365234375,1509.1109619140625,1279.020751953125,1509.1109619140625,9450311296
2021-05-08,1402.3680419921875,1444.7283935546875,1325.1710205078125,1342.436767578125,7091316071
2021-05-09,1428.52880859375,1428.52880859375,1289.4678955078125,1398.5516357421875,5982135477
2021-05-10,1321.401123046875,1565.984375,1239.093505859375,1427.7679443359375,9778335896
2021-05-11,1542.425048828125,1547.425048828125,1305.3013916015625,1321.5760498046875,8507115276
2021-05-12,1209.806884765625,1635.1495361328125,1209.806884765625,1549.2320556640625,8940812629
2021-05-13,1251.692138671875,1342.406005859375,1138.836181640625,1237.9580078125,9987052496
2021-05-14,1298.664794921875,1358.966064453125,1227.956298828125,1255.058349609375,5514988209
2021-05-15,1170.348388671875,1331.10595703125,1166.7166748046875,1298.5604248046875,5304828008
2021-05-16,1168.72900390625,1279.673095703125,1101.8212890625,1171.168212890625,5122033903
2021-05-17,1068.6568603515625,1169.2037353515625,992.3115844726562,1166.7611083984375,6580396012
2021-05-18,1091.5501708984375,1167.2266845703125,1057.422119140625,1068.7489013671875,4635705785
2021-05-19,706.7958374023438,1110.525634765625,507.7298278808594,1093.3572998046875,10094456486
2021-05-20,821.6005249023438,862.993408203125,622.5455322265625,698.481689453125,8035772953
2021-05-21,687.9571533203125,852.1097412109375,608.1994018554688,819.837158203125,7998797485
2021-05-22,631.7822265625,720.3219604492188,604.669189453125,689.6707763671875,5302068385
2021-05-23,556.1397705078125,660.4301147460938,469.72705078125,631.4146118164062,6340421631
2021-05-24,748.4216918945312,758.5371704101562,540.7056884765625,554.3440551757812,5693828648
2021-05-25,719.9478149414062,788.4690551757812,673.547119140625,752.50341796875,5635417781
2021-05-26,765.048828125,787.7767944335938,709.1707153320312,720.5208129882812,3804200045
2021-05-27,745.955078125,806.7064208984375,702.633056640625,764.8363647460938,3539930955
2021-05-28,689.9478759765625,761.5265502929688,655.0435180664062,749.4917602539062,4381620234
2021-05-29,651.5799560546875,721.3099975585938,619.981201171875,689.5534057617188,3431855859
2021-05-30,663.5120239257812,687.3419189453125,619.0180053710938,651.9098510742188,2530933937
2021-05-31,703.882568359375,710.571044921875,637.130615234375,662.7338256835938,2736460092
2021-06-01,691.4038696289062,720.8492431640625,670.5065307617188,703.40185546875,2680399959
2021-06-02,697.9129638671875,715.1097412109375,675.8762817382812,691.1810302734375,2085428216
2021-06-03,718.4481811523438,734.9953002929688,689.205810546875,698.24365234375,2286280619
2021-06-04,671.13916015625,719.5374145507812,645.6582641601562,719.24560546875,2533308529
2021-06-05,649.4383544921875,688.8902587890625,636.7320556640625,671.6312255859375,2116275969
2021-06-06,657.4957275390625,669.59423828125,646.3995361328125,649.7618408203125,1506122550
2021-06-07,596.077880859375,670.2244873046875,594.2360229492188,656.8709716796875,1905638841
2021-06-08,597.09228515625,604.3988647460938,545.1808471679688,596.8394165039062,2877121838
2021-06-09,633.1434936523438,634.634521484375,567.7802124023438,596.0902099609375,2424388228
2021-06-10,602.8461303710938,638.7239379882812,591.91015625,633.9471435546875,1940156625
2021-06-11,578.2715454101562,611.405029296875,571.8099975585938,602.6116333007812,1715350886
2021-06-12,580.5331420898438,589.9786987304688,549.8956909179688,578.7503051757812,1786736797
2021-06-13,614.3549194335938,615.1343994140625,560.099853515625,580.4896240234375,1578903640
2021-06-14,625.3695068359375,640.246337890625,600.4496459960938,613.8494262695312,1552154786
2021-06-15,639.20458984375,649.8994750976562,617.982421875,637.4489135742188,1736113953
2021-06-16,593.046630859375,628.0631713867188,591.1793212890625,628.0631713867188,1629936616
2021-06-17,599.35791015625,620.4916381835938,585.6542358398438,593.2911376953125,1426459812
2021-06-18,563.2868041992188,599.7035522460938,546.919189453125,599.7035522460938,1642573263
2021-06-19,554.896728515625,581.6277465820312,553.4807739257812,563.9763793945312,1287962730
2021-06-20,557.5296020507812,561.1050415039062,516.1603393554688,553.9019165039062,1468001206
2021-06-21,456.29345703125,559.435302734375,455.37518310546875,556.5131225585938,2170476053
2021-06-22,443.78326416015625,476.1463928222656,390.0023498535156,455.7373962402344,2651277002
2021-06-23,469.3756408691406,485.89263916015625,430.0447998046875,444.24334716796875,1925034930
2021-06-24,486.2078857421875,495.9580078125,457.01165771484375,473.3774719238281,1423583436
2021-06-25,451.91815185546875,496.77685546875,450.06427001953125,487.1156005859375,1625824115
2021-06-26,458.77618408203125,463.96429443359375,429.425537109375,450.74456787109375,1549850152
2021-06-27,476.8872985839844,477.91693115234375,447.8674011230469,459.3374328613281,1445433765
2021-06-28,500.6705627441406,516.4507446289062,473.36810302734375,477.5481872558594,1466070100
2021-06-29,522.2713623046875,546.6151123046875,500.38763427734375,501.2427673339844,1747410969
2021-06-30,526.2958374023438,533.6823120117188,499.3426208496094,523.6981201171875,1693524407
2021-07-01,498.1935729980469,526.4202270507812,487.2961120605469,526.4202270507812,1766801086
2021-07-02,496.3497619628906,503.97015380859375,476.85284423828125,496.7327880859375,1204691392
2021-07-03,505.3199768066406,514.3199462890625,489.528564453125,496.1561584472656,1158357445
2021-07-04,526.4296875,539.7749633789062,495.9254150390625,505.2237854003906,1413797953
2021-07-05,505.0554504394531,526.8648681640625,490.6242370605469,526.767578125,1522255823
2021-07-06,511.6671142578125,525.4853515625,500.9181823730469,504.8183288574219,1393837450
2021-07-07,508.8645324707031,537.0830688476562,505.7569885253906,511.52667236328125,1584424878
2021-07-08,490.9910583496094,510.511962890625,481.0323181152344,509.7150573730469,1592605743
2021-07-09,504.06298828125,509.75445556640625,472.18756103515625,490.35137939453125,1339952027
2021-07-10,497.4999694824219,510.88427734375,485.4723815917969,504.2683410644531,1170722352
2021-07-11,498.2137145996094,503.6387634277344,490.32861328125,497.2193298339844,1157460252
2021-07-12,480.8447570800781,508.2068176269531,472.29229736328125,498.3797607421875,1336050112
2021-07-13,465.4149169921875,484.7972106933594,460.94415283203125,480.5673828125,1075661865
2021-07-14,467.7268371582031,477.846923828125,445.82159423828125,465.61328125,1264474725
2021-07-15,454.63360595703125,473.8235778808594,445.1778259277344,467.7589416503906,1424146487
2021-07-16,439.78277587890625,464.465576171875,438.4013366699219,455.2224426269531,1359916782
2021-07-17,437.03759765625,446.8995361328125,432.3944396972656,439.2149658203125,1235721953
2021-07-18,439.6506042480469,453.0492248535156,434.5421142578125,437.0848083496094,1210002751
2021-07-19,415.69140625,442.2355041503906,414.6778564453125,439.1085510253906,1131995857
2021-07-20,399.57098388671875,422.0052185058594,386.1447448730469,415.88677978515625,1262285193
2021-07-21,430.4355163574219,435.8940124511719,393.3758850097656,399.27716064453125,1201512019
2021-07-22,442.82257080078125,445.6720275878906,425.517822265625,430.94781494140625,1052930154
2021-07-23,455.7831726074219,456.4286193847656,432.89862060546875,442.96990966796875,1029413293
2021-07-24,460.14727783203125,464.9192810058594,451.8680114746094,455.6173095703125,999410253
2021-07-25,456.024658203125,460.6368103027344,442.8647155761719,460.0778503417969,1073715842
2021-07-26,482.88330078125,517.5814208984375,454.7943115234375,456.1484375,2193059616
2021-07-27,502.295166015625,504.26904296875,468.7547607421875,482.1846008300781,2011970102
2021-07-28,510.1445007324219,518.85302734375,492.1509704589844,502.95684814453125,2185235852
2021-07-29,538.3031616210938,546.4711303710938,500.83001708984375,511.2890319824219,2034974540
2021-07-30,552.7387084960938,553.0267333984375,519.2069091796875,538.4918212890625,1984238398
2021-07-31,547.8032836914062,556.7880249023438,537.7514038085938,552.5953979492188,1666655419
2021-08-01,527.8416137695312,562.9428100585938,520.3663940429688,546.7240600585938,1984049270
2021-08-02,543.9884643554688,564.8043823242188,521.3133544921875,526.8713989257812,2135592385
2021-08-03,536.9937133789062,551.3377685546875,523.5277709960938,543.6490478515625,1987312144
2021-08-04,545.9660034179688,550.7243041992188,525.5243530273438,537.4260864257812,1831281602
2021-08-05,548.59814453125,550.5103759765625,524.000732421875,545.665771484375,2062386765
2021-08-06,556.4429321289062,560.5555419921875,537.6621704101562,548.5424194335938,2137867461
2021-08-07,583.125732421875,589.7503662109375,554.2565307617188,557.0947875976562,2381262602
2021-08-08,556.0963134765625,589.0052490234375,555.2918090820312,583.7606811523438,2176765949
2021-08-09,592.4888305664062,600.4196166992188,544.18603515625,556.1732788085938,2159473227
2021-08-10,592.3838500976562,606.206787109375,574.5298461914062,592.0315551757812,2207047184
2021-08-11,621.1851196289062,632.2290649414062,591.05419921875,592.4083862304688,2506001502
2021-08-12,605.0075073242188,648.22412109375,593.17236328125,621.0477905273438,2504663932
2021-08-13,653.95849609375,654.2623901367188,602.1204223632812,606.1061401367188,2308779003
2021-08-14,689.1148681640625,689.5960693359375,644.8167114257812,654.2990112304688,2487216105
2021-08-15,703.1863403320312,707.3980102539062,673.8369140625,691.156005859375,2770993903
2021-08-16,675.8545532226562,713.665283203125,673.8261108398438,703.2467041015625,2672034530
2021-08-17,638.80126953125,689.8093872070312,638.1257934570312,673.8102416992188,2753953258
2021-08-18,634.432861328125,653.604248046875,622.0503540039062,638.646484375,2747890861
2021-08-19,658.8883056640625,658.8883056640625,620.0689086914062,633.2189331054688,2852343347
2021-08-20,693.681640625,699.1278076171875,652.8930053710938,658.7894287109375,3133794878
2021-08-21,676.0634155273438,699.630615234375,671.6244506835938,693.8250732421875,2947054369
2021-08-22,672.6182861328125,688.953125,654.2988891601562,676.2142944335938,2480660732
2021-08-23,677.7103271484375,693.4780883789062,664.51953125,672.67236328125,3007106551
2021-08-24,637.4052734375,682.6373901367188,635.8792724609375,678.6522827148438,2690364538
2021-08-25,649.3145141601562,657.5452880859375,628.3580322265625,637.7603149414062,3075170891
2021-08-26,607.3994750976562,655.3074951171875,607.16259765625,650.5968017578125,3163076919
2021-08-27,635.2657470703125,635.4520263671875,598.5211791992188,607.429931640625,3101930692
2021-08-28,647.2998046875,647.2998046875,623.559326171875,635.486328125,3068367305
2021-08-29,660.1724853515625,690.8690795898438,647.4337768554688,647.4337768554688,3005005852
2021-08-30,631.6580200195312,664.5089721679688,631.6288452148438,660.0602416992188,3031651589
2021-08-31,636.7659912109375,651.252685546875,625.0663452148438,631.8507690429688,3166346774
2021-09-01,656.8170776367188,656.8170776367188,626.5117797851562,637.1498413085938,3115775778
2021-09-02,664.8388671875,673.7323608398438,654.9188842773438,656.8677978515625,3308862260
2021-09-03,712.818359375,720.8145751953125,652.6405029296875,664.7706909179688,3868119875
2021-09-04,709.5724487304688,732.423583984375,698.1464233398438,712.6755981445312,2791338601
2021-09-05,764.1975708007812,765.436767578125,699.8557739257812,709.1822509765625,3208380108
2021-09-06,784.366455078125,801.4947509765625,742.3150024414062,764.6607666015625,3580462743
2021-09-07,672.2505493164062,787.0787963867188,596.7484741210938,784.226806640625,4539086316
2021-09-08,662.1929931640625,679.6211547851562,645.4343872070312,672.5396728515625,4477362994
2021-09-09,661.2267456054688,672.8951416015625,657.0098876953125,659.6600341796875,4413138790
2021-09-10,629.4200439453125,673.4174194335938,620.4895629882812,661.1390991210938,4593607596
2021-09-11,635.8800659179688,647.3690185546875,627.1976928710938,629.4466552734375,5450251190
2021-09-12,647.3294677734375,654.80615234375,624.7405395507812,635.8211059570312,5486288261
2021-09-13,615.1316528320312,657.1128540039062,596.707763671875,647.3291015625,6132533806
2021-09-14,639.9652099609375,642.188232421875,610.4279174804688,615.1878051757812,5643937431
2021-09-15,652.4776611328125,656.120361328125,633.6305541992188,640.01611328125,5267523341
2021-09-16,639.5713500976562,654.2667846679688,630.1121215820312,652.2161865234375,5327212613
2021-09-17,620.557861328125,647.0643310546875,614.6449584960938,639.6306762695312,5654219771
2021-09-18,630.2152709960938,637.3154296875,615.9144287109375,620.546875,5596309163
2021-09-19,609.2835083007812,646.6809692382812,604.978515625,630.304443359375,5805970653
2021-09-20,540.8760986328125,609.2566528320312,534.1204833984375,609.237548828125,6259395359
2021-09-21,504.0189514160156,551.8342895507812,499.4041748046875,542.614013671875,5960134012
2021-09-22,547.6450805664062,547.6450805664062,497.69073486328125,503.8218994140625,5552515723
2021-09-23,552.3037719726562,553.2644653320312,534.0375366210938,547.5657348632812,5454592394
2021-09-24,513.6057739257812,555.3814697265625,483.0015563964844,552.4215087890625,5724596256
2021-09-25,517.8965454101562,522.4804077148438,503.3245849609375,513.7374267578125,5083616990
2021-09-26,503.66741943359375,518.5611572265625,482.24560546875,517.896728515625,5773227295
2021-09-27,489.0119323730469,515.192626953125,488.82470703125,503.9295349121094,5464519283
2021-09-28,474.5220031738281,499.2173767089844,473.2707824707031,488.8280029296875,1295622291
2021-09-29,485.41998291015625,497.2633056640625,472.265625,474.83331298828125,1087541063
2021-09-30,502.5036315917969,505.7545166015625,482.56219482421875,485.2820129394531,1168391225
2021-10-01,543.302734375,544.8140258789062,501.22039794921875,502.8520812988281,1204656913
2021-10-02,552.6283569335938,560.0099487304688,537.212646484375,543.6395874023438,1052899621
2021-10-03,570.4993286132812,578.4563598632812,545.6220703125,552.5328979492188,1336434935
2021-10-04,551.5970458984375,571.0426025390625,534.0560913085938,571.0426025390625,1278357308
2021-10-05,594.0425415039062,599.6044921875,549.753173828125,551.02294921875,1197469914
2021-10-06,618.7408447265625,624.7935180664062,563.388916015625,594.7125244140625,1778433548
2021-10-07,612.15673828125,634.218017578125,599.4169311523438,617.4456176757812,1512650547
2021-10-08,595.7726440429688,617.0116577148438,590.0999755859375,611.3931884765625,1241653777
2021-10-09,614.4834594726562,623.489013671875,592.9171142578125,595.9883422851562,1160530389
2021-10-10,586.6426391601562,622.333740234375,584.3057861328125,614.8944702148438,1215424338
2021-10-11,601.8111572265625,617.5758666992188,581.1066284179688,586.1339111328125,1285140009
2021-10-12,587.449462890625,602.1004638671875,569.3594360351562,602.1004638671875,1295493392
2021-10-13,594.5084838867188,594.5084838867188,572.5851440429688,587.7376098632812,1224286953
2021-10-14,597.6168212890625,607.2581176757812,591.8446655273438,593.7015380859375,1128243790
2021-10-15,624.5038452148438,636.523681640625,586.2923583984375,598.7199096679688,1754209051
2021-10-16,626.3204956054688,646.348876953125,624.5023803710938,625.4146118164062,1345916541
2021-10-17,611.6915283203125,628.5509033203125,593.0745849609375,625.2628173828125,1101439670
2021-10-18,611.1658325195312,619.4867553710938,600.2850341796875,612.8544921875,1179982882
2021-10-19,619.0848999023438,624.5276489257812,601.8729858398438,611.5217895507812,1180856013
2021-10-20,644.3960571289062,648.3104248046875,606.3157958984375,618.8771362304688,1138643163
2021-10-21,623.7405395507812,655.6233520507812,621.7437133789062,644.6884155273438,1408405297
2021-10-22,623.5930786132812,636.9425659179688,613.9552612304688,623.4720458984375,1042106876
2021-10-23,629.4553833007812,636.7453002929688,616.6586303710938,623.6005859375,1064456581
2021-10-24,617.8567504882812,633.1553344726562,606.61376953125,629.5943603515625,1008042453
2021-10-25,621.6943359375,628.9171752929688,615.4833984375,617.6656494140625,1140962239
2021-10-26,611.6384887695312,631.3919677734375,602.4031982421875,621.5352172851562,1319150850
2021-10-27,549.0943603515625,618.8717651367188,542.3541259765625,611.921630859375,1579662843
2021-10-28,579.4688720703125,591.328369140625,545.9429931640625,549.1450805664062,1361300962
2021-10-29,593.519287109375,595.694091796875,575.5743408203125,579.0743408203125,1238115116
2021-10-30,584.8463745117188,599.8135375976562,578.387451171875,593.8712768554688,1454401650
2021-10-31,596.2386474609375,601.9669799804688,575.4000244140625,584.8793334960938,1330055653
2021-11-01,587.6728515625,599.212646484375,580.0928344726562,596.6649169921875,1208247148
2021-11-02,598.3413696289062,608.0208740234375,583.5462036132812,587.2838134765625,1047259623
2021-11-03,611.1063232421875,618.8587646484375,592.3659057617188,598.7095336914062,1450315021
2021-11-04,596.4094848632812,613.2819213867188,588.4388427734375,611.4177856445312,1284134827
2021-11-05,598.8560180664062,629.8613891601562,592.7810668945312,596.415283203125,1563407178
2021-11-06,589.2490234375,602.7744750976562,578.3321533203125,598.8544921875,1003134302
2021-11-07,600.8812866210938,600.9898071289062,587.5601806640625,588.7461547851562,915486512
2021-11-08,638.9419555664062,642.2825927734375,600.7612915039062,601.4351196289062,1557616519
2021-11-09,716.318603515625,729.9756469726562,637.7782592773438,638.924072265625,2451835311
2021-11-10,666.6940307617188,729.1342163085938,651.1315307617188,717.2832641601562,2306524746
2021-11-11,676.9935913085938,681.4469604492188,659.8367919921875,665.573486328125,1166042995
2021-11-12,668.2821655273438,683.9830322265625,647.467529296875,676.9334106445312,1390603001
2021-11-13,666.955810546875,670.5091552734375,655.612548828125,668.636962890625,875576329
2021-11-14,678.7428588867188,678.7594604492188,657.8456420898438,666.4622802734375,1109798292
2021-11-15,665.6408081054688,685.637939453125,665.6408081054688,679.3583984375,1036539475
2021-11-16,599.5039672851562,667.8172607421875,578.45703125,666.6874389648438,1665351794
2021-11-17,595.5667724609375,603.4840087890625,579.083984375,599.1385498046875,1196598256
2021-11-18,554.8060302734375,601.1182861328125,545.3870239257812,595.9006958007812,1352238674
2021-11-19,575.6010131835938,577.7923583984375,549.5670166015625,554.6311645507812,993087267
2021-11-20,584.3694458007812,587.47705078125,567.1513671875,575.4630126953125,975250027
2021-11-21,575.9271850585938,585.2957763671875,570.2495727539062,584.6728515625,1079459640
2021-11-22,557.3172607421875,577.0842895507812,550.3196411132812,575.5565185546875,1195242517
2021-11-23,571.2039794921875,575.4552612304688,548.1824340820312,557.5748901367188,1202306823
2021-11-24,559.1209716796875,619.0751953125,558.7168579101562,571.3513793945312,1209312711
2021-11-25,612.6768188476562,634.3695068359375,608.2313232421875,618.9609985351562,1346653274
2021-11-26,555.8290405273438,618.6910400390625,546.1338500976562,617.1558837890625,1679369323
2021-11-27,563.3384399414062,573.629150390625,555.8383178710938,556.6046752929688,857274434
2021-11-28,568.336181640625,568.4931030273438,537.4225463867188,563.3709716796875,1185816551
2021-11-29,576.1217651367188,581.1881713867188,558.3505249023438,568.9203491210938,1091029159
2021-11-30,570.5296630859375,586.8980102539062,557.5282592773438,575.6511840820312,1170851665
2021-12-01,571.056884765625,587.0393676757812,565.7195434570312,569.9547729492188,876219332
2021-12-02,561.4506225585938,572.0972900390625,559.1774291992188,571.033203125,921618457
2021-12-03,532.3550415039062,567.537109375,526.2933959960938,562.0358276367188,1248790208
2021-12-04,473.8507995605469,533.978515625,354.55853271484375,533.3831787109375,2018999582
2021-12-05,453.4902648925781,478.35223388671875,436.66033935546875,473.4739074707031,1128258510
2021-12-06,475.75677490234375,480.6147766113281,421.8958740234375,453.6459045410156,1394987155
2021-12-07,475.1602783203125,500.0962219238281,465.2597351074219,476.1176452636719,1065693574
2021-12-08,480.8507080078125,487.0954284667969,464.2226867675781,474.89764404296875,1269638323
2021-12-09,449.4764404296875,483.14862060546875,449.4764404296875,480.0682678222656,1100303590
2021-12-10,439.27850341796875,468.2049865722656,438.0936584472656,449.5289611816406,1230197772
2021-12-11,459.7817687988281,461.339599609375,433.7149658203125,439.3554992675781,943322036
2021-12-12,458.7115783691406,462.77520751953125,443.0592956542969,459.3193054199219,677639381
2021-12-13,421.6638488769531,461.13507080078125,415.5772705078125,458.77227783203125,884428423
2021-12-14,424.4429626464844,441.66925048828125,419.6286926269531,421.8336181640625,966794262
2021-12-15,447.7202453613281,449.31201171875,417.52825927734375,437.1438903808594,5073381977
2021-12-16,438.5856628417969,453.0863342285156,437.87750244140625,447.7147521972656,5015506262
2021-12-17,425.8277282714844,441.0084533691406,418.86456298828125,438.5939636230469,4963631443
2021-12-18,436.0589599609375,438.7601623535156,419.87115478515625,425.845458984375,4875992191
2021-12-19,433.01910400390625,444.7205810546875,432.7292175292969,436.01617431640625,4907156810
2021-12-20,430.4444885253906,439.0173645019531,419.631103515625,433.03704833984375,5029758358
2021-12-21,438.41510009765625,440.47845458984375,427.5394592285156,430.3456726074219,4936279709
2021-12-22,438.3659973144531,446.3620910644531,435.384765625,438.4154357910156,4952883975
2021-12-23,455.4015197753906,457.7057189941406,435.3380126953125,438.3778991699219,5049111595
2021-12-24,451.6958923339844,460.9842529296875,449.8904113769531,455.47137451171875,5472891368
2021-12-25,456.433837890625,460.563232421875,448.2062683105469,451.65350341796875,4946110310
2021-12-26,452.2210998535156,456.439453125,445.4798583984375,456.439453125,5297110458
2021-12-27,465.2685241699219,475.5908508300781,448.5243225097656,452.1844787597656,5566545308
2021-12-28,439.571533203125,465.3140563964844,438.9371337890625,465.3140563964844,5492150458
2021-12-29,430.0830993652344,445.1114807128906,428.68603515625,439.47894287109375,5325244055
2021-12-30,431.5367431640625,436.7949523925781,425.0855712890625,430.1059875488281,5140380417
2021-12-31,430.6395568847656,436.74212646484375,421.2988586425781,431.56781005859375,5228424321
2022-01-01,444.4561767578125,445.12042236328125,430.4936218261719,430.698974609375,5200720289
2022-01-02,447.8326416015625,451.70733642578125,443.3173828125,444.42242431640625,5266233006
2022-01-03,434.94384765625,447.8177795410156,432.5278015136719,447.8177795410156,5175856851
2022-01-04,427.5243225097656,438.9859313964844,427.22998046875,434.9792785644531,5170910046
2022-01-05,401.572509765625,432.0910949707031,394.7982482910156,427.5313415527344,5222363057
2022-01-06,400.6392517089844,401.9890441894531,389.133056640625,401.5289306640625,4606482593
2022-01-07,386.0583190917969,400.7229309082031,378.25787353515625,400.5964050292969,5495287581
2022-01-08,374.2579650878906,390.9888916015625,365.2764587402344,386.0547790527344,4940762099
2022-01-09,377.10284423828125,380.7779541015625,369.9472961425781,374.2613525390625,4998528088
2022-01-10,364.0692138671875,378.14141845703125,350.5097961425781,377.1104431152344,5091316579
2022-01-11,369.83074951171875,374.38616943359375,362.8907775878906,364.064697265625,4883845879
2022-01-12,383.91363525390625,385.31512451171875,368.9432373046875,369.8577575683594,4878392863
2022-01-13,377.5850524902344,391.2665710449219,377.5850524902344,383.9088439941406,4820513787
2022-01-14,386.1727600097656,392.7408447265625,377.00518798828125,377.60809326171875,4865794221
2022-01-15,391.1540832519531,392.84881591796875,384.4070129394531,386.18988037109375,4761528715
2022-01-16,388.71160888671875,393.0111999511719,384.2950134277344,391.14361572265625,4738253300
2022-01-17,381.10382080078125,389.2840881347656,374.0353088378906,388.7239990234375,4688459028
2022-01-18,382.0470275878906,394.5392761230469,376.2998046875,381.0854797363281,4921110719
2022-01-19,370.5811767578125,384.1370849609375,367.4389343261719,382.05755615234375,4722885424
2022-01-20,358.10833740234375,383.70672607421875,358.033935546875,370.5032043457031,4652760962
2022-01-21,315.2086486816406,359.88275146484375,311.09954833984375,358.2214050292969,4998844753
2022-01-22,291.4414978027344,318.03399658203125,271.4568786621094,315.29010009765625,5502585985
2022-01-23,301.8079528808594,302.6041564941406,285.6424865722656,291.51531982421875,5029208794
2022-01-24,292.2291259765625,302.081787109375,262.5016784667969,301.8553771972656,5138719653
2022-01-25,292.23382568359375,294.0927429199219,285.4053955078125,292.208984375,4865661412
2022-01-26,289.95135498046875,312.758056640625,286.219482421875,292.1972961425781,4789506698
2022-01-27,289.5102844238281,293.70867919921875,279.4674072265625,289.8567199707031,4450566226
2022-01-28,296.7961120605469,296.8013916015625,282.9716491699219,289.46710205078125,4402414050
2022-01-29,298.87139892578125,301.1580505371094,292.78759765625,296.79400634765625,4549035847
2022-01-30,290.500732421875,301.1792297363281,288.5914306640625,298.9230651855469,4393440670
2022-01-31,285.5392761230469,290.51416015625,279.07098388671875,290.509033203125,4272814799
2022-02-01,288.1484375,290.81207275390625,283.4860534667969,285.5138854980469,4243564723
2022-02-02,278.5903625488281,296.18621826171875,278.2166442871094,288.1630554199219,4304273528
2022-02-03,279.9759216308594,279.9759216308594,271.9233093261719,278.5341796875,4185575167
2022-02-04,305.9831237792969,306.16510009765625,277.0716247558594,279.9513854980469,4426537277
2022-02-05,320.8785400390625,327.2886047363281,303.47772216796875,306.00537109375,4737535933
2022-02-06,325.0093688964844,327.67352294921875,315.5516357421875,320.8395080566406,4528068784
2022-02-07,342.7969055175781,343.30523681640625,319.2076721191406,325.00732421875,4714385327
2022-02-08,336.2540283203125,355.26422119140625,326.70709228515625,342.8682861328125,4364847778
2022-02-09,345.8336486816406,347.2877197265625,329.99285888671875,336.0909118652344,4141759132
2022-02-10,341.83203125,361.35870361328125,337.94122314453125,345.8537902832031,4400654964
2022-02-11,320.5527038574219,341.8083801269531,318.6541748046875,341.8083801269531,4306158732
2022-02-12,329.23687744140625,329.4959411621094,314.3369445800781,320.55828857421875,4371772668
2022-02-13,334.8714904785156,339.2978515625,325.9889831542969,329.2290344238281,4651844844
2022-02-14,331.33441162109375,336.77294921875,319.7787170410156,334.7078857421875,4680229530
2022-02-15,343.13092041015625,344.24432373046875,329.6686706542969,331.3029479980469,4570027807
2022-02-16,335.3616027832031,343.2312927246094,330.2479248046875,343.1346130371094,4573029120
2022-02-17,312.8161926269531,336.1327819824219,310.8101806640625,335.2455139160156,4504176872
2022-02-18,310.9779357910156,318.5943908691406,307.9739685058594,312.8958740234375,4360014643
2022-02-19,312.02392578125,315.8446044921875,306.6270751953125,310.95916748046875,4031413655
2022-02-20,303.1356201171875,312.1766052246094,298.14007568359375,312.025146484375,3986038360
2022-02-21,284.3456726074219,309.8935852050781,284.1423645019531,303.11456298828125,4150595974
2022-02-22,293.67535400390625,294.4523620605469,278.5992126464844,284.2998046875,4210903986
2022-02-23,289.308349609375,304.37713623046875,288.7298278808594,293.67156982421875,4235446247
2022-02-24,300.8105163574219,308.0292663574219,261.3431091308594,289.24725341796875,4611840938
2022-02-25,308.45904541015625,311.1617126464844,291.6392517089844,300.8159484863281,4214133332
2022-02-26,314.5308532714844,322.1429443359375,308.366943359375,308.45404052734375,4208615883
2022-02-27,304.1036071777344,320.5884704589844,301.48712158203125,314.5098571777344,4162542039
2022-02-28,337.12200927734375,337.12200927734375,301.50030517578125,304.10284423828125,4333237969
2022-03-01,328.23138427734375,342.29681396484375,322.3129577636719,337.1473388671875,4406526635
2022-03-02,320.4051513671875,330.6590881347656,318.8574523925781,328.24188232421875,4160551460
2022-03-03,315.1263122558594,321.2419128417969,307.0061950683594,320.4064025878906,3961075276
2022-03-04,289.9174499511719,315.1760559082031,287.5074462890625,315.1760559082031,3826939389
2022-03-05,293.9798583984375,294.9566955566406,285.64031982421875,290.0039978027344,3571444342
2022-03-06,283.0827941894531,295.8532409667969,283.0827941894531,294.0160827636719,3599409412
2022-03-07,274.9350891113281,290.431884765625,272.1178283691406,283.1036682128906,3644280854
2022-03-08,284.36962890625,288.90673828125,273.893798828125,274.90679931640625,3565673322
2022-03-09,308.3489074707031,316.09930419921875,284.38153076171875,284.401611328125,3604288416
2022-03-10,289.86834716796875,308.7500915527344,285.6387023925781,308.2718505859375,3301827584
2022-03-11,288.1972961425781,293.6310119628906,282.2691345214844,289.903564453125,3384249280
2022-03-12,291.20159912109375,293.79644775390625,288.0353698730469,288.1991882324219,3163131831
2022-03-13,280.4122314453125,295.2715759277344,280.0370788574219,291.1129150390625,3102894940
2022-03-14,289.5464782714844,289.5464782714844,278.7245788574219,280.3938903808594,3391951619
2022-03-15,289.6955261230469,292.1330261230469,282.5234375,289.527587890625,3416509695
2022-03-16,299.7217712402344,300.9913635253906,287.83892822265625,289.6859130859375,3493261441
2022-03-17,296.458740234375,300.35723876953125,294.953857421875,299.7149963378906,3089185447
2022-03-18,305.8638916015625,306.26458740234375,291.439208984375,296.4346923828125,3141982108
2022-03-19,327.6200866699219,327.6200866699219,305.6671447753906,305.8276672363281,3336760438
2022-03-20,326.9633483886719,331.2483215332031,317.392333984375,327.63763427734375,3504099063
2022-03-21,335.2315979003906,339.6693420410156,321.46246337890625,326.9395751953125,3775570531
2022-03-22,376.73681640625,384.0221862792969,334.7241516113281,335.19683837890625,4592700939
2022-03-23,364.30548095703125,382.5113220214844,355.1386413574219,376.73785400390625,3753713812
2022-03-24,366.1062927246094,366.9442443847656,352.90252685546875,364.2068176269531,4086604251
2022-03-25,364.74017333984375,372.9959716796875,354.19464111328125,366.119873046875,4801830925
2022-03-26,361.8934631347656,365.9286193847656,358.0115661621094,364.7374267578125,4447203979
2022-03-27,376.5374450683594,376.5453796386719,356.1440124511719,361.9129638671875,4528242763
2022-03-28,368.1392822265625,384.6416320800781,367.88214111328125,376.53729248046875,4895152714
2022-03-29,373.52996826171875,382.9936828613281,368.0021667480469,368.0021667480469,4628947859
2022-03-30,379.6378173828125,385.494873046875,364.674072265625,373.4966125488281,4659262272
2022-03-31,384.0443420410156,389.41424560546875,364.435791015625,379.6182861328125,5207447297
2022-04-01,376.88897705078125,388.40826416015625,365.1932373046875,384.133056640625,5038480562
2022-04-02,373.2934265136719,382.1118469238281,372.20806884765625,376.91839599609375,4929841413
2022-04-03,378.7779541015625,380.6925048828125,369.97283935546875,373.2005920410156,4788326043
2022-04-04,375.8177185058594,379.0590515136719,364.4338073730469,378.73211669921875,4842131038
2022-04-05,365.98480224609375,380.6648254394531,365.98480224609375,375.8760070800781,4831755832
2022-04-06,331.06793212890625,366.5812072753906,331.06793212890625,366.1181335449219,4693817841
2022-04-07,336.7745056152344,339.69671630859375,328.95379638671875,331.1391296386719,4313693588
2022-04-08,323.3428955078125,337.9695739746094,322.4564514160156,336.7394104003906,4279423040
2022-04-09,326.0784912109375,327.1612854003906,323.03765869140625,323.4515075683594,4086027568
2022-04-10,320.9402770996094,331.9846496582031,320.9402770996094,326.073486328125,4161265791
2022-04-11,294.7629699707031,320.9681396484375,292.248291015625,320.9681396484375,4116764653
2022-04-12,304.5862731933594,306.8673400878906,294.30072021484375,294.84259033203125,3232224320
2022-04-13,341.97601318359375,347.1517333984375,302.0919189453125,304.57855224609375,4640086854
2022-04-14,337.5608215332031,352.00177001953125,333.3792724609375,341.9194641113281,4518928223
2022-04-15,340.6129150390625,344.1576232910156,334.48291015625,337.5477600097656,4255742550
2022-04-16,343.1981506347656,346.595458984375,340.1876220703125,340.6186218261719,4186735944
2022-04-17,328.70330810546875,348.1711730957031,328.2963562011719,343.1590270996094,4209933062
2022-04-18,340.0191345214844,340.13873291015625,314.01715087890625,328.7154235839844,4178084902
2022-04-19,340.39520263671875,342.07427978515625,333.7303161621094,340.01690673828125,4216376808
2022-04-20,330.7242126464844,344.3811950683594,329.8896484375,340.3670654296875,4290468661
2022-04-21,315.8807067871094,344.4654541015625,314.1760559082031,330.7445068359375,4253223441
2022-04-22,320.96746826171875,333.2689208984375,315.1374206542969,315.9206848144531,4230621505
2022-04-23,313.4471435546875,322.3563537597656,313.4471435546875,320.9567565917969,3981089499
2022-04-24,308.1383972167969,314.4516906738281,308.1229248046875,313.4375,3915756766
2022-04-25,314.77447509765625,315.2762145996094,301.0441589355469,308.1613464355469,4339854924
2022-04-26,295.910400390625,321.27362060546875,293.759033203125,314.718017578125,4623962165
2022-04-27,307.33380126953125,308.77313232421875,294.97320556640625,295.92706298828125,4530909054
2022-04-28,306.7344055175781,311.8598937988281,303.9029541015625,307.30328369140625,4529814365
2022-04-29,294.709228515625,308.4897155761719,292.501708984375,306.7364501953125,4493805037
2022-04-30,278.66888427734375,297.3978576660156,273.4030456542969,294.6820983886719,4327964629
2022-05-01,284.4119873046875,287.123779296875,275.1846618652344,278.5876159667969,4136305101
2022-05-02,285.0909423828125,288.77410888671875,280.5032958984375,284.3893737792969,4223541712
2022-05-03,279.4828186035156,288.95782470703125,277.09857177734375,285.1055603027344,4189270453
2022-05-04,299.85614013671875,299.85614013671875,279.0277099609375,279.4761657714844,4249843095
2022-05-05,277.2933044433594,302.2406005859375,273.90277099609375,299.7738342285156,4043872451
2022-05-06,274.9815368652344,277.5096130371094,267.2474060058594,277.2726745605469,4076255396
2022-05-07,268.7116394042969,277.1395263671875,265.421875,274.9581604003906,3969336859
2022-05-08,261.7698059082031,269.1800537109375,260.5592346191406,268.6902160644531,3914963030
2022-05-09,221.99842834472656,265.9736328125,221.99842834472656,261.7798767089844,3936060796
2022-05-10,231.91481018066406,243.73402404785156,213.5845947265625,221.7211151123047,3859737063
2022-05-11,194.3667449951172,248.0335235595703,187.3526611328125,231.81019592285156,3953210175
2022-05-12,194.1725616455078,223.55630493164062,160.06703186035156,194.38613891601562,3584276078
2022-05-13,202.2874298095703,219.50782775878906,192.38258361816406,194.0931854248047,3636972858
2022-05-14,211.21719360351562,235.14346313476562,188.09188842773438,202.27560424804688,3521420797
2022-05-15,214.53973388671875,215.27967834472656,204.22402954101562,211.08657836914062,3413965388
2022-05-16,197.2950439453125,214.56582641601562,197.095947265625,214.52536010742188,3256557517
2022-05-17,206.68150329589844,212.22921752929688,196.87777709960938,197.2946014404297,3449664523
2022-05-18,188.02528381347656,208.4884033203125,188.02528381347656,206.67381286621094,3060637904
2022-05-19,196.5090789794922,197.90283203125,182.75726318359375,188.00985717773438,2923280282
2022-05-20,190.89602661132812,199.6910858154297,186.7371063232422,196.46939086914062,2828424951
2022-05-21,192.2581787109375,195.16111755371094,187.8426971435547,190.87637329101562,2643841413
2022-05-22,198.9332275390625,201.89329528808594,191.0601348876953,192.26966857910156,2711327936
2022-05-23,191.71287536621094,206.6263885498047,190.7355499267578,198.84584045410156,2902268797
2022-05-24,195.79901123046875,196.72628784179688,185.27638244628906,191.72715759277344,2488202440
2022-05-25,190.59967041015625,199.9034423828125,190.300537109375,195.77049255371094,2749192229
2022-05-26,181.01046752929688,192.41976928710938,174.7511444091797,190.607421875,2687101363
2022-05-27,174.08544921875,183.50697326660156,172.5823516845703,180.82005310058594,2403823662
2022-05-28,179.02490234375,179.71566772460938,173.69064331054688,176.13522338867188,2443184415
2022-05-29,185.31155395507812,185.54791259765625,176.2801971435547,178.9846649169922,2372355059
2022-05-30,196.80284118652344,197.12765502929688,184.9847412109375,185.28695678710938,2126028710
2022-05-31,203.65670776367188,206.28138732910156,192.97882080078125,196.7918701171875,2833067479
2022-06-01,186.33226013183594,208.09840393066406,185.76641845703125,203.7167205810547,2770365463
2022-06-02,189.00332641601562,189.4698486328125,183.72756958007812,186.33030700683594,2404656966
2022-06-03,183.2595977783203,191.07615661621094,181.04112243652344,189.01145935058594,2215340158
2022-06-04,188.62693786621094,189.28114318847656,180.7606201171875,183.28903198242188,2154747013
2022-06-05,180.0278778076172,189.80963134765625,179.81442260742188,188.64341735839844,2226194881
2022-06-06,185.79116821289062,188.61239624023438,179.88455200195312,179.99588012695312,2251990334
2022-06-07,182.37486267089844,187.6691436767578,173.82684326171875,185.7882080078125,2206363272
2022-06-08,177.0389862060547,182.739013671875,176.06307983398438,182.3709716796875,2155743341
2022-06-09,175.6043701171875,180.2599639892578,173.78866577148438,177.03231811523438,2090813873
2022-06-10,167.9102020263672,176.4984130859375,167.1717529296875,175.6044921875,2142235323
2022-06-11,156.95407104492188,169.53611755371094,155.8970947265625,167.900634765625,2035539813
2022-06-12,147.1142120361328,157.9407196044922,147.1142120361328,157.01156616210938,1935626592
2022-06-13,126.7068099975586,148.12445068359375,125.15804290771484,147.0347442626953,2044007399
2022-06-14,126.29086303710938,132.9969482421875,118.69065856933594,126.72553253173828,1681543805
2022-06-15,127.5723876953125,129.956298828125,112.15670013427734,126.27769470214844,1699975336
2022-06-16,109.38005065917969,129.63330078125,108.11223602294922,127.54725646972656,1601917679
2022-06-17,120.93612670898438,121.19572448730469,108.08806610107422,109.37103271484375,1860195195
2022-06-18,116.51904296875,123.31108856201172,110.71099090576172,120.94042205810547,1955594257
2022-06-19,120.19225311279297,122.2614974975586,111.78328704833984,116.48397064208984,1578105198
2022-06-20,118.97757720947266,124.16808319091797,116.47064208984375,120.1887435913086,1569058756
2022-06-21,118.88475799560547,122.5783920288086,116.0230712890625,118.96553039550781,1562491556
2022-06-22,113.30838775634766,119.24260711669922,113.0276107788086,118.93859100341797,1422857193
2022-06-23,116.16727447509766,117.71651458740234,112.54875946044922,113.30931854248047,1253332573
2022-06-24,114.53982543945312,120.70429229736328,114.53982543945312,116.1563949584961,1542360255
2022-06-25,115.27176666259766,115.9377670288086,111.84400939941406,114.57484436035156,1522627566
2022-06-26,113.07980346679688,118.95384216308594,113.0697021484375,115.25562286376953,1484787303
2022-06-27,111.42684936523438,116.63211059570312,110.82582092285156,113.10125732421875,1386986480
2022-06-28,103.17231750488281,112.5249252319336,102.85765075683594,111.42487335205078,1207384600
2022-06-29,104.40489959716797,107.16561889648438,102.07849884033203,103.17366027832031,726870704
2022-06-30,102.73477935791016,104.67221069335938,98.28801727294922,104.4162368774414,1053256061
2022-07-01,101.41802215576172,105.5563735961914,98.77178192138672,102.81454467773438,760197665
2022-07-02,106.48081970214844,106.81431579589844,100.92027282714844,101.44420623779297,1199030331
2022-07-03,105.5800552368164,107.24630737304688,102.15668487548828,106.45531463623047,1187978767
2022-07-04,108.13239288330078,108.14682006835938,102.86429595947266,105.58285522460938,1249269541
2022-07-05,104.31560516357422,108.28050231933594,102.18711853027344,108.12164306640625,1291077986
2022-07-06,106.16500854492188,106.87326049804688,103.23578643798828,104.32518768310547,1266533088
2022-07-07,111.64202880859375,112.03264617919922,105.239501953125,106.16227722167969,1101358631
2022-07-08,109.0074234008789,112.83290100097656,107.4120101928711,111.6590576171875,632161393
2022-07-09,111.57935333251953,112.79811096191406,108.81466674804688,108.97972869873047,1334656388
2022-07-10,107.04318237304688,111.55611419677734,105.8044662475586,111.55611419677734,1259130239
2022-07-11,99.30374908447266,107.10580444335938,99.12873840332031,107.02953338623047,1223361760
2022-07-12,97.541748046875,100.62295532226562,97.49634552001953,99.310302734375,1179157071
2022-07-13,102.34386444091797,102.34386444091797,96.00476837158203,97.52955627441406,1209984234
2022-07-14,103.00496673583984,103.8016586303711,99.39031219482422,102.32205200195312,1243950769
2022-07-15,106.08636474609375,106.52957153320312,102.37350463867188,103.00578308105469,547465009
2022-07-16,109.59832763671875,110.36827087402344,104.13455963134766,106.06724548339844,615055280
2022-07-17,110.63470458984375,115.11505126953125,108.12824249267578,109.60568237304688,355265041
2022-07-18,121.6329116821289,121.6329116821289,110.64099884033203,110.64099884033203,412280051
2022-07-19,128.44296264648438,129.118408203125,116.55989837646484,121.5849380493164,541861862
2022-07-20,121.8243637084961,130.63555908203125,120.822021484375,128.45106506347656,367420156
2022-07-21,122.982177734375,123.77478790283203,118.4802474975586,121.8165054321289,305920034
2022-07-22,123.50938415527344,128.55946350097656,120.79060363769531,122.98787689208984,413046002
2022-07-23,122.71155548095703,126.58251190185547,119.01912689208984,123.4530029296875,246810479
2022-07-24,132.38540649414062,134.43792724609375,122.67337799072266,122.69570922851562,329204445
2022-07-25,119.32747650146484,132.61695861816406,119.29989624023438,132.2965850830078,310699338
2022-07-26,118.63275146484375,119.27522277832031,114.53998565673828,119.27522277832031,220203623
2022-07-27,127.09396362304688,127.09700012207031,116.49454498291016,118.64929962158203,282460841
2022-07-28,154.74412536621094,157.46539306640625,127.10558319091797,127.10558319091797,918307842
2022-07-29,152.3015899658203,163.60162353515625,148.79129028320312,155.32122802734375,944041659
2022-07-30,145.0458526611328,153.79617309570312,144.2270965576172,152.3032989501953,512282965
2022-07-31,139.98597717285156,149.796630859375,139.52313232421875,145.05140686035156,417358573
2022-08-01,138.21359252929688,141.9862518310547,134.6973114013672,139.96820068359375,282082392
2022-08-02,134.04917907714844,138.50747680664062,129.6054229736328,138.18357849121094,316355200
2022-08-03,134.50466918945312,141.9907989501953,131.18467712402344,134.06137084960938,276340987
2022-08-04,134.64825439453125,138.2927703857422,133.14002990722656,134.4738311767578,332987332
2022-08-05,141.2279815673828,141.2279815673828,134.2764892578125,134.615966796875,247420453
2022-08-06,141.84368896484375,143.03077697753906,139.53932189941406,141.26251220703125,214963349
2022-08-07,141.35702514648438,143.64678955078125,139.2611846923828,141.79539489746094,206578300
2022-08-08,143.53553771972656,147.62362670898438,140.68411254882812,141.3739776611328,264673057
2022-08-09,134.7403106689453,144.24505615234375,133.99972534179688,143.5265350341797,254120085
2022-08-10,142.0718994140625,143.08645629882812,132.34967041015625,134.74440002441406,285265503
2022-08-11,142.97476196289062,148.02745056152344,142.03253173828125,142.07986450195312,304100155
2022-08-12,143.0982208251953,143.33905029296875,139.31057739257812,142.95132446289062,222980965
2022-08-13,144.31005859375,146.7890625,142.93186950683594,143.09918212890625,224051962
2022-08-14,139.5986785888672,147.0292205810547,138.87661743164062,144.32907104492188,242271081
2022-08-15,137.51512145996094,143.22703552246094,134.49476623535156,139.6195831298828,260272051
2022-08-16,136.57183837890625,138.1951141357422,135.39654541015625,137.4866485595703,218356838
2022-08-17,133.74916076660156,144.3354949951172,133.26519775390625,136.55662536621094,326069878
2022-08-18,129.26272583007812,136.1018829345703,129.24380493164062,133.75320434570312,245877210
2022-08-19,114.59532928466797,129.2770538330078,114.32445526123047,129.2770538330078,357560698
2022-08-20,114.68006896972656,118.07477569580078,112.31815338134766,114.59722137451172,237502981
2022-08-21,119.31036376953125,120.40933227539062,114.67021942138672,114.67021942138672,231205419
2022-08-22,122.85778045654297,122.9104232788086,114.23363494873047,119.30382537841797,296849422
2022-08-23,133.4949188232422,135.31658935546875,120.60337829589844,122.84442138671875,446011678
2022-08-24,131.21229553222656,138.1152801513672,131.21229553222656,133.481201171875,382734219
2022-08-25,130.68069458007812,132.39479064941406,129.4022216796875,131.20245361328125,265805093
2022-08-26,116.28633880615234,130.66729736328125,115.85299682617188,130.66729736328125,335487137
2022-08-27,115.35123443603516,118.13255310058594,113.89434814453125,116.29462432861328,268806259
2022-08-28,113.46882629394531,119.71598052978516,113.46882629394531,115.35916900634766,235232305
2022-08-29,119.61377716064453,119.71881103515625,112.33865356445312,113.40616607666016,264119990
2022-08-30,114.65457916259766,120.51405334472656,112.83711242675781,119.6305923461914,242607410
2022-08-31,115.3424072265625,117.72820281982422,114.66875457763672,114.66875457763672,206762052
2022-09-01,116.70771789550781,117.07291412353516,113.5479965209961,115.34303283691406,227533596
2022-09-02,116.36717987060547,119.71156311035156,115.27747344970703,116.7093276977539,271983506
2022-09-03,117.7043228149414,118.58085632324219,116.07842254638672,116.37312316894531,231099662
2022-09-04,118.1373519897461,118.1373519897461,116.45393371582031,117.71190643310547,175273025
2022-09-05,125.6686019897461,125.90435791015625,117.3026351928711,118.12857055664062,251185197
2022-09-06,112.50064849853516,127.47740173339844,112.48841857910156,125.68889617919922,295404896
2022-09-07,118.64579772949219,119.15929412841797,111.36616516113281,112.4346694946289,263199586
2022-09-08,127.14407348632812,129.3760223388672,116.55583953857422,118.64781951904297,487324244
2022-09-09,132.77561950683594,138.0015869140625,126.39091491699219,127.10440826416016,460606403
2022-09-10,132.8063201904297,134.4551544189453,130.94580078125,132.72679138183594,298635594
2022-09-11,130.25624084472656,133.1195831298828,128.4345703125,132.79507446289062,244950894
2022-09-12,128.7611083984375,132.4580078125,127.2132339477539,130.25352478027344,297325655
2022-09-13,119.0383071899414,133.22250366210938,117.19823455810547,128.76904296875,347352925
2022-09-14,120.23064422607422,120.5330581665039,117.16214752197266,117.58161926269531,218964930
2022-09-15,117.83324432373047,122.60118103027344,116.85348510742188,120.22850799560547,264217879
2022-09-16,119.55599212646484,120.5905532836914,116.7967529296875,117.84430694580078,226130263
2022-09-17,122.25165557861328,123.08463287353516,119.5562515258789,119.56733703613281,197971193
2022-09-18,111.87236785888672,122.25377655029297,111.80294799804688,122.23072052001953,223851169
2022-09-19,112.22876739501953,113.0849838256836,107.20182037353516,111.86649322509766,259524012
2022-09-20,112.89227294921875,114.54669952392578,111.4539794921875,112.2433853149414,234825794
2022-09-21,109.46312713623047,118.52194213867188,109.16825866699219,112.8823013305664,288706877
2022-09-22,116.53922271728516,116.62836456298828,109.10491180419922,109.51184844970703,224536083
2022-09-23,120.06118774414062,120.22712707519531,113.30078125,116.53593444824219,284423405
2022-09-24,117.92076873779297,121.75325012207031,117.92076873779297,120.05921173095703,246871367
2022-09-25,113.50005340576172,118.33419036865234,112.7156753540039,117.92256164550781,231914637
2022-09-26,116.20259857177734,117.07710266113281,112.90509796142578,113.49515533447266,262464085
2022-09-27,114.40727996826172,120.15240478515625,112.85289001464844,116.2104721069336,287910263
2022-09-28,114.26228332519531,115.55818176269531,110.7281265258789,114.3796615600586,257950036
2022-09-29,116.74011993408203,117.5637435913086,114.03397369384766,114.25148010253906,271450641
2022-09-30,120.04029846191406,124.2698974609375,115.7625503540039,116.74517822265625,363557308
2022-10-01,117.18318939208984,120.72686767578125,116.1815414428711,120.02217102050781,202425471
2022-10-02,114.40396881103516,118.35503387451172,114.30953979492188,117.1717758178711,207890715
2022-10-03,116.26018524169922,116.3698501586914,114.10417175292969,114.41100311279297,197753341
2022-10-04,121.24559783935547,121.86060333251953,115.75715637207031,116.25691986083984,214269001
2022-10-05,122.21883392333984,123.32848358154297,119.32728576660156,121.24244689941406,188639642
2022-10-06,118.43882751464844,123.50678253173828,118.2146224975586,122.22779846191406,181434060
2022-10-07,116.79872131347656,120.09689331054688,115.85426330566406,118.43875885009766,178326597
2022-10-08,116.97750854492188,118.26995849609375,115.8260269165039,116.78759765625,149502325
2022-10-09,117.22793579101562,118.26921081542969,116.7435073852539,116.96251678466797,158347102
2022-10-10,111.73036193847656,117.91719818115234,111.73036193847656,117.23260498046875,185761107
2022-10-11,111.11306762695312,112.2020263671875,109.89740753173828,111.71949005126953,186705924
2022-10-12,111.90184020996094,112.31439208984375,110.90469360351562,111.1182861328125,181789992
2022-10-13,108.9775390625,112.67304992675781,103.09095001220703,111.89546203613281,322998475
2022-10-14,107.54891204833984,111.62824249267578,106.99946594238281,108.96894073486328,211846099
2022-10-15,108.06718444824219,109.21321868896484,107.053466796875,107.54191589355469,167106067
2022-10-16,110.33349609375,110.83837890625,108.0539779663086,108.06999206542969,177467027
2022-10-17,110.58451080322266,111.3413314819336,109.40902709960938,110.32730102539062,185301371
2022-10-18,108.72208404541016,111.34130859375,107.51143646240234,110.57402801513672,216478780
2022-10-19,106.15585327148438,108.8679428100586,106.04267120361328,108.72764587402344,161389501
2022-10-20,106.39016723632812,108.72136688232422,105.47393035888672,106.13892364501953,170432867
2022-10-21,107.005615234375,107.24495697021484,103.54673767089844,106.39215850830078,204900553
2022-10-22,108.70037078857422,110.21695709228516,106.4119873046875,107.01490020751953,181042453
2022-10-23,110.88642120361328,110.90238189697266,108.03186798095703,108.70198822021484,185071846
2022-10-24,107.93132781982422,111.04734802246094,107.65222930908203,110.88728332519531,206923841
2022-10-25,112.79578399658203,113.90664672851562,107.86619567871094,107.93101501464844,215642849
2022-10-26,114.58954620361328,116.09902954101562,112.30210876464844,112.7738037109375,397995808
2022-10-27,112.5551528930664,116.72188568115234,112.15926361083984,114.59052276611328,443888620
2022-10-28,115.57781219482422,116.00935363769531,111.3401107788086,112.55474090576172,487781698
2022-10-29,118.45816802978516,120.25391387939453,115.50811004638672,115.56564331054688,533574676
2022-10-30,116.28987884521484,119.95218658447266,114.97639465332031,118.4579849243164,471100285
2022-10-31,115.10994720458984,117.61257934570312,113.86984252929688,116.27051544189453,444780235
2022-11-01,115.00502014160156,116.37054443359375,114.20447540283203,115.11144256591797,456423614
2022-11-02,113.50633239746094,121.1754379272461,112.5083999633789,115.0004653930664,648808851
2022-11-03,115.75762939453125,119.702392578125,113.41776275634766,113.5219497680664,548999513
2022-11-04,123.98335266113281,124.08401489257812,115.3351821899414,115.73127746582031,657069486
2022-11-05,123.7420425415039,125.38790893554688,122.96342468261719,124.03108215332031,430694834
2022-11-06,116.6838607788086,123.99832916259766,116.6632080078125,123.74714660644531,342636984
2022-11-07,117.71343994140625,119.266845703125,115.67745971679688,116.69001007080078,340585029
2022-11-08,103.18102264404297,118.59906005859375,98.8423843383789,117.70523834228516,735395027
2022-11-09,89.35179138183594,103.76367950439453,88.28638458251953,103.17924499511719,677592889
2022-11-10,102.8276596069336,105.60553741455078,88.5364990234375,89.36911010742188,451189311
2022-11-11,102.73115539550781,106.03107452392578,100.10420989990234,102.81922912597656,291046683
2022-11-12,102.31828308105469,102.86994171142578,98.55187225341797,102.74868774414062,197959492
2022-11-13,99.6465072631836,103.2238540649414,98.83106231689453,102.31814575195312,209882318
2022-11-14,103.64167785644531,104.37651824951172,97.20249938964844,99.62444305419922,275594444
2022-11-15,103.85900115966797,105.89313507080078,102.7137451171875,103.63751220703125,205752751
2022-11-16,104.47737121582031,109.08802032470703,103.1513900756836,103.83893585205078,239230175
2022-11-17,103.75926971435547,105.08018493652344,101.84808349609375,104.47183227539062,206654312
2022-11-18,104.72098541259766,105.4571533203125,103.74243927001953,103.75897979736328,173437211
2022-11-19,104.81979370117188,105.96793365478516,104.20748138427734,104.72036743164062,168724308
2022-11-20,104.89090728759766,107.28529357910156,103.56488037109375,104.829833984375,248473934
2022-11-21,103.24916076660156,106.98649597167969,101.27698516845703,104.89754486083984,315062965
2022-11-22,108.96452331542969,109.03255462646484,103.2032241821289,103.23087310791016,277512212
2022-11-23,114.89168548583984,118.60111236572266,108.64448547363281,108.97443389892578,364874328
2022-11-24,115.91899108886719,118.03813934326172,113.3403091430664,114.89715576171875,289855568
2022-11-25,113.82330322265625,116.01782989501953,113.31498718261719,115.90702819824219,206165000
2022-11-26,112.44127655029297,115.53800201416016,111.86370086669922,113.8143081665039,192168490
2022-11-27,111.24122619628906,113.37995147705078,111.1554183959961,112.44275665283203,154665479
2022-11-28,110.08090209960938,111.90184020996094,106.73121643066406,111.22572326660156,194956339
2022-11-29,111.11190032958984,112.78677368164062,109.59091186523438,110.0762939453125,175021732
2022-11-30,113.3907241821289,114.20293426513672,110.86798858642578,111.12239837646484,188335842
2022-12-01,110.30767059326172,113.59993743896484,110.07878112792969,113.39045715332031,170949348
2022-12-02,111.93447875976562,112.01112365722656,108.92417907714844,110.31117248535156,153274799
2022-12-03,109.8917465209961,111.9885482788086,109.82218933105469,111.9526596069336,127942793
2022-12-04,111.15482330322266,111.70801544189453,109.81670379638672,109.87963104248047,145041966
2022-12-05,110.39720916748047,116.64049530029297,110.12029266357422,111.15161895751953,203082882
2022-12-06,112.0299301147461,112.0383529663086,110.4009017944336,110.4009017944336,159142305
2022-12-07,109.19988250732422,112.52519226074219,108.2646484375,112.02080535888672,156533462
2022-12-08,111.8478775024414,112.1712646484375,108.69202423095703,109.20304870605469,148391126
2022-12-09,109.74801635742188,112.14392852783203,109.24539947509766,111.84178924560547,131120607
2022-12-10,109.072509765625,110.4372329711914,109.0523910522461,109.75948333740234,96665780
2022-12-11,106.33975219726562,109.90103149414062,106.26458740234375,109.08782958984375,239688863
2022-12-12,106.24568176269531,106.69380950927734,104.06452941894531,106.3313980102539,136423089
2022-12-13,110.03935241699219,110.9366455078125,104.25849914550781,106.2626953125,202881888
2022-12-14,109.1084976196289,110.9014663696289,108.26531219482422,110.03510284423828,144048921
2022-12-15,107.25273895263672,109.8188705444336,107.0213394165039,109.08771514892578,135525935
2022-12-16,100.19449615478516,107.76815795898438,99.82524871826172,107.25457000732422,164515036
2022-12-17,103.08944702148438,103.14740753173828,99.31485748291016,100.18516540527344,141948275
2022-12-18,102.10164642333984,103.25364685058594,101.79448699951172,103.09065246582031,82518306
2022-12-19,98.55999755859375,102.84908294677734,98.55999755859375,102.09603118896484,134472213
2022-12-20,101.79222869873047,102.25901794433594,98.56092834472656,98.56775665283203,124604132
2022-12-21,100.34043884277344,102.17839813232422,100.09610748291016,101.77903747558594,102295161
2022-12-22,101.35968780517578,101.36163330078125,99.5865478515625,100.3486328125,101874609
2022-12-23,101.9491958618164,102.5707778930664,101.28588104248047,101.36235046386719,95474710
2022-12-24,101.8064193725586,102.63886260986328,101.73106384277344,101.95374298095703,68743900
2022-12-25,101.35171508789062,102.005859375,99.95372772216797,101.80876922607422,89486065
2022-12-26,103.38439178466797,103.42463684082031,100.99940490722656,101.35447692871094,94382578
2022-12-27,101.69137573242188,103.59049987792969,101.52075958251953,103.382568359375,99717575
2022-12-28,99.17676544189453,102.42744445800781,98.95903015136719,101.70286560058594,121739372
2022-12-29,98.40066528320312,100.16041564941406,97.71018981933594,99.16822814941406,117365942
2022-12-30,96.6463394165039,98.45028686523438,95.72980499267578,98.40699005126953,147217395
2022-12-31,97.0721435546875,98.28890991210938,96.52781677246094,96.64940643310547,99844577
2023-01-01,96.95507049560547,97.47777557373047,96.47205352783203,97.0744857788086,77861035
2023-01-02,99.31005096435547,100.17461395263672,95.8727798461914,96.95294189453125,114241757
2023-01-03,99.64935302734375,100.3274154663086,98.94808959960938,99.30143737792969,110701275
2023-01-04,101.48273468017578,102.29463195800781,99.58446502685547,99.64814758300781,147986336
2023-01-05,101.08454895019531,103.26126861572266,100.99300384521484,101.48712158203125,139283849
2023-01-06,101.62651062011719,101.76496124267578,98.44566345214844,101.08406066894531,147863090
2023-01-07,101.51829528808594,102.0927734375,101.41241455078125,101.62449645996094,106519970
2023-01-08,103.42367553710938,103.42367553710938,101.06768798828125,101.50849914550781,115698170
2023-01-09,107.11087036132812,107.60820770263672,103.4423828125,103.4423828125,196600228
2023-01-10,107.45953369140625,108.61373901367188,106.02980041503906,107.09615325927734,162339916
2023-01-11,109.7518081665039,109.75764465332031,105.69137573242188,107.45477294921875,151126033
2023-01-12,119.71046447753906,123.86819458007812,108.15975952148438,110.87028503417969,335419197
2023-01-13,124.35079956054688,126.6856918334961,118.21669006347656,119.71163940429688,267055371
2023-01-14,125.94871520996094,130.49806213378906,122.83958435058594,124.34815979003906,301481038
2023-01-15,124.90913391113281,126.73342895507812,121.97691345214844,125.94404602050781,223512411
2023-01-16,123.95055389404297,126.85258483886719,120.82077026367188,124.90596771240234,229264592
2023-01-17,122.8044662475586,125.16626739501953,122.33356475830078,123.96053314208984,182486972
2023-01-18,119.09417724609375,126.68327331542969,117.69266510009766,122.80783081054688,239576877
2023-01-19,121.66796112060547,122.22209167480469,118.9578628540039,119.08183288574219,173405717
2023-01-20,127.90760803222656,127.90760803222656,120.56047058105469,121.66154479980469,183173886
2023-01-21,128.22267150878906,133.2876739501953,126.76421356201172,127.92733001708984,251243207
2023-01-22,128.63442993164062,132.2273406982422,127.642578125,128.22056579589844,205987418
2023-01-23,133.3980712890625,137.0502471923828,128.55967712402344,128.62730407714844,248410473
2023-01-24,128.29624938964844,136.70040893554688,127.37958526611328,133.37171936035156,216925422
2023-01-25,131.89364624023438,133.88150024414062,126.00745391845703,128.31671142578125,197388003
2023-01-26,134.0192108154297,134.57908630371094,130.2814178466797,131.86412048339844,226363781
2023-01-27,134.9151153564453,136.072998046875,132.42373657226562,134.01463317871094,191933573
2023-01-28,132.6318359375,135.56980895996094,131.8209991455078,134.923828125,168595111
2023-01-29,136.7196807861328,137.99317932128906,132.1691131591797,132.6301727294922,208860844
2023-01-30,130.90599060058594,136.7164306640625,128.4717559814453,136.7164306640625,203674676
2023-01-31,133.396728515625,135.4885711669922,130.83201599121094,130.90956115722656,186997808
2023-02-01,136.29177856445312,136.63409423828125,130.31268310546875,133.3712158203125,182482657
2023-02-02,136.686279296875,142.75672912597656,136.10418701171875,136.2833251953125,224622869
2023-02-03,137.89990234375,139.35354614257812,136.64466857910156,136.64466857910156,172264478
2023-02-04,138.27224731445312,139.81398010253906,136.6641845703125,137.8858642578125,151670335
2023-02-05,134.46292114257812,138.29440307617188,133.27552795410156,138.27313232421875,160929294
2023-02-06,131.60269165039062,134.9373321533203,131.00123596191406,134.4541778564453,117258317
2023-02-07,135.96920776367188,136.3541259765625,131.49749755859375,131.5977325439453,199061198
2023-02-08,131.4954376220703,136.50962829589844,130.4174346923828,135.95703125,207253748
2023-02-09,126.42708587646484,132.32308959960938,124.37360382080078,131.5137939453125,289805877
2023-02-10,124.68172454833984,129.66204833984375,124.55350494384766,126.43303680419922,224126509
2023-02-11,124.76457977294922,125.28033447265625,123.62129211425781,124.6928482055664,189062240
2023-02-12,122.90042877197266,126.45134735107422,122.4636459350586,124.7678451538086,174302815
2023-02-13,123.85804748535156,124.5579833984375,120.56654357910156,122.89067840576172,225101293
2023-02-14,126.73186492919922,126.95184326171875,123.61554718017578,123.86532592773438,192113583
2023-02-15,134.57415771484375,134.80882263183594,125.29740142822266,126.71821594238281,226653099
2023-02-16,128.01425170898438,135.5973663330078,127.94306945800781,134.56591796875,231794695
2023-02-17,133.4793243408203,134.204345703125,127.86672973632812,128.0281524658203,225368493
2023-02-18,136.1602783203125,137.985107421875,133.44790649414062,133.4707489013672,206167566
2023-02-19,135.9656524658203,140.15591430664062,135.052490234375,136.16525268554688,240426539
2023-02-20,144.5414276123047,148.12612915039062,134.55328369140625,136.0170440673828,327748035
2023-02-21,145.24305725097656,152.71278381347656,143.77142333984375,144.63735961914062,398335317
2023-02-22,141.8830108642578,145.44473266601562,137.5940399169922,145.22683715820312,250108636
2023-02-23,138.9110870361328,143.56863403320312,138.13699340820312,141.88668823242188,222393001
2023-02-24,132.81246948242188,139.43423461914062,131.14381408691406,138.90097045898438,228991182
2023-02-25,133.2133331298828,134.9259796142578,130.3597412109375,132.82618713378906,214694693
2023-02-26,136.25645446777344,137.22972106933594,132.5061798095703,133.2205810546875,200257985
2023-02-27,135.12850952148438,137.95849609375,133.92288208007812,136.25704956054688,204642631
2023-02-28,131.9375,135.1755828857422,131.12203979492188,135.13832092285156,190165456
2023-03-01,134.23985290527344,135.51455688476562,131.84999084472656,131.9423828125,183285053
2023-03-02,131.7173309326172,134.6017303466797,130.39126586914062,134.2328643798828,188615409
2023-03-03,126.12358856201172,131.8066864013672,122.92595672607422,131.73609924316406,209408774
2023-03-04,124.41452026367188,126.89268493652344,122.96395111083984,126.10914611816406,155554695
2023-03-05,124.03861236572266,126.19230651855469,123.68211364746094,124.40021514892578,154233890
2023-03-06,124.19681549072266,124.7051773071289,122.55391693115234,124.04170227050781,168642334
2023-03-07,122.15843963623047,125.57074737548828,120.778076171875,124.18941497802734,157880549
2023-03-08,116.58035278320312,122.50511169433594,116.05658721923828,122.15850830078125,179237916
2023-03-09,110.16059875488281,118.17166900634766,107.98392486572266,116.5932388305664,188052799
2023-03-10,111.6947250366211,111.90625,105.84867095947266,110.16297149658203,214896350
2023-03-11,114.32966613769531,115.27055358886719,109.07720184326172,111.68985748291016,221368661
2023-03-12,121.01817321777344,121.34819793701172,113.07484436035156,114.30207061767578,189202752
2023-03-13,127.04195404052734,128.4029541015625,120.0975570678711,121.01078796386719,240270537
2023-03-14,131.37879943847656,135.9808349609375,126.32328796386719,127.02955627441406,261083217
2023-03-15,123.4795913696289,133.86590576171875,122.70620727539062,131.39955139160156,217563688
2023-03-16,126.14076232910156,126.84265899658203,122.98088836669922,123.5221176147461,189331326
2023-03-17,135.60182189941406,135.72415161132812,125.45475006103516,126.14303588867188,204223180
2023-03-18,131.30953979492188,137.94009399414062,131.1678009033203,135.59963989257812,192852739
2023-03-19,136.12599182128906,137.09495544433594,131.29185485839844,131.29185485839844,198906416
2023-03-20,130.60391235351562,138.40077209472656,130.37515258789062,136.1090545654297,213053042
2023-03-21,134.4617462158203,134.47369384765625,126.68700408935547,130.6146697998047,211002763
2023-03-22,126.23603057861328,134.45660400390625,124.2077865600586,134.45660400390625,216060192
2023-03-23,128.81271362304688,131.03955078125,125.1238784790039,126.23396301269531,195367902
2023-03-24,123.89299011230469,131.52862548828125,122.70757293701172,128.8096923828125,206632553
2023-03-25,125.15267944335938,127.41072082519531,123.6475830078125,123.90516662597656,154714176
2023-03-26,124.87345886230469,126.98897552490234,123.92925262451172,125.14630889892578,143248028
2023-03-27,120.26806640625,124.97805786132812,117.6333999633789,124.8816909790039,171497739
2023-03-28,121.0765380859375,122.0781478881836,119.35499572753906,120.27671813964844,155374918
2023-03-29,123.31118774414062,124.57280731201172,120.7744140625,121.057861328125,177348230
2023-03-30,121.12210845947266,125.03609466552734,119.40419006347656,123.30099487304688,160162686
2023-03-31,124.0087890625,124.45124053955078,120.6257095336914,121.13058471679688,115946660
2023-04-01,125.57304382324219,127.22975158691406,123.76513671875,123.99665832519531,115075829
2023-04-02,123.0359878540039,126.44453430175781,121.71800231933594,126.27365112304688,111112400
2023-04-03,127.8363037109375,129.1506805419922,120.54287719726562,123.03254699707031,185604852
2023-04-04,127.13724517822266,128.1963653564453,126.11027526855469,127.82356262207031,120449269
2023-04-05,127.248291015625,129.70375061035156,125.85992431640625,127.13910675048828,120721406
2023-04-06,126.07366180419922,127.41560363769531,125.36700439453125,127.26790618896484,99703664
2023-04-07,124.68407440185547,126.43966674804688,123.52352142333984,126.05229949951172,96333613
2023-04-08,123.81997680664062,125.1849365234375,123.186767578125,124.66111755371094,78481532
2023-04-09,125.55250549316406,126.25458526611328,123.63601684570312,123.83234405517578,80526038
2023-04-10,127.98754119873047,128.42662048339844,124.3585205078125,125.54425811767578,104181884
2023-04-11,129.1404571533203,130.25860595703125,127.65845489501953,127.99317169189453,112965138
2023-04-12,128.86749267578125,129.7500762939453,126.03642272949219,129.14480590820312,106621583
2023-04-13,131.23565673828125,131.74497985839844,128.26513671875,128.84646606445312,116155822
2023-04-14,132.49490356445312,134.2668914794922,129.3147430419922,131.23464965820312,133266699
2023-04-15,132.8057861328125,133.42129516601562,131.06040954589844,132.4980010986328,108023622
2023-04-16,134.45375061035156,135.97410583496094,131.73904418945312,132.79678344726562,114434126
2023-04-17,131.61575317382812,134.5218048095703,130.90411376953125,134.45957946777344,117754450
2023-04-18,133.6016845703125,134.13430786132812,130.82798767089844,131.6226806640625,112024509
2023-04-19,125.0929183959961,133.78382873535156,123.9428482055664,133.58773803710938,157215946
2023-04-20,123.1105728149414,126.64337158203125,121.83165740966797,125.08243560791016,134532218
2023-04-21,119.75077056884766,124.77409362792969,118.7155532836914,123.11222076416016,110461167
2023-04-22,122.23889923095703,122.72952270507812,119.31961822509766,119.77680206298828,94924148
2023-04-23,119.92919158935547,122.68909454345703,118.71318054199219,122.22671508789062,91823882
2023-04-24,119.3284683227539,121.47904968261719,118.9468765258789,119.93231964111328,98481284
2023-04-25,120.19910430908203,120.27501678466797,116.95551300048828,119.3241195678711,104909569
2023-04-26,117.64835357666016,123.26006317138672,113.56391143798828,120.19685363769531,143569349
2023-04-27,117.19754791259766,120.1869125366211,116.81465911865234,117.6396255493164,136186814
2023-04-28,118.1279525756836,119.5025634765625,116.3344955444336,117.19674682617188,117268285
2023-04-29,119.74381256103516,120.17665100097656,117.84403991699219,118.13495635986328,86265849
2023-04-30,118.2165756225586,120.86781311035156,118.13014221191406,119.7508773803711,92003173
2023-05-01,116.97727966308594,118.34700775146484,115.56806945800781,118.20101928710938,97056942
2023-05-02,119.24887084960938,119.6126937866211,116.57661437988281,116.9762191772461,101423192
2023-05-03,120.1817855834961,120.66403198242188,116.28373718261719,119.24288940429688,102663343
2023-05-04,117.41165924072266,120.20890045166016,116.8066177368164,120.19017791748047,83667384
2023-05-05,120.19355773925781,120.78536224365234,117.38033294677734,117.41212463378906,93400228
2023-05-06,117.20550537109375,120.59375,116.11336517333984,120.18638610839844,90952873
2023-05-07,116.38961791992188,117.79627227783203,116.38961791992188,117.19335174560547,71934748
2023-05-08,111.40475463867188,116.8814697265625,109.02898406982422,116.37496948242188,119230714
2023-05-09,121.97784423828125,123.12947845458984,110.50508880615234,111.39715576171875,276567847
2023-05-10,116.04965209960938,123.0340347290039,113.63188934326172,121.98238372802734,206713571
2023-05-11,113.51126861572266,116.03923034667969,111.41511535644531,116.03923034667969,139247989
2023-05-12,114.97211456298828,115.3658676147461,113.03427124023438,113.5074462890625,108355859
2023-05-13,113.11613464355469,114.9762191772461,112.79267120361328,114.9762191772461,77921601
2023-05-14,115.3438491821289,115.7791519165039,113.08320617675781,113.10901641845703,84333105
2023-05-15,116.27071380615234,120.51783752441406,114.79011535644531,115.34205627441406,143879936
2023-05-16,116.86369323730469,117.41980743408203,114.4301986694336,116.28119659423828,88554667
2023-05-17,118.00822448730469,118.49752044677734,115.56668090820312,116.85653686523438,97673648
2023-05-18,115.42849731445312,118.0111312866211,113.2307357788086,118.0111312866211,86139584
2023-05-19,115.52147674560547,115.9881820678711,114.83465576171875,115.4210433959961,64504684
2023-05-20,116.541748046875,116.91334533691406,114.72563934326172,115.520263671875,61950575
2023-05-21,114.65476989746094,117.0296401977539,114.11856079101562,116.5412368774414,67675864
2023-05-22,114.77024841308594,115.14219665527344,113.29194641113281,114.65548706054688,80933304
2023-05-23,115.65068054199219,117.16720581054688,114.74903869628906,114.77698516845703,71203726
2023-05-24,112.18870544433594,115.69325256347656,111.44461822509766,115.65226745605469,80839475
2023-05-25,111.94451904296875,112.25404357910156,110.38585662841797,112.18096160888672,75859761
2023-05-26,113.27008819580078,113.69449615478516,111.6744384765625,111.9407730102539,69641876
2023-05-27,113.9607162475586,114.05895233154297,112.58280181884766,113.26864624023438,55854303
2023-05-28,116.52263641357422,116.68238830566406,113.84386444091797,113.95691680908203,73381272
2023-05-29,114.98091125488281,117.12191772460938,114.8222885131836,116.53467559814453,82696686
2023-05-30,114.1355972290039,115.66507720947266,114.13395690917969,114.98673248291016,69575018
2023-05-31,113.2657241821289,114.27890014648438,112.24971771240234,114.12879180908203,71106387
2023-06-01,113.36608123779297,113.53516387939453,111.89897155761719,113.26417541503906,64956487
2023-06-02,114.82804107666016,115.18627166748047,113.05077362060547,113.36264038085938,72689135
2023-06-03,114.92384338378906,115.26109313964844,114.40544128417969,114.83375549316406,53934925
2023-06-04,115.72877502441406,116.89872741699219,114.31421661376953,114.9229507446289,68360725
2023-06-05,108.79646301269531,115.73091888427734,107.725341796875,115.73091888427734,99469541
2023-06-06,114.7855453491211,114.7855453491211,107.83457946777344,108.79667663574219,112721019
2023-06-07,111.18528747558594,116.5185546875,110.32062530517578,114.7878646850586,94236952
2023-06-08,111.77751159667969,112.37896728515625,110.57411193847656,111.17951965332031,65358199
2023-06-09,110.77734375,111.91803741455078,109.85965728759766,111.77901458740234,64126457
2023-06-10,103.61753845214844,110.89964294433594,95.77547454833984,110.77982330322266,161603092
2023-06-11,102.82831573486328,103.62835693359375,101.95978546142578,103.61819458007812,71123670
2023-06-12,102.72838592529297,103.96629333496094,101.33891296386719,102.8225326538086,65344006
2023-06-13,105.27336883544922,106.32384490966797,102.32183837890625,102.73148345947266,77407090
2023-06-14,101.79300689697266,106.15538024902344,100.99095916748047,105.27320861816406,70788287
2023-06-15,104.71800994873047,104.9529037475586,101.77647399902344,101.79540252685547,77778724
2023-06-16,108.06197357177734,108.714111328125,103.0882797241211,104.71918487548828,69319354
2023-06-17,106.69098663330078,108.23835754394531,106.27552032470703,108.06572723388672,64072141
2023-06-18,107.03558349609375,108.54192352294922,106.03642272949219,106.68592071533203,68252712
2023-06-19,106.7096939086914,107.19145965576172,105.04447174072266,107.0440902709961,63266436
2023-06-20,109.89054870605469,110.29856872558594,105.38333892822266,106.71080017089844,77606253
2023-06-21,136.005615234375,138.78076171875,109.88082122802734,109.89236450195312,555415604
2023-06-22,133.963623046875,146.69943237304688,130.27850341796875,135.9871826171875,382972945
2023-06-23,181.7744598388672,190.91835021972656,133.7311248779297,133.96011352539062,1124083040
2023-06-24,213.7257537841797,215.22506713867188,180.18533325195312,181.7718048095703,1519570120
2023-06-25,195.39999389648438,216.93995666503906,187.7025146484375,213.628662109375,1050435537
2023-06-26,223.4814453125,228.25341796875,189.32142639160156,195.31451416015625,1431075211
2023-06-27,230.1822509765625,236.63523864746094,217.84918212890625,223.49639892578125,1194486314
2023-06-28,225.38499450683594,235.04385375976562,222.49575805664062,230.12522888183594,1022829188
2023-06-29,253.4472198486328,253.50723266601562,224.6776123046875,225.36386108398438,1081990101
2023-06-30,305.0069580078125,326.1219177246094,253.13870239257812,253.4526824951172,3266168960
2023-07-01,290.7802734375,307.9686279296875,283.6842956542969,305.00531005859375,1228271488
2023-07-02,298.8141174316406,304.4624328613281,270.1523742675781,290.8076477050781,1444350172
2023-07-03,288.7218322753906,300.9984130859375,281.6044006347656,298.8041687011719,779631399
2023-07-04,272.4275817871094,291.171630859375,272.1070251464844,289.1444396972656,576532823
2023-07-05,271.9447021484375,277.7300109863281,250.22689819335938,272.49114990234375,968548029
2023-07-06,277.2987365722656,300.8526916503906,268.8232727050781,271.8865661621094,1458427854
2023-07-07,278.42181396484375,287.8769226074219,274.88885498046875,277.3536682128906,737064205
2023-07-08,271.9184875488281,282.1136779785156,262.94415283203125,278.38909912109375,470898805
2023-07-09,265.5489807128906,277.9119873046875,263.9962158203125,271.92633056640625,400133279
2023-07-10,274.58551025390625,286.04412841796875,261.56915283203125,265.5678405761719,756800670
2023-07-11,274.0305480957031,276.858642578125,271.44122314453125,274.5970458984375,334511106
2023-07-12,282.50115966796875,289.49212646484375,273.26611328125,274.0299987792969,644274214
2023-07-13,274.3050231933594,287.49932861328125,270.3282775878906,282.4942626953125,872446208
2023-07-14,264.3955078125,277.3254699707031,257.5531005859375,274.28875732421875,579193830
2023-07-15,253.33291625976562,264.36029052734375,248.2893829345703,264.36029052734375,365742268
2023-07-16,249.92123413085938,260.3437805175781,249.87522888183594,253.3818817138672,379661094
2023-07-17,242.3697052001953,254.0129852294922,236.71751403808594,249.9383544921875,353367690
2023-07-18,244.37628173828125,247.2397918701172,232.76161193847656,242.36572265625,409074431
2023-07-19,244.3693389892578,250.96925354003906,241.8146209716797,244.32321166992188,303356781
2023-07-20,244.0637969970703,247.33538818359375,241.1842498779297,244.35427856445312,310023091
2023-07-21,246.22056579589844,247.98086547851562,242.1670379638672,244.0611572265625,193465961
2023-07-22,239.2456817626953,247.59059143066406,238.67251586914062,246.22207641601562,162239993
2023-07-23,249.65774536132812,254.08522033691406,238.8908233642578,239.28050231933594,294423444
2023-07-24,238.61561584472656,252.70452880859375,236.57998657226562,249.6449432373047,270198822
2023-07-25,237.52088928222656,238.61776733398438,233.00253295898438,238.61776733398438,201128778
2023-07-26,241.8631134033203,243.796142578125,234.3982696533203,237.51893615722656,241690654
2023-07-27,244.65963745117188,249.2808380126953,241.31076049804688,241.8681640625,223970540
2023-07-28,241.77761840820312,245.08108520507812,241.7198028564453,244.7002716064453,133161572
2023-07-29,242.0587921142578,242.2247772216797,239.24667358398438,241.7145538330078,134092120
2023-07-30,252.8351287841797,254.76644897460938,241.33079528808594,242.0558319091797,399871336
2023-07-31,248.18545532226562,258.30255126953125,247.89816284179688,252.83694458007812,343798443
2023-08-01,244.7663116455078,248.42913818359375,239.8754425048828,248.1859588623047,255860410
2023-08-02,228.94781494140625,245.9175262451172,226.36978149414062,244.75460815429688,310823027
2023-08-03,225.4103240966797,231.13543701171875,224.84500122070312,228.97879028320312,225984833
2023-08-04,227.18479919433594,229.17935180664062,222.11175537109375,225.392333984375,218453673
2023-08-05,226.7115936279297,228.0386962890625,223.5219268798828,227.17276000976562,155052135
2023-08-06,222.56349182128906,227.89476013183594,221.96189880371094,226.71044921875,136600537
2023-08-07,237.73924255371094,242.2850799560547,219.27317810058594,222.56114196777344,716073059
2023-08-08,239.6984405517578,248.29403686523438,235.0997314453125,237.72909545898438,452286436
2023-08-09,238.32643127441406,239.44285583496094,234.91661071777344,239.44285583496094,578838605
2023-08-10,231.9976043701172,239.74339294433594,230.94570922851562,238.33294677734375,267558366
2023-08-11,228.98910522460938,232.64938354492188,227.55056762695312,232.00347900390625,182824624
2023-08-12,228.5760498046875,230.568603515625,227.7435760498047,228.9954833984375,111690005
2023-08-13,228.3480682373047,230.76727294921875,226.15167236328125,228.57846069335938,130752324
2023-08-14,230.12991333007812,230.72901916503906,226.29127502441406,228.34414672851562,146707563
2023-08-15,228.54771423339844,236.5824737548828,228.49118041992188,230.1249237060547,311130308
2023-08-16,207.95086669921875,230.66397094726562,204.43946838378906,228.55584716796875,310736141
2023-08-17,184.4539794921875,210.67709350585938,173.42864990234375,207.94644165039062,397195864
2023-08-18,187.28445434570312,189.0137939453125,179.556396484375,184.42022705078125,270514217
2023-08-19,186.96714782714844,191.25552368164062,185.3497314453125,187.2941436767578,186899193
2023-08-20,188.9172821044922,190.4613494873047,186.91212463378906,186.96737670898438,147977614
2023-08-21,186.077392578125,193.6125946044922,183.70645141601562,188.90274047851562,181788058
2023-08-22,184.73858642578125,187.0749053955078,180.67996215820312,186.05503845214844,150252025
2023-08-23,193.66152954101562,195.92385864257812,184.71363830566406,184.74322509765625,173286459
2023-08-24,194.4614715576172,194.5178985595703,189.0657196044922,193.67213439941406,137341529
2023-08-25,192.05203247070312,194.44361877441406,188.98114013671875,194.44361877441406,139896933
2023-08-26,190.15110778808594,192.0515899658203,189.12867736816406,192.0515899658203,89396996
2023-08-27,198.01083374023438,200.03195190429688,190.07078552246094,190.14862060546875,133931468
2023-08-28,190.41270446777344,198.0061492919922,188.47210693359375,198.0061492919922,154008890
2023-08-29,224.17674255371094,227.03465270996094,189.10975646972656,190.41627502441406,473894980
2023-08-30,215.93649291992188,225.12249755859375,212.38287353515625,224.32742309570312,281864292
2023-08-31,207.48777770996094,222.1581573486328,204.27932739257812,215.9506378173828,358274720
2023-09-01,199.63319396972656,210.3929901123047,198.59942626953125,207.49237060546875,208560401
2023-09-02,195.1054229736328,201.04425048828125,191.97984313964844,199.63710021972656,162289264
2023-09-03,196.30442810058594,197.59011840820312,192.00108337402344,195.1471710205078,136468819
2023-09-04,193.5686492919922,198.6370391845703,190.9085235595703,196.2878875732422,157433175
2023-09-05,192.0220489501953,194.38229370117188,189.67771911621094,193.55810546875,129307973
2023-09-06,193.0559844970703,194.93846130371094,190.7523956298828,192.03500366210938,119644090
2023-09-07,193.3433074951172,194.13768005371094,190.34921264648438,193.0598907470703,120002022
2023-09-08,193.10623168945312,196.59518432617188,191.2184295654297,193.36190795898438,155951873
2023-09-09,193.10830688476562,195.44728088378906,191.2529754638672,193.1055908203125,93793587
2023-09-10,190.58035278320312,193.11244201660156,187.24574279785156,193.11244201660156,132343527
2023-09-11,183.90966796875,191.255126953125,181.37893676757812,190.57437133789062,165103031
2023-09-12,198.82443237304688,208.52691650390625,183.91372680664062,183.91372680664062,342890549
2023-09-13,199.8748779296875,203.04437255859375,196.74948120117188,198.81822204589844,240819278
2023-09-14,207.90626525878906,209.80738830566406,199.26585388183594,199.8761749267578,243097950
2023-09-15,217.23646545410156,219.9273223876953,206.8768310546875,207.8956298828125,322686773
2023-09-16,215.16744995117188,222.7919921875,213.53292846679688,217.22994995117188,192483371
2023-09-17,209.76336669921875,215.1459197998047,206.61595153808594,215.1459197998047,157999942
2023-09-18,217.423828125,224.2794647216797,208.8319854736328,209.81539916992188,269553563
2023-09-19,219.08657836914062,221.96331787109375,215.48519897460938,217.43472290039062,191290308
2023-09-20,215.49688720703125,220.7642364501953,212.28439331054688,219.09213256835938,219665668
2023-09-21,208.66839599609375,215.514404296875,206.5900115966797,215.49313354492188,170527081
2023-09-22,207.82501220703125,209.8055419921875,205.77757263183594,208.65586853027344,132959007
2023-09-23,208.16177368164062,209.3193359375,207.0419464111328,207.829345703125,94613506
2023-09-24,204.7707061767578,209.81346130371094,204.58905029296875,208.1663818359375,104588724
2023-09-25,210.32069396972656,213.20062255859375,203.34912109375,204.7598419189453,143589850
2023-09-26,214.23219299316406,215.13829040527344,209.98638916015625,210.31277465820312,169779812
2023-09-27,228.83692932128906,234.943359375,213.76588439941406,214.243896484375,402387282
2023-09-28,239.1876983642578,244.46189880371094,228.34141540527344,228.85025024414062,423897095
2023-09-29,235.29722595214844,240.05589294433594,230.41085815429688,239.14198303222656,239398024
2023-09-30,234.35104370117188,237.89593505859375,232.4773712158203,235.29525756835938,153627677
2023-10-01,242.1915283203125,244.5816192626953,233.74014282226562,234.3290557861328,206197082
2023-10-02,246.634033203125,255.12184143066406,241.09402465820312,242.1822052001953,446812722
2023-10-03,230.07504272460938,250.7174835205078,228.78375244140625,246.6022186279297,302066948
2023-10-04,233.37852478027344,233.77845764160156,226.2657012939453,230.091796875,180040550
2023-10-05,231.29092407226562,234.44088745117188,226.46749877929688,233.38755798339844,160136435
2023-10-06,230.99559020996094,233.48422241210938,227.13223266601562,231.29733276367188,130776610
2023-10-07,230.31724548339844,236.0262908935547,229.1745147705078,230.99615478515625,119032840
2023-10-08,228.08560180664062,232.9198455810547,227.44378662109375,230.32528686523438,106051163
2023-10-09,218.43971252441406,228.97091674804688,213.69276428222656,228.08270263671875,183099157
2023-10-10,212.49974060058594,219.81903076171875,210.9920196533203,218.4388427734375,148956797
2023-10-11,214.02792358398438,215.5523223876953,209.36643981933594,212.4931182861328,150057573
2023-10-12,213.98365783691406,216.66778564453125,210.40618896484375,214.0261993408203,119489032
2023-10-13,217.254150390625,218.6187744140625,212.16441345214844,213.97679138183594,135722427
2023-10-14,214.63487243652344,218.11070251464844,214.597412109375,217.2523956298828,74662095
2023-10-15,215.15821838378906,216.36257934570312,213.1031494140625,214.63978576660156,83522313
2023-10-16,231.42636108398438,242.76766967773438,215.16754150390625,215.16754150390625,397121135
2023-10-17,226.79425048828125,231.74441528320312,225.17433166503906,231.41159057617188,175844414
2023-10-18,227.14825439453125,231.1865997314453,225.44956970214844,226.7928466796875,174678715
2023-10-19,227.4677276611328,233.3279266357422,225.5632781982422,227.12600708007812,147505814
2023-10-20,240.6028289794922,247.56344604492188,226.7420196533203,227.46690368652344,293140536
2023-10-21,243.60321044921875,245.59458923339844,238.50247192382812,240.6044158935547,169457976
2023-10-22,243.489501953125,253.179931640625,237.89869689941406,243.68594360351562,231961899
2023-10-23,260.6100769042969,262.5324401855469,241.05210876464844,243.5325164794922,373641365
2023-10-24,251.6548309326172,267.4948425292969,248.68112182617188,260.60491943359375,371213677
2023-10-25,254.08761596679688,259.3616638183594,249.2153778076172,251.67648315429688,215801794
2023-10-26,247.45997619628906,256.1741943359375,242.3446807861328,254.08673095703125,203108208
2023-10-27,239.43643188476562,247.45594787597656,235.29429626464844,247.45565795898438,164496329
2023-10-28,244.94923400878906,247.53321838378906,239.2245330810547,239.43507385253906,169505406
2023-10-29,246.32803344726562,249.17543029785156,243.250244140625,244.9572296142578,135591529
2023-10-30,246.09274291992188,250.21368408203125,242.50015258789062,246.31158447265625,155625496
2023-10-31,244.8642578125,248.4380340576172,238.71536254882812,246.0838165283203,187983060
2023-11-01,245.07037353515625,247.09188842773438,237.70703125,244.87728881835938,186486135
2023-11-02,235.52210998535156,248.63185119628906,233.14871215820312,245.06814575195312,227857558
2023-11-03,237.716064453125,240.46112060546875,232.49688720703125,235.5216522216797,174408959
2023-11-04,240.33096313476562,240.33096313476562,236.42079162597656,237.71817016601562,95444150
2023-11-05,238.23455810546875,242.97140502929688,235.64334106445312,240.33682250976562,152062842
2023-11-06,242.87181091308594,244.54510498046875,236.3286590576172,238.22946166992188,140253235
2023-11-07,244.0255889892578,250.72848510742188,238.6885528564453,242.8763427734375,247212999
2023-11-08,245.68943786621094,246.95645141601562,242.0862274169922,244.0125732421875,138118349
2023-11-09,239.7634735107422,256.8758850097656,229.57415771484375,245.67782592773438,386966813
2023-11-10,239.92774963378906,242.40130615234375,236.06268310546875,239.7845001220703,214502445
2023-11-11,236.4889678955078,241.23306274414062,234.3375244140625,239.93019104003906,163830006
2023-11-12,236.5060272216797,239.24740600585938,232.2759552001953,236.4996795654297,129707085
2023-11-13,234.7109832763672,239.75531005859375,233.67906188964844,236.53382873535156,205987752
2023-11-14,231.65615844726562,238.74281311035156,226.31558227539062,234.6934051513672,180833069
2023-11-15,238.07025146484375,238.10585021972656,230.50985717773438,231.655517578125,146261819
2023-11-16,234.1369171142578,244.09695434570312,231.9419403076172,238.0812530517578,217433523
2023-11-17,229.26284790039062,234.67518615722656,222.6617889404297,234.1421356201172,181426910
2023-11-18,227.48513793945312,229.5441131591797,222.41470336914062,229.2677764892578,127556133
2023-11-19,230.48040771484375,230.8810272216797,225.14996337890625,227.47976684570312,120262627
2023-11-20,226.49826049804688,230.53897094726562,226.01124572753906,230.4721221923828,132208553
2023-11-21,217.1041717529297,234.43490600585938,214.95733642578125,226.5194854736328,283335681
2023-11-22,224.07984924316406,224.62164306640625,216.43357849121094,217.10292053222656,176249941
2023-11-23,225.28274536132812,227.22381591796875,222.4351806640625,224.06143188476562,134136473
2023-11-24,226.50843811035156,228.7765655517578,224.9115447998047,225.28309631347656,140230461
2023-11-25,227.51412963867188,228.15225219726562,226.04714965820312,226.50355529785156,111650919
2023-11-26,226.91014099121094,229.61964416503906,223.9496612548828,227.5326690673828,128228138
2023-11-27,223.3904266357422,228.84693908691406,220.5201416015625,226.90158081054688,183614197
2023-11-28,223.45953369140625,224.70745849609375,220.21029663085938,223.38975524902344,156921548
2023-11-29,223.29359436035156,226.60647583007812,221.6746826171875,223.45541381835938,141670438
2023-11-30,221.5819091796875,223.51077270507812,220.77362060546875,223.29443359375,110706490
2023-12-01,225.21685791015625,226.0735321044922,221.11184692382812,221.57455444335938,117943685
2023-12-02,228.1851348876953,228.51177978515625,225.04412841796875,225.21560668945312,137656262
2023-12-03,230.08058166503906,232.3254852294922,225.68099975585938,228.19044494628906,199699086
2023-12-04,251.2904815673828,255.35446166992188,229.3080596923828,230.07464599609375,640822664
2023-12-05,251.51113891601562,252.0131378173828,238.8988037109375,251.3426055908203,312672388
2023-12-06,244.5463104248047,262.81658935546875,244.0297393798828,251.39767456054688,409184986
2023-12-07,246.98426818847656,248.85353088378906,240.57713317871094,244.57057189941406,216175162
2023-12-08,253.6110076904297,254.3800811767578,246.34347534179688,246.98558044433594,194865623
2023-12-09,252.7654571533203,261.1710510253906,251.6645965576172,253.6029052734375,235925661
2023-12-10,250.95263671875,255.09262084960938,246.04786682128906,252.7611083984375,157830189
2023-12-11,230.49122619628906,251.2843017578125,225.91896057128906,250.95709228515625,279165986
2023-12-12,232.0464324951172,234.68292236328125,227.2894744873047,230.48292541503906,184029167
2023-12-13,235.4631805419922,236.68734741210938,224.91677856445312,232.04022216796875,197906215
2023-12-14,237.323974609375,237.77565002441406,230.67572021484375,235.45223999023438,211489888
2023-12-15,226.94537353515625,237.3636016845703,226.7332000732422,237.32186889648438,178289292
2023-12-16,229.6128692626953,231.7813720703125,225.97218322753906,226.9547576904297,146876427
2023-12-17,225.9416961669922,230.3541259765625,225.38497924804688,229.6136016845703,154297340
2023-12-18,227.93328857421875,228.13385009765625,218.4354705810547,225.92616271972656,188493869
2023-12-19,225.1953125,230.33059692382812,223.2703094482422,227.93972778320312,165200963
2023-12-20,229.5563507080078,234.2230224609375,224.29859924316406,225.18447875976562,227716086
2023-12-21,233.1860809326172,234.29161071777344,228.88961791992188,229.5570526123047,162612095
2023-12-22,238.72718811035156,243.50137329101562,232.18165588378906,233.1705780029297,248327711
2023-12-23,233.23106384277344,238.7809295654297,230.74705505371094,238.72488403320312,187359813
2023-12-24,229.19573974609375,233.79177856445312,227.3707275390625,233.2312469482422,184178169
2023-12-25,234.9774627685547,236.9493408203125,228.53082275390625,229.20863342285156,191923180
2023-12-26,229.1773223876953,235.09072875976562,223.28289794921875,234.98663330078125,236094205
2023-12-27,264.08685302734375,264.5057067871094,227.21902465820312,229.1730194091797,596803711
2023-12-28,262.49664306640625,276.7077941894531,258.1340026855469,264.10595703125,696442353
2023-12-29,254.51272583007812,268.8082580566406,251.2141876220703,262.4530029296875,459219918
2023-12-30,271.1043395996094,286.23223876953125,254.39495849609375,254.49790954589844,660308285
2023-12-31,259.262939453125,271.7076416015625,256.4693908691406,271.0721740722656,315116101
2024-01-01,266.6159362792969,268.5260925292969,256.3830871582031,259.40106201171875,273011073
2024-01-02,256.9635009765625,270.48919677734375,255.38931274414062,266.6797790527344,300655768
2024-01-03,233.9602508544922,266.4560241699219,224.33746337890625,256.98046875,415537419
2024-01-04,239.56756591796875,240.0231170654297,233.66624450683594,233.97296142578125,221787623
2024-01-05,239.58287048339844,240.8262939453125,231.33975219726562,239.5657501220703,253547290
2024-01-06,236.0817413330078,242.78836059570312,232.0385284423828,239.5755157470703,212617756
2024-01-07,232.1685028076172,239.55665588378906,230.74322509765625,236.08462524414062,194108741
2024-01-08,253.89999389648438,255.49240112304688,223.16659545898438,232.191650390625,375612797
2024-01-09,245.189453125,256.5728759765625,240.5681915283203,253.92974853515625,351740119
2024-01-10,254.23910522460938,259.7375793457031,235.00277709960938,245.1351318359375,326715011
2024-01-11,276.5281066894531,286.9382019042969,251.28079223632812,254.29690551757812,618582477
2024-01-12,259.45550537109375,296.81414794921875,253.0500946044922,276.56005859375,715701199
2024-01-13,254.2232208251953,262.133056640625,252.0791015625,259.4586181640625,290470802
2024-01-14,246.0057830810547,258.63665771484375,245.66285705566406,254.2372589111328,238067684
2024-01-15,250.4188995361328,257.3055725097656,245.7116241455078,245.96754455566406,227614648
2024-01-16,251.1593017578125,256.19647216796875,249.27171325683594,250.37689208984375,216494444
2024-01-17,244.05238342285156,251.28369140625,241.49325561523438,251.1553192138672,225618926
2024-01-18,237.42599487304688,244.616943359375,233.84591674804688,244.0533905029297,203425435
2024-01-19,236.43170166015625,237.7614288330078,227.33447265625,237.42860412597656,206989711
2024-01-20,238.890869140625,239.7688751220703,235.080078125,236.4375,143029544
2024-01-21,236.9248504638672,242.4431915283203,236.9126434326172,238.9058074951172,147163319
2024-01-22,235.01434326171875,240.3723907470703,231.201904296875,236.96009826660156,270560061
2024-01-23,229.54351806640625,237.4127197265625,219.3202362060547,235.0138702392578,260253542
2024-01-24,236.37936401367188,237.9470672607422,228.56419372558594,229.54283142089844,195225843
2024-01-25,236.7863311767578,237.93898010253906,234.7041473388672,236.36117553710938,177660138
2024-01-26,242.0111083984375,242.7001953125,234.67466735839844,236.7595977783203,164559325
2024-01-27,243.7912139892578,244.51434326171875,239.53289794921875,241.97084045410156,176692375
2024-01-28,236.90118408203125,245.46099853515625,235.48629760742188,243.79702758789062,166929403
2024-01-29,241.2978515625,241.78790283203125,234.6900634765625,236.88702392578125,164159496
2024-01-30,237.38525390625,243.58453369140625,236.86705017089844,241.2978515625,170467048
2024-01-31,234.25437927246094,238.8311004638672,232.9396209716797,237.39456176757812,186941232
2024-02-01,236.6152801513672,237.17071533203125,230.66517639160156,234.24935913085938,158977457
2024-02-02,236.2069091796875,237.76976013183594,234.57894897460938,236.6177520751953,131568380
2024-02-03,240.6577911376953,241.7821807861328,236.17739868164062,236.2158966064453,153085026
2024-02-04,235.22705078125,243.69119262695312,233.81629943847656,240.62818908691406,184417282
2024-02-05,235.43984985351562,237.66099548339844,234.306396484375,235.23788452148438,148993672
2024-02-06,235.18617248535156,237.16546630859375,234.52691650390625,235.44155883789062,163839292
2024-02-07,240.5064697265625,240.81297302246094,234.689453125,235.1975860595703,148607995
2024-02-08,244.4889373779297,244.8486328125,240.4169464111328,240.50376892089844,171364551
2024-02-09,250.30352783203125,253.4197540283203,244.50473022460938,244.50473022460938,216806589
2024-02-10,247.73220825195312,251.47096252441406,243.70611572265625,250.31329345703125,150933342
2024-02-11,276.5019226074219,282.7867736816406,246.9868927001953,247.73434448242188,730387312
2024-02-12,280.8579406738281,288.1115417480469,267.4097595214844,276.6849670410156,534826120
2024-02-13,270.8520812988281,285.87933349609375,268.0388488769531,280.8519592285156,328586647
2024-02-14,281.26165771484375,291.9614562988281,265.7129821777344,270.77392578125,469160002
2024-02-15,270.6659240722656,282.2859191894531,267.2340393066406,281.2286376953125,421814453
2024-02-16,274.8199768066406,274.9676208496094,265.8943786621094,270.6646423339844,378009847
2024-02-17,267.4199523925781,274.81219482421875,260.258056640625,274.81219482421875,233218469
2024-02-18,270.41644287109375,271.55926513671875,265.5129699707031,267.41143798828125,170527092
2024-02-19,273.10345458984375,273.3285217285156,267.5062255859375,270.4383544921875,210590890
2024-02-20,265.4651794433594,273.4005432128906,258.3062744140625,273.10223388671875,312167987
2024-02-21,263.1250915527344,266.13543701171875,255.97207641601562,265.45416259765625,231191873
2024-02-22,260.16876220703125,265.52337646484375,259.5995178222656,263.1244201660156,192047055
2024-02-23,264.54486083984375,266.6666259765625,259.6177978515625,260.1498718261719,189044000
2024-02-24,267.6621398925781,270.09991455078125,263.3573303222656,264.557373046875,159597826
2024-02-25,267.8255920410156,270.4248962402344,265.8407287597656,267.6665954589844,161409575
2024-02-26,274.89813232421875,276.4686584472656,262.6242980957031,267.82611083984375,230049730
2024-02-27,292.5193786621094,311.0049133300781,274.80078125,274.8973388671875,824513989
2024-02-28,296.7937927246094,312.6141052246094,284.6575012207031,292.52984619140625,670196449
2024-02-29,298.5623779296875,322.6735534667969,292.13299560546875,296.7846984863281,694427673
2024-03-01,316.1250305175781,318.6593322753906,297.406494140625,298.44232177734375,422717646
2024-03-02,500.8060607910156,502.62078857421875,316.1112365722656,316.17779541015625,2934086433
2024-03-03,469.36279296875,525.2508544921875,459.2616271972656,501.09271240234375,2172425729
2024-03-04,470.42315673828125,476.0616760253906,438.16302490234375,469.6398620605469,1502795369
2024-03-05,401.4908447265625,479.2146301269531,371.2442321777344,471.4237365722656,1415399701
2024-03-06,415.1284484863281,420.70477294921875,385.10540771484375,401.4948425292969,799980731
2024-03-07,432.400634765625,438.80963134765625,398.8231201171875,415.1284484863281,747708408
2024-03-08,437.76837158203125,445.85150146484375,420.2042541503906,432.3984069824219,725669296
2024-03-09,433.648193359375,456.426513671875,427.3447570800781,437.76837158203125,591969159
2024-03-10,423.9754333496094,446.21893310546875,414.0293884277344,433.6483154296875,557238332
2024-03-11,448.73834228515625,455.5777282714844,408.08563232421875,423.97698974609375,826784007
2024-03-12,434.3209533691406,448.73834228515625,413.2445983886719,448.73834228515625,705846784
2024-03-13,442.5234069824219,451.8923645019531,424.7401428222656,434.2847595214844,690137309
2024-03-14,441.2276916503906,471.48089599609375,420.2702331542969,442.52337646484375,1011438433
2024-03-15,416.3032531738281,444.3124084472656,388.78466796875,441.22857666015625,763061215
2024-03-16,388.6847839355469,420.65460205078125,382.5898742675781,416.3032531738281,515159877
2024-03-17,402.6595153808594,407.2947998046875,370.97723388671875,388.68499755859375,481342541
2024-03-18,401.5744934082031,410.5715637207031,384.40447998046875,402.6595153808594,452506764
2024-03-19,359.23968505859375,411.2204895019531,351.5081481933594,401.57550048828125,731923248
2024-03-20,409.9807434082031,410.208251953125,348.9519348144531,359.23968505859375,668448924
2024-03-21,414.4288024902344,435.2151184082031,404.5779724121094,409.9792785644531,648916371
2024-03-22,431.5363464355469,432.57843017578125,393.63714599609375,414.4159240722656,605142312
2024-03-23,456.816650390625,475.3690490722656,421.51361083984375,431.5363464355469,969866091
2024-03-24,484.7536315917969,497.8091125488281,446.2447204589844,456.816650390625,905012893
2024-03-25,488.04595947265625,505.8142395019531,474.100830078125,484.7536315917969,1012118329
2024-03-26,480.10736083984375,494.4664611816406,469.08404541015625,488.04595947265625,600500877
2024-03-27,539.7933349609375,551.3453979492188,479.4212341308594,480.10736083984375,1460761937
2024-03-28,569.156982421875,585.3680419921875,528.4859008789062,539.7953491210938,1200994117
2024-03-29,621.78271484375,637.7060546875,556.4142456054688,569.156982421875,1535887261
2024-03-30,597.110107421875,622.9341430664062,591.5826416015625,621.78271484375,648865139
2024-03-31,680.4213256835938,691.443603515625,590.6242065429688,597.1167602539062,1008114145
2024-04-01,649.0584106445312,700.2962646484375,620.2125854492188,680.3960571289062,1501793106
2024-04-02,639.1395263671875,649.0509033203125,589.8909912109375,649.0503540039062,1297935218
2024-04-03,594.6307983398438,642.8534545898438,563.0863037109375,639.1395263671875,1154343285
2024-04-04,668.4983520507812,681.6694946289062,592.2933959960938,594.55859375,1966188490
2024-04-05,657.8128662109375,713.0036010742188,648.8736572265625,668.4983520507812,1899990157
2024-04-06,695.160400390625,714.0624389648438,657.74267578125,657.848876953125,1612294144
2024-04-07,684.9078369140625,708.3209838867188,675.7245483398438,695.160400390625,715347978
2024-04-08,680.6610107421875,709.4932250976562,680.1904296875,684.9075927734375,884595693
2024-04-09,672.5899047851562,694.4515991210938,659.240234375,680.7141723632812,942180380
2024-04-10,629.482421875,672.7896118164062,603.3048706054688,672.588134765625,1161061008
2024-04-11,614.3172607421875,629.467529296875,601.0624389648438,629.467529296875,531145133
2024-04-12,534.7660522460938,617.891357421875,505.7550964355469,614.320068359375,986769076
2024-04-13,481.4837646484375,551.1442260742188,446.9825744628906,534.7593383789062,1241330163
2024-04-14,527.90087890625,529.7763671875,457.45916748046875,481.4837646484375,982260976
2024-04-15,507.9172058105469,566.6868896484375,493.0061950683594,527.90087890625,890446926
2024-04-16,487.4125671386719,510.0460205078125,465.90057373046875,507.9172058105469,757483532
2024-04-17,463.61480712890625,489.65887451171875,449.13934326171875,487.412109375,557879247
2024-04-18,483.3103332519531,488.1336669921875,454.8056945800781,463.61956787109375,492755084
2024-04-19,477.1127624511719,489.69183349609375,446.0408630371094,483.3103332519531,592472882
2024-04-20,515.57373046875,522.0184936523438,471.7188415527344,477.1158142089844,481997719
2024-04-21,502.52093505859375,518.1041259765625,495.4931335449219,515.5736083984375,333859362
2024-04-22,522.2345581054688,528.0584716796875,497.28912353515625,502.52093505859375,350700875
2024-04-23,505.4361267089844,522.8160400390625,502.9811096191406,522.2345581054688,317009725
2024-04-24,479.0196533203125,511.36944580078125,474.4481506347656,505.4406433105469,365292368
2024-04-25,478.7244567871094,485.63262939453125,467.7991943359375,479.0152282714844,337139336
2024-04-26,482.4371032714844,492.7309875488281,467.8858337402344,478.7244567871094,300240918
2024-04-27,477.4198303222656,484.76519775390625,466.7556457519531,482.4371032714844,309938819
2024-04-28,470.62127685546875,486.8470153808594,468.8340759277344,477.4198303222656,236288399
2024-04-29,465.6100158691406,473.79241943359375,448.30169677734375,470.62127685546875,330553401
2024-04-30,434.15716552734375,469.61572265625,421.2178039550781,465.61126708984375,462026012
2024-05-01,424.03863525390625,435.30145263671875,399.7004089355469,434.15716552734375,534977086
2024-05-02,429.9698486328125,434.0450134277344,411.8739013671875,424.03863525390625,308029753
2024-05-03,453.3455505371094,457.9335021972656,426.60162353515625,429.9698486328125,349672737
2024-05-04,463.5088195800781,478.90643310546875,453.066650390625,453.3455505371094,358128520
2024-05-05,469.2642822265625,472.1885070800781,456.5005798339844,463.5088195800781,231293769
2024-05-06,473.3588562011719,483.94927978515625,463.8734130859375,469.26416015625,337432461
2024-05-07,471.1045837402344,493.6477355957031,467.4046630859375,473.3592834472656,387695587
2024-05-08,448.20367431640625,472.5580139160156,445.2866516113281,471.1045837402344,348316667
2024-05-09,454.960693359375,456.85107421875,443.47662353515625,448.20367431640625,267752419
2024-05-10,426.7308654785156,456.2049865722656,422.8780517578125,454.9870910644531,285659678
2024-05-11,429.4651794433594,433.9058837890625,426.05078125,426.7308654785156,194706217
2024-05-12,433.1579284667969,437.831298828125,428.526123046875,429.4649353027344,164145761
2024-05-13,437.3409423828125,447.6558532714844,421.9918212890625,433.1579284667969,266985849
2024-05-14,428.7911071777344,438.655029296875,426.6369323730469,437.3394775390625,257117254
2024-05-15,464.11572265625,466.2270202636719,424.3751220703125,428.7911071777344,371656141
2024-05-16,444.84912109375,465.3505554199219,442.7225341796875,464.1213684082031,265379271
2024-05-17,466.2641296386719,476.8539733886719,442.5953369140625,444.8496398925781,451040195
2024-05-18,475.79290771484375,490.9467468261719,465.220947265625,466.2641296386719,400393285
2024-05-19,484.9183044433594,496.274169921875,473.8381652832031,475.79290771484375,475853440
2024-05-20,516.750732421875,516.750732421875,477.38433837890625,484.9183044433594,603764607
2024-05-21,515.1150512695312,527.9810180664062,510.0365295410156,516.7470092773438,653802741
2024-05-22,498.79437255859375,515.3020629882812,496.4347229003906,515.114990234375,402178200
2024-05-23,490.9042053222656,514.55224609375,474.5372009277344,498.79437255859375,531630155
2024-05-24,494.8669128417969,499.6725158691406,480.94189453125,490.9028015136719,376270122
2024-05-25,493.4154052734375,498.68829345703125,491.3402404785156,494.86749267578125,278239148
2024-05-26,483.971435546875,493.68768310546875,481.5008544921875,493.4154052734375,280188399
2024-05-27,489.1649169921875,502.51556396484375,481.78955078125,483.971435546875,309836261
2024-05-28,470.170166015625,489.1937255859375,461.76568603515625,489.1649169921875,436966181
2024-05-29,465.5042724609375,474.3714294433594,463.33648681640625,470.170166015625,310986837
2024-05-30,465.2304992675781,474.39111328125,459.900634765625,465.5042419433594,254871814
2024-05-31,454.9013671875,468.5384521484375,448.344970703125,465.2304992675781,257453971
2024-06-01,463.0711975097656,464.9303894042969,454.3775939941406,454.9013977050781,184767899
2024-06-02,458.3445739746094,464.5645751953125,453.8782958984375,463.0719299316406,204501658
2024-06-03,464.8462829589844,471.2911682128906,455.0487365722656,458.344970703125,251105225
2024-06-04,477.09332275390625,479.1919250488281,460.1847839355469,464.8462829589844,287270755
2024-06-05,495.13134765625,497.57781982421875,476.9119873046875,477.09332275390625,285638569
2024-06-06,495.8234558105469,501.9044494628906,487.73028564453125,495.13134765625,308007650
2024-06-07,478.025146484375,519.4896240234375,469.07098388671875,495.8223571777344,536658669
2024-06-08,469.8932189941406,484.4852600097656,465.9952392578125,477.9809265136719,298913751
2024-06-09,474.4519348144531,475.471923828125,465.6462097167969,469.861083984375,248749607
2024-06-10,468.92254638671875,474.6488952636719,462.06732177734375,474.44744873046875,282512743
2024-06-11,446.39678955078125,468.9769592285156,434.80584716796875,468.93682861328125,372317398
2024-06-12,454.10943603515625,466.1671447753906,439.8754577636719,446.39617919921875,309627044
2024-06-13,431.5286560058594,455.7046203613281,430.72406005859375,454.11065673828125,295548514
2024-06-14,422.8840637207031,439.8710632324219,411.8221740722656,431.4947204589844,290871259
2024-06-15,429.7106628417969,432.14697265625,422.5713195800781,422.84478759765625,195278489
2024-06-16,428.1529846191406,433.4825134277344,426.6978454589844,429.7192077636719,172946681
2024-06-17,420.2284851074219,428.9483947753906,405.64166259765625,428.1435852050781,275760280
2024-06-18,389.31488037109375,420.69097900390625,373.4500732421875,420.1836242675781,413991010
2024-06-19,388.6602783203125,397.8953857421875,385.5561218261719,389.29779052734375,212059873
2024-06-20,389.8619384765625,400.22747802734375,385.93975830078125,388.6602783203125,227242865
2024-06-21,382.8753356933594,393.7512512207031,377.3739013671875,389.8275451660156,241770183
2024-06-22,392.1610412597656,396.1449279785156,380.3350524902344,382.8687438964844,177606883
2024-06-23,381.1669616699219,396.16534423828125,381.1669616699219,392.1531677246094,169313535
2024-06-24,363.9482727050781,383.5332336425781,345.6747741699219,381.1705322265625,367138327
2024-06-25,388.6441650390625,393.5743408203125,363.7201843261719,363.9336242675781,324782473
2024-06-26,373.6109924316406,396.8505859375,373.4199523925781,388.6399841308594,231622959
2024-06-27,388.74249267578125,391.5429382324219,370.2091064453125,373.58978271484375,249899601
2024-06-28,385.3994140625,405.87164306640625,384.0180969238281,388.7351379394531,279403507
2024-06-29,380.4427185058594,388.5091857910156,379.16656494140625,385.4081726074219,161900666
2024-06-30,393.6454162597656,396.4529113769531,379.1102294921875,380.4472961425781,172000441
2024-07-01,384.1968994140625,397.51837158203125,382.9884948730469,393.57940673828125,195655265
2024-07-02,381.79339599609375,391.1229553222656,378.3669738769531,384.1803894042969,184758001
2024-07-03,373.1245422363281,381.9670715332031,369.6036682128906,381.79620361328125,309827762
2024-07-04,331.47320556640625,373.83203125,330.89288330078125,373.0910949707031,320890173
2024-07-05,325.8738098144531,331.39886474609375,289.6138000488281,331.39886474609375,468690544
2024-07-06,343.05389404296875,343.5633239746094,320.2796325683594,325.8674621582031,230791690
2024-07-07,312.7734680175781,343.0304870605469,311.12139892578125,343.0304870605469,203765363
2024-07-08,333.3305969238281,336.5621337890625,299.7061462402344,312.8996887207031,294005484
2024-07-09,331.0573425292969,340.0464172363281,328.82135009765625,333.3280334472656,205966843
2024-07-10,340.7474365234375,345.6974792480469,327.52935791015625,331.05572509765625,218127618
2024-07-11,347.4631042480469,366.6850891113281,336.6863708496094,340.7381591796875,277960465
2024-07-12,368.7078552246094,369.2003479003906,341.5185852050781,347.4317932128906,233104741
2024-07-13,375.97796630859375,379.5633239746094,368.7138366699219,368.7138366699219,261496545
2024-07-14,376.9600830078125,387.7035217285156,365.2854919433594,375.9429931640625,269171844
2024-07-15,400.71929931640625,400.7317199707031,376.0260314941406,376.9571228027344,312071188
2024-07-16,387.09423828125,404.21820068359375,371.1886291503906,400.668212890625,396734235
2024-07-17,375.7253112792969,397.7931213378906,372.6299743652344,387.1311340332031,322763583
2024-07-18,382.8452453613281,386.02862548828125,371.17535400390625,375.73272705078125,267578836
2024-07-19,391.8265380859375,400.0182800292969,370.3345031738281,382.84759521484375,296593090
2024-07-20,395.6181640625,398.7216491699219,386.3375549316406,391.8265380859375,208701674
2024-07-21,400.7705383300781,401.1235656738281,380.2879638671875,395.6181640625,238719310
2024-07-22,385.781494140625,404.287353515625,383.7500305175781,400.7705383300781,374688068
2024-07-23,366.49761962890625,392.39453125,361.2513732910156,385.781494140625,317545733
2024-07-24,362.4208679199219,374.4277648925781,360.3771057128906,366.5050048828125,211913383
2024-07-25,361.60260009765625,364.9766845703125,347.36578369140625,362.4208679199219,267412875
2024-07-26,377.4776306152344,378.38348388671875,361.4549255371094,361.60260009765625,218018021
2024-07-27,392.1049499511719,397.69976806640625,377.09332275390625,377.4776306152344,287635434
2024-07-28,416.67303466796875,422.8785400390625,389.7191162109375,392.1049499511719,379230665
2024-07-29,439.7582702636719,457.971923828125,414.91650390625,416.67303466796875,552096539
2024-07-30,432.6112060546875,445.677001953125,428.87371826171875,439.7582702636719,385439890
2024-07-31,414.818115234375,440.7234191894531,412.3179626464844,432.6113586425781,309358049
2024-08-01,413.147216796875,423.12066650390625,390.1377258300781,414.817626953125,330265168
2024-08-02,381.5531005859375,416.3282470703125,379.5459899902344,413.147216796875,344448094
2024-08-03,364.3846130371094,385.3769226074219,355.9820556640625,381.5531005859375,300350654
2024-08-04,331.857666015625,366.61834716796875,331.5862731933594,364.3846130371094,338173942
2024-08-05,309.95574951171875,333.95587158203125,277.6203308105469,331.8416442871094,733413582
2024-08-06,314.6262512207031,330.0059509277344,308.6315002441406,309.95574951171875,343921171
2024-08-07,312.33428955078125,327.3889465332031,309.99176025390625,314.6262512207031,277606567
2024-08-08,354.3216247558594,369.5331726074219,309.6346435546875,312.31304931640625,352545131
2024-08-09,347.96014404296875,357.1910095214844,337.29193115234375,354.3216247558594,314111073
2024-08-10,354.6650085449219,358.2238464355469,346.61224365234375,347.96014404296875,189822367
2024-08-11,330.2902526855469,357.9990539550781,328.5062561035156,354.6792907714844,177657496
2024-08-12,354.6017761230469,358.9184265136719,330.29632568359375,330.2988586425781,290779742
2024-08-13,351.9599609375,364.7131652832031,344.3289489746094,354.60235595703125,261042950
2024-08-14,338.1859436035156,352.39093017578125,336.0010070800781,351.9599609375,218272409
2024-08-15,334.6147155761719,344.1620178222656,328.8085021972656,338.1849060058594,219997424
2024-08-16,338.479248046875,346.1034240722656,329.41119384765625,334.6147155761719,277503253
2024-08-17,341.055419921875,347.58428955078125,336.28240966796875,338.479248046875,176731429
2024-08-18,333.3903503417969,345.2036437988281,333.3903503417969,341.055419921875,164347920
2024-08-19,338.10125732421875,339.5158386230469,331.09820556640625,333.385009765625,167998447
2024-08-20,335.4502868652344,346.6777038574219,332.12322998046875,338.1015319824219,206346038
2024-08-21,349.2322082519531,354.8583679199219,334.45806884765625,335.4490661621094,240728482
2024-08-22,346.5582275390625,351.62921142578125,343.1354064941406,349.23187255859375,166587949
2024-08-23,365.1933898925781,368.2425842285156,346.55670166015625,346.5582275390625,218734147
2024-08-24,363.68023681640625,368.8868103027344,358.33612060546875,365.1949768066406,191318746
2024-08-25,356.3801574707031,364.21185302734375,351.1066589355469,363.68023681640625,228595165
2024-08-26,342.5382080078125,358.0350341796875,340.3446044921875,356.3801574707031,239610229
2024-08-27,324.7033996582031,347.0865783691406,318.0483703613281,342.54010009765625,226143494
2024-08-28,322.3939514160156,329.4745788574219,315.30206298828125,324.7033996582031,223905263
2024-08-29,322.449951171875,330.7136535644531,318.2591552734375,322.3939514160156,166814961
2024-08-30,325.16351318359375,326.7728271484375,316.1108703613281,322.449951171875,163701066
2024-08-31,322.2494201660156,326.6273498535156,320.5391540527344,325.16351318359375,102613536
2024-09-01,312.7499694824219,322.6195983886719,311.6368408203125,322.2494201660156,139653679
2024-09-02,323.7297668457031,325.18402099609375,311.17877197265625,312.7499694824219,167884718
2024-09-03,309.1968078613281,325.8701171875,309.1968078613281,323.7288818359375,193357056
2024-09-04,315.29083251953125,319.0618591308594,299.4540100097656,309.1857604980469,178174932
2024-09-05,307.4684143066406,316.8160095214844,304.0265808105469,315.29083251953125,144472397
2024-09-06,294.8648681640625,312.48712158203125,287.6148986816406,307.4681396484375,213371563
2024-09-07,299.4573669433594,308.0719909667969,293.6490783691406,294.8648681640625,148417531
2024-09-08,305.2160949707031,307.8006591796875,298.9897766113281,299.4463195800781,135436999
2024-09-09,322.45269775390625,325.3136901855469,305.2160949707031,305.2160949707031,172859472
2024-09-10,329.6400451660156,331.50946044921875,318.5246887207031,322.4523010253906,170652733
2024-09-11,337.615966796875,343.4049072265625,320.1967468261719,329.6400451660156,205137277
2024-09-12,333.01947021484375,340.529541015625,330.4661560058594,337.615966796875,171190530
2024-09-13,335.8511047363281,337.0822448730469,327.52435302734375,333.01947021484375,166901824
2024-09-14,327.154296875,337.8517150878906,326.79144287109375,335.85125732421875,245227524
2024-09-15,316.6377258300781,329.0856628417969,315.2851257324219,327.154296875,182881544
2024-09-16,311.91546630859375,316.9617614746094,309.3701477050781,316.6377258300781,198920950
2024-09-17,314.1930236816406,321.28253173828125,309.6545104980469,311.91546630859375,184848630
2024-09-18,325.80963134765625,325.8941650390625,307.0740966796875,314.1930236816406,194653140
2024-09-19,340.2292175292969,348.9515686035156,325.80963134765625,325.80963134765625,365393921
2024-09-20,335.6577453613281,345.07647705078125,332.846435546875,340.2292175292969,221485678
2024-09-21,345.7752380371094,346.6807556152344,331.636962890625,335.6577453613281,152676406
2024-09-22,342.98187255859375,346.82464599609375,334.8514099121094,345.7752380371094,160097412
2024-09-23,342.42919921875,348.92230224609375,337.64312744140625,342.98187255859375,192148182
2024-09-24,348.152099609375,350.778564453125,337.4798583984375,342.42919921875,203850391
2024-09-25,343.22100830078125,355.4508361816406,342.1428527832031,348.1498107910156,212850621
2024-09-26,351.9991455078125,357.6687316894531,339.57171630859375,343.22100830078125,235151901
2024-09-27,359.0396728515625,364.2591552734375,351.8868408203125,351.9991455078125,264022346
2024-09-28,353.09991455078125,360.8158874511719,346.85125732421875,359.0396728515625,195300825
2024-09-29,352.8612365722656,357.73492431640625,346.6228942871094,353.0820007324219,196199677
2024-09-30,337.37799072265625,353.32794189453125,335.61236572265625,352.861572265625,222103505
2024-10-01,318.2869873046875,346.9056091308594,314.1782531738281,337.37799072265625,304853275
2024-10-02,316.298095703125,323.9666748046875,310.50616455078125,318.28326416015625,226461466
2024-10-03,320.2301940917969,322.23828125,309.12249755859375,316.2959899902344,240219460
2024-10-04,324.7106018066406,325.5118103027344,318.6153259277344,320.2301940917969,188846591
2024-10-05,321.6606140136719,325.4635314941406,318.5011901855469,324.7106018066406,130406755
2024-10-06,324.4873352050781,325.2454528808594,321.07904052734375,321.6602783203125,124485113
2024-10-07,324.4577331542969,332.41412353515625,321.1130676269531,324.48675537109375,232662830
2024-10-08,328.7540283203125,333.219970703125,322.40753173828125,324.458251953125,200392818
2024-10-09,320.572509765625,330.0743103027344,318.58935546875,328.7546081542969,167522875
2024-10-10,322.5751647949219,325.1151123046875,317.5360412597656,320.5728759765625,175685487
2024-10-11,326.8042297363281,328.8378601074219,322.01800537109375,322.5751647949219,151465097
2024-10-12,329.4590759277344,332.923828125,325.17425537109375,326.8042297363281,146537217
2024-10-13,321.17864990234375,329.5268249511719,318.1198425292969,329.4590759277344,149198960
2024-10-14,368.0122985839844,368.0841369628906,319.4667053222656,321.17864990234375,410845988
2024-10-15,354.6675720214844,383.9180908203125,346.7770690917969,368.0122985839844,612331359
2024-10-16,365.4289245605469,370.2337646484375,351.9092712402344,354.6675720214844,447274937
2024-10-17,369.3623352050781,374.4607238769531,360.9576416015625,365.4300842285156,323021012
2024-10-18,367.1418151855469,376.3393249511719,363.8491516113281,369.3681640625,303447320
2024-10-19,363.72308349609375,368.4596862792969,361.7007751464844,367.1418151855469,175417450
2024-10-20,369.35589599609375,369.8941650390625,357.7776184082031,363.7339172363281,233339219
2024-10-21,363.7775573730469,378.1859130859375,359.0672302246094,369.35589599609375,265056162
2024-10-22,357.16131591796875,365.9845886230469,354.5358581542969,363.7775573730469,214889463
2024-10-23,347.05072021484375,357.27313232421875,339.5334167480469,357.16131591796875,212510742
2024-10-24,367.38958740234375,370.3706970214844,346.90789794921875,347.9410400390625,295183980
2024-10-25,348.0643615722656,373.44097900390625,344.4532165527344,367.39556884765625,370369875
2024-10-26,347.7802429199219,356.413330078125,346.5236511230469,348.0669250488281,189752488
2024-10-27,352.1592712402344,353.3833923339844,347.0345153808594,347.7828063964844,162404003
2024-10-28,365.2552185058594,367.4704284667969,344.49658203125,352.1576232910156,280381234
2024-10-29,385.384521484375,388.4923095703125,363.9862365722656,365.2541198730469,442798064
2024-10-30,369.8304138183594,386.5310974121094,367.3707275390625,385.3846435546875,359629190
2024-10-31,358.219970703125,377.25738525390625,349.8980712890625,369.8304138183594,376030299
2024-11-01,349.5990295410156,359.2394104003906,344.4457092285156,358.219970703125,273732546
2024-11-02,353.3771667480469,356.5190734863281,342.2245178222656,349.5993957519531,217277347
2024-11-03,340.2908935546875,353.80615234375,335.0462951660156,353.3771667480469,277290045
2024-11-04,329.0894470214844,341.5669860839844,322.61163330078125,340.2908935546875,265898977
2024-11-05,343.36505126953125,344.9583740234375,327.0946044921875,329.0894470214844,249764943
2024-11-06,378.5013732910156,383.03314208984375,343.22784423828125,343.36505126953125,693259435
2024-11-07,377.6909484863281,386.3945617675781,371.4493713378906,378.5013732910156,359758040
2024-11-08,377.42822265625,383.0251159667969,365.60272216796875,377.6909484863281,390020359
2024-11-09,406.35089111328125,406.61431884765625,370.43145751953125,377.42822265625,435832514
2024-11-10,442.1380310058594,453.0811462402344,396.3116760253906,406.34344482421875,1090610989
2024-11-11,473.32672119140625,477.26470947265625,423.9671936035156,442.13702392578125,1002017140
2024-11-12,434.3050231933594,473.3289794921875,420.8152770996094,473.32672119140625,1046905545
2024-11-13,439.2732849121094,449.64300537109375,404.33734130859375,434.2893981933594,924206089
2024-11-14,414.5817565917969,445.0203552246094,411.172119140625,439.2732849121094,675972965
2024-11-15,433.191162109375,435.42822265625,410.93853759765625,414.5759582519531,520649465
2024-11-16,462.042236328125,481.8152770996094,429.30291748046875,431.4165954589844,802471705
2024-11-17,432.03131103515625,485.68707275390625,425.9366455078125,462.042236328125,801735981
2024-11-18,451.98638916015625,469.2617492675781,432.03076171875,432.03131103515625,605139453
2024-11-19,447.0617980957031,459.7451477050781,440.7442321777344,451.98638916015625,506264726
2024-11-20,440.3277893066406,453.9173889160156,430.1485290527344,447.0617980957031,454972041
2024-11-21,486.0648498535156,533.6788940429688,429.9026184082031,440.3276672363281,2198657781
2024-11-22,490.2834777832031,501.3301696777344,474.6234436035156,486.048583984375,906194077
2024-11-23,509.9440612792969,564.1494750976562,487.828369140625,490.2828674316406,1773571615
2024-11-24,514.7054443359375,525.1842041015625,482.78033447265625,509.9440612792969,956982722
2024-11-25,491.65716552734375,529.560791015625,484.72735595703125,514.7053833007812,965075712
2024-11-26,492.5515441894531,504.5390625,473.80352783203125,491.6503601074219,669553524
2024-11-27,519.6979370117188,523.0794067382812,486.71759033203125,492.5515441894531,796745568
2024-11-28,511.92437744140625,522.2720947265625,498.7605895996094,519.4590454101562,716434291
2024-11-29,518.328369140625,522.3468627929688,500.7226867675781,511.9245300292969,521915378
2024-11-30,525.2651977539062,535.3505859375,507.3683776855469,518.3289794921875,787619820
2024-12-01,532.6294555664062,535.982177734375,511.37762451171875,525.2639770507812,639650950
2024-12-02,538.0313110351562,558.864501953125,496.18682861328125,532.6294555664062,1611257901
2024-12-03,583.9658813476562,587.8036499023438,519.8336791992188,538.034423828125,1796306978
2024-12-04,584.1792602539062,595.9005126953125,545.916748046875,583.902099609375,1524904836
2024-12-05,590.051025390625,630.7698974609375,554.1620483398438,584.2101440429688,1896615331
2024-12-06,619.4531860351562,639.6852416992188,581.8483276367188,589.1842041015625,1095984082
2024-12-07,608.5131225585938,626.1600341796875,605.4369506835938,619.4531860351562,690068241
2024-12-08,623.3380126953125,624.5870971679688,604.1690063476562,611.3733520507812,687043318
2024-12-09,553.742919921875,623.3421630859375,528.13818359375,623.3421630859375,1239636044
2024-12-10,516.675048828125,563.96923828125,486.8644104003906,553.7376708984375,1030856705
2024-12-11,547.3112182617188,550.3167114257812,504.41717529296875,516.6876831054688,637935609
2024-12-12,539.8097534179688,563.5128784179688,538.213134765625,547.3128662109375,561758706
2024-12-13,542.1737670898438,543.1663818359375,527.14404296875,539.8097534179688,459700503
2024-12-14,534.1950073242188,550.5867309570312,520.7566528320312,542.1737670898438,428124631
2024-12-15,546.8533935546875,549.443603515625,525.3402099609375,534.1914672851562,430168201
2024-12-16,537.910888671875,555.5768432617188,523.1478271484375,546.861083984375,548587535
2024-12-17,529.7596435546875,546.4817504882812,524.9396362304688,537.910888671875,511984306
2024-12-18,480.6501159667969,542.9521484375,479.8158874511719,529.7572631835938,697284590
2024-12-19,440.0602722167969,488.3216552734375,424.05206298828125,480.65826416015625,740380640
2024-12-20,448.8754577636719,450.4432678222656,391.4194030761719,440.06109619140625,725668445
2024-12-21,456.0484619140625,471.9540710449219,444.8200988769531,448.8804016113281,488020092
2024-12-22,445.06976318359375,460.4260559082031,435.7720031738281,456.0484619140625,386167743
2024-12-23,460.2939758300781,464.9556884765625,432.5489196777344,445.0756530761719,431340213
2024-12-24,470.2679443359375,477.73681640625,451.2635803222656,460.2939758300781,347113797
2024-12-25,465.3318786621094,470.67926025390625,456.00067138671875,470.2740478515625,304299463
2024-12-26,437.1010437011719,467.1692199707031,433.5889892578125,465.2933349609375,305992681
2024-12-27,440.2722473144531,460.1948547363281,435.3415222167969,437.0999450683594,328412674
2024-12-28,451.0380554199219,452.17193603515625,438.3994140625,440.2774353027344,216070856
2024-12-29,438.50543212890625,452.7679138183594,435.2436218261719,451.0356750488281,231286471
2024-12-30,443.3424377441406,451.9984436035156,428.7264099121094,438.50543212890625,338824201
2024-12-31,433.8179931640625,453.3890686035156,433.0258483886719,443.34735107421875,287771055
2025-01-01,449.35986328125,451.3052062988281,430.111328125,433.8179931640625,292109398
2025-01-02,461.3688049316406,464.3663330078125,449.3548889160156,449.375244140625,321312293
2025-01-03,473.068359375,476.60150146484375,455.9979248046875,461.36444091796875,308314941
2025-01-04,478.9778747558594,482.3426513671875,469.29986572265625,473.06549072265625,345856160
2025-01-05,470.9113464355469,478.9992980957031,463.4584045410156,478.95867919921875,256046099
2025-01-06,482.6858825683594,485.5890197753906,465.1578063964844,470.9109191894531,346240277
2025-01-07,437.4750061035156,485.9147033691406,436.3887023925781,482.6858215332031,433839864
2025-01-08,434.28338623046875,441.3079528808594,420.6199645996094,437.4744567871094,373567190
2025-01-09,421.61907958984375,436.6822204589844,412.5258483886719,434.28338623046875,308922428
2025-01-10,449.9591369628906,450.0120544433594,421.1983337402344,421.6039733886719,431880574
2025-01-11,440.8851318359375,450.1679992675781,436.53265380859375,449.97393798828125,234257749
2025-01-12,447.83673095703125,463.24053955078125,436.9677429199219,440.8851318359375,357837351
2025-01-13,428.0797119140625,452.8014221191406,405.0858459472656,447.8420104980469,383375947
2025-01-14,438.0751647949219,440.43377685546875,426.48321533203125,428.0801086425781,245246168
2025-01-15,461.0185546875,462.8702087402344,431.2518310546875,438.07415771484375,313541748
2025-01-16,461.8852233886719,470.82177734375,448.31103515625,461.0155944824219,427794865
2025-01-17,489.7207336425781,499.6245422363281,461.72479248046875,461.8766784667969,583682548
2025-01-18,466.13433837890625,494.12152099609375,459.28167724609375,489.7207336425781,544203117
2025-01-19,426.2817077636719,470.2031555175781,422.7901611328125,466.1365661621094,605577025
2025-01-20,431.22149658203125,472.091552734375,417.6389465332031,426.29376220703125,634836087
2025-01-21,446.2886962890625,453.6377868652344,420.64117431640625,431.21893310546875,321862327
2025-01-22,434.76739501953125,450.6258850097656,434.51605224609375,446.2886962890625,243291373
2025-01-23,437.4604187011719,446.418212890625,425.8639221191406,434.7536926269531,333292464
2025-01-24,431.7235412597656,442.02996826171875,426.92919921875,437.4375305175781,274041524
2025-01-25,445.2803649902344,453.8683776855469,431.2792053222656,431.71978759765625,279385877
2025-01-26,425.595947265625,447.6676940917969,425.56182861328125,445.2889099121094,221197470
2025-01-27,426.9776611328125,428.2572326660156,398.0462646484375,425.5960998535156,419819358
2025-01-28,410.5862121582031,430.6153869628906,407.4515075683594,426.9776611328125,239574617
2025-01-29,414.92584228515625,420.957275390625,405.208740234375,410.59033203125,261734295
2025-01-30,434.8733215332031,438.8310852050781,413.33880615234375,414.93475341796875,273589657
2025-01-31,424.243408203125,444.5398864746094,420.57598876953125,434.8512268066406,291331116
2025-02-01,404.39166259765625,430.9076232910156,401.1238098144531,424.2419738769531,279447559
2025-02-02,359.7787780761719,410.1123352050781,347.9127197265625,404.39166259765625,514459348
2025-02-03,353.2078857421875,360.3173522949219,289.74371337890625,359.77960205078125,875556667
2025-02-04,330.6802978515625,355.3353576660156,322.07147216796875,353.2110595703125,359848862
2025-02-05,327.9939880371094,337.9870300292969,323.8624572753906,330.67755126953125,261078049
2025-02-06,315.9839782714844,334.9215087890625,314.7781066894531,327.9939880371094,254750213
2025-02-07,318.4578552246094,334.9669189453125,309.4197082519531,315.9844970703125,276800126
2025-02-08,323.50653076171875,324.2894592285156,315.6938781738281,318.459228515625,188643537
2025-02-09,324.8921203613281,328.8790283203125,313.35894775390625,323.5047912597656,215414667
2025-02-10,329.0276184082031,334.14801025390625,316.8863525390625,324.8838806152344,239642715
2025-02-11,331.39703369140625,343.88031005859375,326.2595520019531,329.03057861328125,233949040
2025-02-12,343.0455627441406,346.4083557128906,323.61187744140625,331.3970947265625,280974652
2025-02-13,335.3482360839844,345.3232421875,328.35015869140625,343.05963134765625,258121099
2025-02-14,341.62628173828125,350.4349060058594,334.8716125488281,335.3456726074219,246694060
2025-02-15,332.8094177246094,345.609619140625,331.4545593261719,341.62628173828125,194011933
2025-02-16,326.4682922363281,334.72735595703125,326.3597106933594,332.8093566894531,188181161
2025-02-17,323.638427734375,336.3781433105469,317.9869384765625,326.4666748046875,271156083
2025-02-18,315.83685302734375,324.8931884765625,308.24761962890625,323.63787841796875,257561898
2025-02-19,322.58984375,324.0519714355469,312.1624450683594,315.8370361328125,217394652
2025-02-20,326.0089416503906,326.79278564453125,320.78662109375,322.58984375,216685266
2025-02-21,313.6491394042969,333.2948913574219,310.45538330078125,326.00152587890625,286852656
2025-02-22,320.9940490722656,322.4486083984375,312.9087219238281,313.6491394042969,235127955
2025-02-23,327.8842468261719,332.192626953125,320.8865966796875,320.9942932128906,266935800
2025-02-24,291.61492919921875,329.0187683105469,291.3382873535156,327.8842468261719,400106307
2025-02-25,291.6081237792969,296.29107666015625,277.3119812011719,291.61492919921875,559716985
2025-02-26,293.3774719238281,300.4550476074219,284.60968017578125,291.6091003417969,390767787
2025-02-27,296.6879577636719,302.9151611328125,290.605224609375,293.3851013183594,282014979
2025-02-28,315.8653259277344,319.462158203125,270.59173583984375,296.690185546875,542714254
2025-03-01,311.22760009765625,323.8949279785156,307.99029541015625,315.86517333984375,269438185
2025-03-02,333.97296142578125,340.64178466796875,310.0177001953125,311.22760009765625,446948008
2025-03-03,320.451171875,350.9582214355469,311.9561462402344,333.95709228515625,647665016
2025-03-04,320.1509704589844,328.759033203125,292.4519958496094,320.4491882324219,460959785
2025-03-05,392.21337890625,395.10797119140625,320.14996337890625,320.14996337890625,1087265580
2025-03-06,395.435302734375,418.2606201171875,385.3105163574219,392.216796875,686078740
2025-03-07,388.5880126953125,408.45294189453125,384.3415222167969,395.4474182128906,672899922
2025-03-08,385.40155029296875,395.16912841796875,377.5358581542969,388.5882263183594,360054808
2025-03-09,357.228515625,386.47100830078125,356.64630126953125,385.40155029296875,353389842
2025-03-10,331.64532470703125,369.6250915527344,331.64532470703125,357.2312316894531,447773807
2025-03-11,339.49188232421875,349.2240905761719,318.9726867675781,331.65899658203125,379042726
2025-03-12,353.9580078125,360.14404296875,331.29119873046875,339.4934997558594,391371601
2025-03-13,326.1294250488281,355.05426025390625,324.73046875,353.9580078125,291085257
2025-03-14,330.35772705078125,334.2023010253906,325.6778259277344,326.1297302246094,294948840
2025-03-15,342.82183837890625,351.34942626953125,328.5343322753906,330.3565673828125,491892978
2025-03-16,332.9571838378906,342.8220520019531,325.58892822265625,342.8208923339844,260268495
2025-03-17,337.76959228515625,341.8912353515625,331.5973815917969,332.9564514160156,273412665
2025-03-18,335.1486511230469,343.1203918457031,330.010986328125,337.7679748535156,248691822
2025-03-19,345.6285705566406,346.5509033203125,332.6737060546875,335.1486511230469,332817765
2025-03-20,333.59228515625,349.5953674316406,330.4903259277344,345.6213684082031,262410447
2025-03-21,322.62158203125,335.0297546386719,321.7940673828125,333.5857849121094,220548444
2025-03-22,322.0602111816406,325.82635498046875,321.3017578125,322.6218566894531,185224689
2025-03-23,325.2769775390625,325.7184143066406,320.88958740234375,322.0602111816406,204811893
2025-03-24,332.1944580078125,336.5546569824219,321.7784118652344,325.2757568359375,230935543
2025-03-25,335.6667175292969,338.8973083496094,327.0877685546875,332.19952392578125,221709790
2025-03-26,334.57269287109375,340.34930419921875,328.9994812011719,335.6667175292969,338155329
2025-03-27,324.70166015625,339.2383728027344,321.6712341308594,334.568359375,263541169
2025-03-28,307.4603576660156,326.4827880859375,305.025634765625,324.7008056640625,236547305
2025-03-29,303.1073913574219,308.6727600097656,299.4413146972656,307.4598693847656,127181460
2025-03-30,298.8476867675781,307.82318115234375,294.5411376953125,303.1073913574219,119451420
2025-03-31,303.31646728515625,305.48370361328125,290.2252197265625,298.8476257324219,235148617
2025-04-01,308.4830017089844,315.9886169433594,302.69598388671875,303.32330322265625,198248523
2025-04-02,293.8935241699219,315.8262023925781,291.0789794921875,308.4781494140625,290225176
2025-04-03,300.488037109375,307.26324462890625,292.34014892578125,293.8478088378906,274708947
2025-04-04,301.255859375,309.7270202636719,295.23699951171875,300.50933837890625,226666431
2025-04-05,303.8316650390625,303.9845275878906,297.1915588378906,301.255859375,143154117
2025-04-06,271.9084777832031,307.02032470703125,266.0008239746094,303.8300476074219,244203906
2025-04-07,275.4508972167969,280.0010681152344,250.79257202148438,271.9084777832031,344774605
2025-04-08,268.96673583984375,284.1695556640625,267.3828125,275.4556884765625,209257907
2025-04-09,301.1901550292969,310.915771484375,259.43267822265625,268.96673583984375,348038068
2025-04-10,290.2632141113281,303.61083984375,283.2398376464844,301.19244384765625,199533114
2025-04-11,312.836669921875,315.55572509765625,289.6643981933594,290.2613525390625,255219920
2025-04-12,344.92498779296875,352.2669982910156,311.5403747558594,312.83428955078125,305977008
2025-04-13,342.37060546875,352.7746276855469,336.3592224121094,344.9286804199219,235231633
2025-04-14,323.5287780761719,372.05523681640625,323.5250549316406,342.3725891113281,359026415
2025-04-15,319.1454162597656,336.9947204589844,317.63555908203125,323.5284118652344,247986818
2025-04-16,321.89044189453125,325.3072204589844,315.5398254394531,319.1454162597656,193855393
2025-04-17,333.2281494140625,339.97735595703125,321.49267578125,321.8946228027344,239998275
2025-04-18,335.34393310546875,344.60888671875,327.79046630859375,333.2535095214844,201608726
2025-04-19,335.3309631347656,339.8147888183594,332.9826965332031,335.34393310546875,140595989
2025-04-20,335.9388732910156,341.6944885253906,331.9967956542969,335.3309631347656,173751765
2025-04-21,344.80694580078125,347.8679504394531,335.9322204589844,335.9388732910156,229779711
2025-04-22,362.78173828125,364.1048583984375,337.42340087890625,344.8091125488281,344762513
2025-04-23,358.2170715332031,363.7303466796875,354.2479248046875,362.78173828125,295609566
2025-04-24,356.4633483886719,366.5555725097656,344.7096252441406,358.21728515625,354380198
2025-04-25,373.3293762207031,383.821533203125,349.1286926269531,356.4664306640625,432211377
2025-04-26,355.95916748046875,376.71124267578125,355.7266540527344,373.33203125,266233899
2025-04-27,345.9830322265625,359.64788818359375,345.6003112792969,355.95916748046875,238642089
2025-04-28,364.2192077636719,368.1187744140625,342.68426513671875,345.9845886230469,291452282
2025-04-29,363.6363830566406,376.84423828125,361.1186828613281,364.2124938964844,382374602
2025-04-30,366.22747802734375,369.5191345214844,356.13641357421875,363.6363830566406,243001680
2025-05-01,361.1256103515625,373.5812072753906,360.4165344238281,366.2293395996094,228995000
2025-05-02,382.875244140625,385.8911437988281,359.6660461425781,361.1297912597656,330355046
2025-05-03,363.1204833984375,383.3672180175781,363.1120300292969,382.8751220703125,236203523
2025-05-04,356.13006591796875,368.4869689941406,353.4664306640625,363.11968994140625,213163761
2025-05-05,353.4871520996094,360.7534484863281,349.96343994140625,356.13262939453125,185202344
2025-05-06,373.054443359375,373.41900634765625,350.6373291015625,353.4871520996094,304975554
2025-05-07,383.2935791015625,386.07769775390625,355.7275390625,373.104248046875,391867796
2025-05-08,421.6309814453125,425.85009765625,382.3884582519531,383.26348876953125,687502658
2025-05-09,412.3817443847656,428.35107421875,404.46673583984375,421.6309814453125,472493370
2025-05-10,430.8814697265625,431.9118957519531,410.7369689941406,412.3818664550781,339256975
2025-05-11,408.0454406738281,431.3128356933594,403.46588134765625,430.875732421875,313898580
2025-05-12,410.6682434082031,418.3527526855469,399.6185607910156,408.0461730957031,368334322
2025-05-13,411.29534912109375,415.5973205566406,392.215576171875,410.6682434082031,278987880
2025-05-14,402.6856689453125,413.18194580078125,399.60626220703125,411.3062438964844,250914523
2025-05-15,395.69183349609375,404.71807861328125,383.8249816894531,402.6812438964844,288151652
2025-05-16,395.8854064941406,403.4589538574219,393.8097839355469,395.7008361816406,235045682
2025-05-17,391.9806213378906,401.2992248535156,386.72149658203125,395.8811950683594,243531787
2025-05-18,406.8180847167969,407.8995361328125,391.5286560058594,391.9806213378906,271577964
2025-05-19,392.8945007324219,408.2640075683594,376.310791015625,406.8044738769531,274592762
2025-05-20,394.0870361328125,397.9524230957031,384.66180419921875,392.8945007324219,218700549
2025-05-21,407.56866455078125,411.59027099609375,391.17425537109375,394.0870361328125,305925011
2025-05-22,443.9219970703125,445.24542236328125,407.4554748535156,407.5499267578125,559337290
2025-05-23,425.58709716796875,454.7947998046875,425.318115234375,443.9219970703125,519314459
2025-05-24,421.8962097167969,431.62078857421875,420.0252990722656,425.58709716796875,240255954
2025-05-25,422.8595275878906,426.9320373535156,408.3558044433594,421.8962097167969,247777621
2025-05-26,415.6390075683594,427.08453369140625,413.61328125,422.8595275878906,244174068
2025-05-27,414.824462890625,423.97265625,409.4835510253906,415.6390075683594,261406309
2025-05-28,419.5234069824219,423.8404541015625,404.9913635253906,414.8221740722656,246566682
2025-05-29,409.21942138671875,427.7229919433594,405.7762451171875,419.6850280761719,280548439
2025-05-30,399.1341552734375,414.1343688964844,397.031982421875,409.225830078125,287455853
2025-05-31,414.50787353515625,422.4761657714844,391.6991882324219,399.13909912109375,321386312
2025-06-01,403.7017517089844,415.0939025878906,397.5145568847656,414.53302001953125,214987576
2025-06-02,403.91656494140625,406.8408508300781,397.6424560546875,403.69989013671875,208545824
2025-06-03,400.9271240234375,408.8075256347656,400.3507385253906,403.90802001953125,236080352
2025-06-04,401.0262756347656,410.4613342285156,398.31085205078125,400.9281005859375,219056231
2025-06-05,385.58673095703125,404.79998779296875,379.1656494140625,401.0256042480469,306343127
2025-06-06,396.12689208984375,399.0812683105469,381.13848876953125,385.5870361328125,297322966
2025-06-07,409.3663635253906,411.3736572265625,394.48333740234375,396.1304626464844,304914177
2025-06-08,411.2310791015625,419.0455627441406,406.78302001953125,409.3712158203125,263273582
2025-06-09,425.5355224609375,429.4818115234375,411.21612548828125,411.2310791015625,324486989
2025-06-10,437.98931884765625,442.6920471191406,418.6221923828125,425.5355224609375,457677172
2025-06-11,428.98236083984375,445.685546875,423.0916442871094,437.9772033691406,544053809
2025-06-12,425.6308898925781,441.12774658203125,424.1990661621094,428.98236083984375,329563543
2025-06-13,448.6900329589844,453.3433837890625,398.740234375,425.622314453125,534510139
2025-06-14,430.8078918457031,449.1024169921875,421.7742004394531,448.71282958984375,318902456
2025-06-15,460.8656921386719,467.172119140625,430.8075866699219,430.8075866699219,483029475
2025-06-16,466.32757568359375,475.4433898925781,452.0440673828125,460.8656921386719,518993408
2025-06-17,463.83648681640625,480.4688720703125,458.46453857421875,466.32757568359375,565650223
2025-06-18,459.44927978515625,478.6559143066406,457.56634521484375,463.8363342285156,425013872
2025-06-19,498.56549072265625,500.1043701171875,454.105224609375,459.44927978515625,717984472
2025-06-20,473.8587646484375,500.107666015625,473.147216796875,498.5669860839844,529414408
2025-06-21,466.2036437988281,477.0577392578125,459.4090270996094,473.8587646484375,375029616
2025-06-22,455.07818603515625,469.58038330078125,437.9855651855469,466.2036437988281,692961160
2025-06-23,463.4538269042969,469.2757263183594,438.8252258300781,455.078125,474786271
2025-06-24,453.8330078125,466.1972961425781,449.6499328613281,463.4538269042969,386206996
2025-06-25,482.22125244140625,494.4190979003906,453.8260192871094,453.8330078125,690654788
2025-06-26,489.6326599121094,505.3204650878906,482.2186279296875,482.22125244140625,529349910
2025-06-27,505.1834411621094,508.1553955078125,485.6226806640625,489.6323547363281,516249957
2025-06-28,491.9881896972656,505.1878356933594,487.5185241699219,505.1878356933594,329535051
2025-06-29,503.7851257324219,506.1245422363281,488.8601379394531,491.9881896972656,368787760
2025-06-30,506.029052734375,520.1087646484375,488.92864990234375,503.7851257324219,488449544
2025-07-01,500.6935119628906,526.7191162109375,499.466552734375,506.03094482421875,582309412
2025-07-02,510.3337097167969,511.9389343261719,499.4970703125,500.6907958984375,405960321
2025-07-03,496.7096252441406,514.459228515625,492.5596008300781,510.3421936035156,442561351
2025-07-04,484.2389831542969,496.7086486816406,472.5374450683594,496.7086486816406,406151257
2025-07-05,489.408203125,489.7107238769531,481.3070373535156,484.241455078125,257663061
2025-07-06,491.95977783203125,499.3248596191406,483.2451477050781,489.408203125,284802640
2025-07-07,496.19720458984375,499.67236328125,489.8722229003906,491.95977783203125,313746593
2025-07-08,501.3925476074219,505.24981689453125,494.4668884277344,496.19720458984375,351578231
2025-07-09,514.939208984375,516.2163696289062,500.2592468261719,501.3925476074219,441973390
2025-07-10,518.3226928710938,520.1332397460938,503.13116455078125,514.939208984375,488833459
2025-07-11,531.6624755859375,537.9725341796875,514.771240234375,518.3204345703125,573257647
2025-07-12,506.4053649902344,533.9378662109375,502.8403625488281,531.6624755859375,443181913
2025-07-13,507.888916015625,512.526123046875,501.8155212402344,506.4053649902344,383360325
2025-07-14,504.8515319824219,524.4868774414062,499.0111999511719,507.88470458984375,443891301
2025-07-15,497.8650207519531,505.25103759765625,483.23162841796875,504.8515319824219,400487202
2025-07-16,499.2821044921875,508.59844970703125,492.8641662597656,497.8650207519531,419602529
2025-07-17,500.064208984375,504.4915771484375,488.8630676269531,499.2821044921875,444869784
2025-07-18,514.4284057617188,539.76123046875,500.0242919921875,500.0590515136719,807225450
2025-07-19,513.4231567382812,521.0634765625,502.6670837402344,514.441650390625,429562488
2025-07-20,547.8762817382812,552.83837890625,511.06951904296875,513.4215698242188,713360776
2025-07-21,523.5546264648438,548.2609252929688,518.0252685546875,547.8762817382812,821323203
2025-07-22,525.9108276367188,529.7896728515625,512.6481323242188,523.55517578125,555595995
2025-07-23,512.2735595703125,529.5054931640625,501.859130859375,525.9076538085938,532105351
2025-07-24,512.129150390625,526.9827270507812,491.54473876953125,512.2803344726562,716060573
2025-07-25,556.8209228515625,562.0377807617188,510.7155456542969,512.129150390625,954270883
2025-07-26,559.5679321289062,562.7250366210938,552.1812744140625,556.832275390625,386968270
2025-07-27,590.12890625,605.4916381835938,556.2771606445312,559.5680541992188,874093389
2025-07-28,571.1161499023438,603.461669921875,569.6373291015625,590.12890625,722777681
2025-07-29,563.8141479492188,586.019775390625,560.4815063476562,571.120361328125,498857311
2025-07-30,590.1255493164062,593.0418090820312,556.5669555664062,563.8141479492188,533364882
2025-07-31,562.23876953125,596.6082153320312,561.45263671875,590.1271362304688,521765046
2025-08-01,535.5762329101562,571.24169921875,530.8395385742188,562.2476806640625,560426904
2025-08-02,520.4732055664062,543.407958984375,518.4656982421875,535.574951171875,349688653
2025-08-03,544.4601440429688,547.5726928710938,516.455810546875,520.4786987304688,311771833
2025-08-04,574.1052856445312,578.8119506835938,544.4057006835938,544.4591674804688,507557710
2025-08-05,551.3870849609375,582.7623901367188,542.3895874023438,574.10498046875,594892199
2025-08-06,571.0632934570312,572.9185791015625,549.0108642578125,551.3895263671875,426357931
2025-08-07,582.2788696289062,583.8564453125,568.5697631835938,571.0626220703125,952705537
2025-08-08,586.4481811523438,588.771484375,573.669677734375,582.2784423828125,464041675
2025-08-09,567.5014038085938,591.417724609375,567.5014038085938,586.4271240234375,408771803
2025-08-10,570.7457885742188,580.3805541992188,561.1895141601562,567.4968872070312,463752534
2025-08-11,579.3138427734375,594.676513671875,569.9832763671875,570.7457885742188,642023774
2025-08-12,618.7223510742188,625.0442504882812,579.281494140625,579.3143310546875,733343503
2025-08-13,616.6964111328125,629.1561279296875,602.3524169921875,618.7223510742188,698338792
2025-08-14,593.7769775390625,626.236328125,583.9264526367188,616.6964111328125,594001439
2025-08-15,592.5665893554688,601.648681640625,581.0377197265625,593.7769775390625,344054956
2025-08-16,587.9867553710938,597.5339965820312,577.9286499023438,592.5665893554688,270413314
2025-08-17,582.4995727539062,592.0797119140625,582.4708862304688,587.9815673828125,290609014
2025-08-18,569.276123046875,582.5004272460938,561.6901245117188,582.4995727539062,333083989
2025-08-19,548.0706176757812,573.6394653320312,547.9998779296875,569.276123046875,309888843
2025-08-20,560.5867309570312,562.565673828125,544.8709106445312,548.0789184570312,305696457
2025-08-21,553.983642578125,564.2708129882812,551.024169921875,560.5867309570312,274445580
2025-08-22,599.3248901367188,607.5272827148438,551.385986328125,553.982421875,513876610
2025-08-23,591.0036010742188,600.7739868164062,584.5089111328125,599.328125,318991529
2025-08-24,583.865234375,599.3931274414062,583.8507690429688,591.006103515625,318837090
2025-08-25,544.4395751953125,586.8638916015625,538.02001953125,583.8656005859375,393223697
2025-08-26,550.5748291015625,554.0781860351562,532.8626708984375,544.4374389648438,421075257
2025-08-27,550.0770263671875,562.1173095703125,544.64892578125,550.594482421875,410100247
2025-08-28,557.6010131835938,565.0848388671875,548.7591552734375,550.082275390625,280402200
2025-08-29,531.1219482421875,559.2968139648438,529.0952758789062,557.5950317382812,527578258
2025-08-30,553.5634155273438,554.0957641601562,525.436767578125,531.121337890625,317294001
2025-08-31,544.5551147460938,554.0567016601562,542.7286987304688,553.5299682617188,260203888
2025-09-01,544.568603515625,551.0439453125,530.5772705078125,544.5555419921875,365940268
2025-09-02,585.287841796875,585.8167114257812,544.0823364257812,544.5696411132812,589869802
2025-09-03,603.4998779296875,604.8558959960938,579.2242431640625,585.287841796875,735284538
2025-09-04,586.7719116210938,604.08837890625,584.561279296875,603.4998779296875,407599911
2025-09-05,606.7718505859375,618.5623168945312,585.3610229492188,586.7719116210938,817645654
2025-09-06,595.3136596679688,616.1646728515625,585.2756958007812,606.7718505859375,599677544
2025-09-07,603.4046020507812,606.682861328125,593.8171997070312,595.3151245117188,311967593
2025-09-08,588.297607421875,605.8727416992188,585.869873046875,603.4046020507812,584953952
2025-09-09,581.1709594726562,590.4154052734375,575.9751586914062,588.3297119140625,391270417
2025-09-10,580.6012573242188,589.4597778320312,577.7383422851562,581.1588134765625,417427915
2025-09-11,596.3865356445312,602.39794921875,576.7447509765625,580.6012573242188,793975677
2025-09-12,598.6129760742188,601.3950805664062,587.84375,596.3819580078125,465340294
2025-09-13,598.5404052734375,605.3619995117188,594.5784912109375,598.6121215820312,432912858
2025-09-14,601.4661865234375,603.2343139648438,589.073974609375,598.5404052734375,612145989
2025-09-15,593.8782348632812,604.7797241210938,588.7097778320312,601.4590454101562,654786898
2025-09-16,598.8651123046875,601.6998291015625,590.48486328125,593.8778076171875,428838130
2025-09-17,616.8861083984375,624.8118896484375,591.2916870117188,598.8651123046875,822736383
2025-09-18,624.3959350585938,650.3606567382812,612.9776000976562,616.8861083984375,1304984363
2025-09-19,600.8482055664062,631.8939208984375,598.6806640625,624.395751953125,623480321
2025-09-20,595.0829467773438,606.5555419921875,594.456298828125,600.8482055664062,355273479
2025-09-21,594.320556640625,602.1749267578125,594.1094970703125,595.0845336914062,267177207
2025-09-22,567.727783203125,594.7813110351562,561.9478759765625,594.3181762695312,533884120
2025-09-23,557.0358276367188,569.7745971679688,554.4091186523438,567.727783203125,511617224
2025-09-24,556.486328125,563.6603393554688,551.8634033203125,557.0316162109375,351089397
2025-09-25,536.1151733398438,557.5267944335938,535.1172485351562,556.4874877929688,539205043
2025-09-26,548.5003662109375,550.294677734375,535.1489868164062,536.1202392578125,414681524
2025-09-27,544.2048950195312,548.5022583007812,540.7780151367188,548.5003662109375,223029363
2025-09-28,556.2056274414062,558.0104370117188,536.4159545898438,544.2035522460938,342052822
2025-09-29,561.4266967773438,563.2060546875,550.9896850585938,556.2053833007812,376423264
2025-09-30,560.0418701171875,562.7998657226562,549.868408203125,561.4264526367188,404325821
2025-10-01,593.0653686523438,597.029541015625,559.721435546875,560.0427856445312,555056991
2025-10-02,595.0222778320312,596.69873046875,582.9244384765625,593.0824584960938,517575999
2025-10-03,609.2512817382812,615.2291259765625,591.6470336914062,595.0222778320312,441355850
2025-10-04,590.4147338867188,609.244873046875,584.9299926757812,609.2333374023438,313671709
2025-10-05,594.2940673828125,611.0782470703125,588.36474609375,590.41259765625,375572874
2025-10-06,599.4307250976562,606.4380493164062,592.8822021484375,594.2955322265625,310828922
2025-10-07,576.8434448242188,599.722412109375,575.0706176757812,599.4307250976562,382423336
2025-10-08,583.4630737304688,587.7357788085938,574.5777587890625,576.8434448242188,286669148
2025-10-09,580.16064453125,592.620361328125,569.8235473632812,583.4630737304688,337786367
2025-10-10,513.3910522460938,597.1498413085938,484.9796142578125,580.1597290039062,925216944
2025-10-11,500.38885498046875,539.9500732421875,480.0081787109375,513.3832397460938,579560115
2025-10-12,541.6370239257812,545.138916015625,496.85345458984375,500.39483642578125,457468716
2025-10-13,546.7172241210938,549.7081298828125,535.340576171875,541.6417846679688,390044712
2025-10-14,538.9210815429688,546.9992065429688,509.2484130859375,546.7161254882812,733655484
2025-10-15,522.3030395507812,544.7749633789062,519.6494750976562,538.9210815429688,350007473
2025-10-16,504.8136291503906,528.9629516601562,501.9852600097656,522.3030395507812,381079860
2025-10-17,469.9474792480469,509.63031005859375,454.59063720703125,504.8136291503906,642250305
2025-10-18,468.3700866699219,479.3109436035156,463.8443298339844,469.9474792480469,318606442
2025-10-19,472.87347412109375,478.5227355957031,457.3219909667969,468.3700866699219,363322774
2025-10-20,479.0804443359375,486.32763671875,467.7850646972656,472.87152099609375,415474887
2025-10-21,481.7611389160156,514.15478515625,464.50653076171875,479.0878601074219,659711067
2025-10-22,473.4272766113281,484.5442199707031,464.246826171875,481.7559509277344,355610006
2025-10-23,480.9351501464844,491.3616638183594,473.1453857421875,473.4272766113281,741446707
2025-10-24,502.617919921875,506.58642578125,479.16656494140625,480.9351501464844,403057486
2025-10-25,508.5125732421875,511.0977478027344,497.1448059082031,502.61920166015625,398125645
2025-10-26,558.7027587890625,563.8194580078125,508.3830261230469,508.5137023925781,689666603
2025-10-27,555.938720703125,571.3715209960938,554.24951171875,558.70703125,674062650
2025-10-28,557.8362426757812,570.3652954101562,551.4577026367188,555.9384155273438,784132942
2025-10-29,556.59375,566.3123168945312,549.5780639648438,557.83544921875,569007521
2025-10-30,541.5377807617188,574.0560913085938,528.7237548828125,556.595703125,609455219
2025-10-31,536.194091796875,563.2086181640625,535.1064453125,541.5430297851562,550029509
2025-11-01,554.5016479492188,559.8309326171875,532.1148681640625,536.184326171875,408534892
2025-11-02,537.2799072265625,555.1066284179688,525.3387451171875,554.5016479492188,416673515
2025-11-03,505.53045654296875,537.2637939453125,502.53253173828125,537.2637939453125,468518058
2025-11-04,481.1529846191406,512.2496337890625,462.54541015625,505.53033447265625,473763872
2025-11-05,489.80682373046875,493.8278503417969,462.5619812011719,481.1470642089844,303803109
2025-11-06,472.376708984375,489.8311767578125,465.7696533203125,489.80072021484375,275627079
2025-11-07,511.1354675292969,519.9895629882812,472.3684387207031,472.3703918457031,809035614
2025-11-08,495.8359680175781,514.7979125976562,486.4957580566406,511.14422607421875,274523232
2025-11-09,503.32281494140625,505.0336608886719,489.3652038574219,495.8366394042969,289590084
2025-11-10,517.1731567382812,523.322998046875,502.1119689941406,503.3214111328125,349519334
2025-11-11,505.4093017578125,530.5660400390625,504.66937255859375,517.1721801757812,480848970
2025-11-12,507.0968933105469,531.5944213867188,499.4349670410156,505.4055480957031,388130618
2025-11-13,509.6495361328125,530.5211181640625,494.75384521484375,507.0963439941406,543104748
2025-11-14,479.8135681152344,516.010009765625,477.9355773925781,509.6495361328125,435619431
2025-11-15,502.3940124511719,516.9778442382812,479.76171875,479.8135681152344,355284220
2025-11-16,483.67388916015625,503.46539306640625,474.08123779296875,502.3927001953125,278777967
2025-11-17,490.4173583984375,514.2647094726562,482.0979919433594,483.67327880859375,378967181
2025-11-18,523.0634765625,535.68310546875,476.5802001953125,490.4173583984375,597668795
2025-11-19,486.0149230957031,523.1023559570312,471.31341552734375,523.0634765625,412222154
2025-11-20,480.1640625,511.3036193847656,473.8077392578125,486.0045471191406,496518784
2025-11-21,533.1057739257812,545.064697265625,449.54248046875,480.154541015625,908027251
2025-11-22,556.4970703125,566.3325805664062,522.0986938476562,533.104736328125,886601314
2025-11-23,539.2669067382812,556.9505004882812,537.8284301757812,556.4962768554688,505148426
2025-11-24,548.7407836914062,562.4476318359375,538.4798583984375,539.270263671875,480968305
2025-11-25,527.0858154296875,548.9869995117188,516.7832641601562,548.7216796875,385810724
2025-11-26,544.1484985351562,547.8298950195312,526.4061279296875,527.0858154296875,553618586
2025-11-27,532.4583129882812,549.1996459960938,532.0436401367188,544.1559448242188,338818403
2025-11-28,549.3899536132812,554.314453125,531.740478515625,532.4622192382812,635412763
2025-11-29,521.7120971679688,549.398681640625,518.142578125,549.3826293945312,457127022
2025-11-30,541.7889404296875,561.2555541992188,519.220703125,521.7110595703125,511253535
2025-12-01,522.865234375,542.1174926757812,509.9967041015625,541.7889404296875,572835027
2025-12-02,546.04150390625,555.7528076171875,520.7159423828125,522.8696899414062,506411625
2025-12-03,591.4345703125,604.9505004882812,544.18359375,546.0424194335938,805072559
2025-12-04,574.7135620117188,596.2896728515625,567.7872924804688,591.4420166015625,419578192
2025-12-05,560.5130004882812,581.9634399414062,558.7340698242188,574.716064453125,372950285
2025-12-06,583.8262939453125,595.5606689453125,558.9982299804688,560.50732421875,377143590
2025-12-07,598.684326171875,603.696533203125,571.7680053710938,583.8307495117188,384880361
2025-12-08,579.8814697265625,604.55029296875,576.711669921875,598.6857299804688,343154879
2025-12-09,585.3843994140625,590.6727905273438,570.9510498046875,579.8801879882812,454957972
2025-12-10,573.5526733398438,587.97119140625,560.6657104492188,585.3505249023438,501078112
2025-12-11,575.1439819335938,576.0899658203125,552.4445190429688,573.5494995117188,367698610
2025-12-12,581.1588745117188,585.3566284179688,569.25390625,575.1426391601562,382716483
2025-12-13,580.5532836914062,586.5040893554688,569.6392822265625,581.1588745117188,206191549
2025-12-14,558.4771118164062,584.8614501953125,556.1887817382812,580.5532836914062,270374711
2025-12-15,535.7216796875,571.8214721679688,520.3450317382812,558.4872436523438,356975087
2025-12-16,546.167724609375,555.3692626953125,529.00537109375,535.7176513671875,304579900
2025-12-17,546.0899047851562,567.4837036132812,542.3353881835938,546.1693115234375,360239945
2025-12-18,565.4888305664062,577.3231811523438,528.9080810546875,546.0972290039062,603048870
2025-12-19,624.416748046875,630.127197265625,557.6459350585938,565.4888305664062,673679486
2025-12-20,592.2434692382812,624.6204223632812,589.62060546875,624.4175415039062,446014823
2025-12-21,590.0581665039062,601.8732299804688,577.7149047851562,592.2476196289062,285515749
2025-12-22,589.5384521484375,596.2508544921875,577.5313720703125,590.0581665039062,472502809
2025-12-23,572.1438598632812,592.9747314453125,571.3783569335938,589.53857421875,371786932
2025-12-24,568.0906982421875,578.7781372070312,563.3032836914062,572.1463012695312,332717910
2025-12-25,589.3689575195312,599.01953125,566.455078125,568.0913696289062,363338125
2025-12-26,593.6592407226562,610.5982666015625,587.3539428710938,589.3665161132812,407726235
2025-12-27,622.9710693359375,624.2138671875,593.2817993164062,593.6599731445312,337483157
2025-12-28,621.391357421875,632.6312866210938,612.7124633789062,622.966064453125,383578300
2025-12-29,598.3258666992188,624.660888671875,592.9468994140625,621.3900756835938,618555240
2025-12-30,595.146240234375,606.549072265625,592.2642211914062,598.3453979492188,430688431
2025-12-31,598.9570922851562,601.8131103515625,593.7905883789062,595.146240234375,266490838
2026-01-01,592.3270263671875,603.4395141601562,586.3814086914062,598.9595336914062,277799901
2026-01-02,608.3951416015625,615.4260864257812,585.7467041015625,592.337890625,439466348
2026-01-03,654.7691040039062,661.61962890625,608.3897094726562,608.3966064453125,658302981
2026-01-04,639.0763549804688,659.2989501953125,637.0991821289062,654.7627563476562,571624506
2026-01-05,645.6812133789062,668.0632934570312,638.8447265625,639.0878295898438,623003656
2026-01-06,639.310302734375,653.7285766601562,627.0534057617188,645.6797485351562,490226880
2026-01-07,629.0650024414062,639.303955078125,623.4527587890625,639.2828369140625,239713422
2026-01-08,631.5997314453125,650.613525390625,621.3080444335938,629.0650024414062,428460078
2026-01-09,633.7435913085938,640.9353637695312,626.2229614257812,631.6045532226562,297201840
2026-01-10,642.9352416992188,648.7786254882812,631.0824584960938,633.7442016601562,226622309
2026-01-11,647.7793579101562,663.8021240234375,640.6986694335938,642.9352416992188,671165994
2026-01-12,621.342529296875,659.4444580078125,614.4583129882812,647.7794799804688,738104883
2026-01-13,615.9879150390625,624.9453125,605.767333984375,621.3419799804688,721401472
2026-01-14,597.93310546875,618.3944702148438,596.2535400390625,615.9852905273438,783050567
