Date,Close,High,Low,Open,Volume
2020-09-04,17.66323471069336,20.426851272583008,16.956684112548828,17.199445724487305,17523619
2020-09-05,12.363200187683105,17.721092224121094,10.540352821350098,17.6688232421875,14702761
2020-09-06,13.38801383972168,14.389669418334961,11.872576713562012,12.369629859924316,11250929
2020-09-07,13.220532417297363,13.549776077270508,12.040599822998047,13.388372421264648,12113978
2020-09-08,13.879171371459961,15.521869659423828,13.21884822845459,13.223187446594238,18565986
2020-09-09,15.115467071533203,15.409046173095703,13.838179588317871,13.882617950439453,11363483
2020-09-10,13.975058555603027,15.640979766845703,13.913678169250488,15.137818336486816,9007005
2020-09-11,14.29927921295166,14.458511352539062,13.61872386932373,13.974897384643555,5079868
2020-09-12,13.90865707397461,14.503337860107422,13.691356658935547,14.300795555114746,4017358
2020-09-13,13.303648948669434,13.997111320495605,13.024567604064941,13.917316436767578,4359422
2020-09-14,13.991923332214355,14.436678886413574,12.805499076843262,13.298686981201172,10072079
2020-09-15,13.053008079528809,14.912399291992188,12.8900785446167,13.991923332214355,10796552
2020-09-16,12.621472358703613,13.076922416687012,11.891562461853027,13.073461532592773,5846680
2020-09-17,12.029502868652344,12.868502616882324,11.781132698059082,12.638043403625488,4094862
2020-09-18,11.209901809692383,12.325329780578613,10.977498054504395,12.044392585754395,5599254
2020-09-19,11.961627960205078,12.216463088989258,11.201727867126465,11.228384971618652,5052131
2020-09-20,10.727279663085938,12.094684600830078,10.334077835083008,11.944526672363281,5716498
2020-09-21,8.865803718566895,10.947689056396484,8.516899108886719,10.727279663085938,8432342
2020-09-22,8.722448348999023,9.06857681274414,8.462225914001465,8.85065746307373,5299690
2020-09-23,8.78557300567627,9.429150581359863,8.344375610351562,8.713059425354004,8650006
2020-09-24,9.17965030670166,9.223623275756836,8.747331619262695,8.790502548217773,5421197
2020-09-25,10.002554893493652,10.095767974853516,9.153249740600586,9.227850914001465,6928257
2020-09-26,10.428104400634766,10.591036796569824,9.981011390686035,10.002612113952637,4974070
2020-09-27,10.031835556030273,10.480588912963867,9.654930114746094,10.425682067871094,4049774
2020-09-28,10.018738746643066,10.50805377960205,10.012110710144043,10.032233238220215,4189993
2020-09-29,10.252137184143066,10.315873146057129,9.993310928344727,10.018709182739258,3949916
2020-09-30,10.3624267578125,10.582171440124512,10.089363098144531,10.255261421203613,5678673
2020-10-01,10.281540870666504,10.916382789611816,10.05379867553711,10.362406730651855,6872983
2020-10-02,9.40876293182373,10.293905258178711,9.103240013122559,10.281635284423828,5297398
2020-10-03,9.110963821411133,9.5304536819458,9.107460021972656,9.409598350524902,2313252
2020-10-04,9.059167861938477,9.282805442810059,8.936758995056152,9.11201000213623,2771442
2020-10-05,8.473795890808105,9.110841751098633,8.142407417297363,9.062495231628418,5744715
2020-10-06,6.942005157470703,8.474315643310547,6.886353015899658,8.474315643310547,5801902
2020-10-07,7.7638750076293945,7.772128105163574,6.543630123138428,6.942788124084473,6173917
2020-10-08,7.460815906524658,7.781642913818359,7.073229789733887,7.763830184936523,5344220
2020-10-09,7.929206848144531,8.118840217590332,7.341335773468018,7.468997955322266,5643499
2020-10-10,7.7731781005859375,8.068077087402344,7.764983177185059,7.923904895782471,3369208
2020-10-11,8.168795585632324,8.180841445922852,7.609294891357422,7.775783061981201,4109759
2020-10-12,8.049858093261719,8.188139915466309,7.868267059326172,8.169240951538086,4047358
2020-10-13,7.961526870727539,8.154600143432617,7.87340784072876,8.030535697937012,3085183
2020-10-14,7.996240139007568,8.173066139221191,7.7856621742248535,7.957119941711426,5519294
2020-10-15,7.867977142333984,7.994527816772461,7.735955238342285,7.994527816772461,4886077
2020-10-16,7.389545917510986,7.87496280670166,7.284109115600586,7.870703220367432,5261453
2020-10-17,7.612433910369873,7.658084869384766,7.377261161804199,7.3867669105529785,3464904
2020-10-18,7.597475051879883,7.691926002502441,7.550207138061523,7.617887020111084,3319943
2020-10-19,7.3462090492248535,7.59845495223999,7.310999870300293,7.596012115478516,4018733
2020-10-20,7.164031982421875,7.3496198654174805,6.7974700927734375,7.3496198654174805,7918072
2020-10-21,7.499697208404541,7.499697208404541,7.161678791046143,7.163230895996094,6425547
2020-10-22,7.692814826965332,7.788068771362305,7.421909809112549,7.499503135681152,5028264
2020-10-23,8.567631721496582,8.6204833984375,7.655418872833252,7.697022914886475,15864726
2020-10-24,8.612293243408203,9.53742504119873,8.460693359375,8.567632675170898,25346089
2020-10-25,9.019537925720215,9.290669441223145,8.229049682617188,8.612293243408203,15557892
2020-10-26,8.549392700195312,9.210684776306152,8.32529067993164,9.019538879394531,11748892
2020-10-27,8.496081352233887,8.642814636230469,8.305436134338379,8.549391746520996,9717769
2020-10-28,7.856680870056152,8.581965446472168,7.741692066192627,8.49608325958252,7804961
2020-10-29,7.369375228881836,7.987278938293457,7.174983024597168,7.856331825256348,5311272
2020-10-30,7.632741928100586,7.664811134338379,7.265927791595459,7.369375228881836,5453105
2020-10-31,7.33489990234375,7.6569719314575195,7.232697010040283,7.632741928100586,3665175
2020-11-01,7.6830058097839355,7.808585166931152,7.291921138763428,7.33489990234375,3902656
2020-11-02,7.325331211090088,7.757129192352295,7.282991886138916,7.6837382316589355,3975270
2020-11-03,7.263656139373779,7.416776180267334,7.1913161277771,7.325332164764404,3240914
2020-11-04,7.1793317794799805,7.2773308753967285,7.030172824859619,7.263657093048096,2890265
2020-11-05,7.4003071784973145,7.4821391105651855,7.0084228515625,7.1794657707214355,4820523
2020-11-06,8.243656158447266,8.298224449157715,7.380266189575195,7.400166034698486,8436637
2020-11-07,7.864299774169922,8.374217987060547,7.625044822692871,8.24365520477295,12800656
2020-11-08,8.255008697509766,8.284234046936035,7.773377895355225,7.864299774169922,7663312
2020-11-09,8.086688041687012,8.297565460205078,7.960476875305176,8.25500774383545,5664962
2020-11-10,8.443391799926758,8.497987747192383,8.041096687316895,8.086689949035645,7584571
2020-11-11,7.831028938293457,8.593766212463379,7.826094150543213,8.443391799926758,6134176
2020-11-12,7.500831127166748,7.887135028839111,7.382111072540283,7.831024169921875,4340325
2020-11-13,7.767099857330322,7.838107109069824,7.48278284072876,7.500834941864014,3956155
2020-11-14,7.5031352043151855,7.77120304107666,7.341093063354492,7.767099857330322,3289729
2020-11-15,7.583277225494385,7.7203688621521,7.415352821350098,7.5031352043151855,3487645
2020-11-16,7.732186794281006,7.88342809677124,7.523922920227051,7.583277225494385,3780952
2020-11-17,7.844714164733887,7.98258113861084,7.686538219451904,7.690952777862549,4584455
2020-11-18,7.500751972198486,7.918161869049072,7.1395158767700195,7.844661235809326,6434877
2020-11-19,7.592895030975342,7.646306037902832,7.25416898727417,7.5008039474487305,4041510
2020-11-20,7.613460063934326,8.000137329101562,7.5392842292785645,7.592895984649658,4588253
2020-11-21,8.191241264343262,8.35916519165039,7.613460063934326,7.613460063934326,11932069
2020-11-22,8.000787734985352,8.274608612060547,7.672224044799805,8.191241264343262,9366343
2020-11-23,8.853536605834961,8.995163917541504,7.951845169067383,8.000787734985352,16802609
2020-11-24,8.829155921936035,9.057367324829102,8.422635078430176,8.857540130615234,16629812
2020-11-25,9.588229179382324,10.077445030212402,8.608948707580566,8.829115867614746,25348139
2020-11-26,9.02967357635498,9.86129093170166,8.232134819030762,9.591229438781738,28745504
2020-11-27,8.842883110046387,9.156509399414062,8.633681297302246,9.029463768005371,9012404
2020-11-28,8.805697441101074,9.016134262084961,8.602618217468262,8.852733612060547,7738598
2020-11-29,8.926607131958008,9.103156089782715,8.687891006469727,8.806394577026367,6971628
2020-11-30,9.174549102783203,9.290478706359863,8.796183586120605,8.917733192443848,11891217
2020-12-01,9.28894329071045,9.514233589172363,8.786431312561035,9.184832572937012,14091006
2020-12-02,11.570185661315918,11.869514465332031,9.21480941772461,9.293176651000977,28801054
2020-12-03,13.06591510772705,13.345362663269043,11.5874662399292,11.5874662399292,35269315
2020-12-04,12.107104301452637,13.882003784179688,11.317939758300781,13.075555801391602,29457934
2020-12-05,13.928130149841309,14.581489562988281,11.897435188293457,12.115145683288574,41635921
2020-12-06,13.754974365234375,13.955678939819336,12.940844535827637,13.90670108795166,23375816
2020-12-07,13.146364212036133,13.877630233764648,12.857917785644531,13.727810859680176,15108329
2020-12-08,12.502220153808594,13.143930435180664,12.276620864868164,13.14350700378418,13929693
2020-12-09,13.959319114685059,14.520561218261719,12.419447898864746,12.50440502166748,28526045
2020-12-10,13.760066986083984,14.509984016418457,13.57368278503418,13.983403205871582,15966543
2020-12-11,14.820865631103516,15.260404586791992,13.163795471191406,13.735750198364258,28919343
2020-12-12,16.643213272094727,17.035547256469727,14.786171913146973,14.79905891418457,39164363
2020-12-13,16.913911819458008,17.156375885009766,15.99312686920166,16.592084884643555,26942599
2020-12-14,19.201040267944336,19.879724502563477,16.564050674438477,16.914567947387695,68237739
2020-12-15,24.26831817626953,24.44016456604004,18.80976676940918,19.214332580566406,124283114
2020-12-16,21.665699005126953,25.376644134521484,20.718408584594727,24.31224822998047,109911961
2020-12-17,23.290679931640625,23.643117904663086,20.41847038269043,21.652576446533203,87825304
2020-12-18,25.377222061157227,27.72450828552246,22.79326629638672,23.283477783203125,128734200
2020-12-19,26.5218448638916,27.372392654418945,25.228670120239258,25.361982345581055,28295140
2020-12-20,25.56471824645996,26.581796646118164,24.3975830078125,26.581796646118164,44216135
2020-12-21,28.15874671936035,29.02469253540039,25.501497268676758,25.578096389770508,91705570
2020-12-22,28.02243423461914,29.738340377807617,26.833229064941406,28.066797256469727,95982330
2020-12-23,21.526378631591797,28.470352172851562,20.56879997253418,28.0029296875,96972112
2020-12-24,24.98341178894043,26.08255386352539,21.000097274780273,21.67173194885254,71958465
2020-12-25,22.930400848388672,25.078571319580078,22.30950927734375,24.965539932250977,33790545
2020-12-26,23.106826782226562,23.90645980834961,20.726320266723633,22.943872451782227,52156707
2020-12-27,21.831544876098633,24.18661880493164,21.021387100219727,23.112314224243164,55839308
2020-12-28,25.392822265625,26.596824645996094,21.650310516357422,21.82988166809082,86572172
2020-12-29,23.78875160217285,25.83147430419922,23.633350372314453,25.394786834716797,47246141
2020-12-30,24.127412796020508,25.267169952392578,23.50701141357422,23.779767990112305,31025220
2020-12-31,24.636850357055664,24.646352767944336,23.581958770751953,24.13619041442871,18002132
2021-01-01,26.06504249572754,27.26088523864746,24.528057098388672,24.659027099609375,45807755
2021-01-02,25.891307830810547,26.924808502197266,24.95087242126465,26.067724227905273,44075762
2021-01-03,27.156723022460938,27.96539878845215,25.38848304748535,25.895036697387695,51460188
2021-01-04,30.62992286682129,31.151472091674805,26.14229393005371,27.307104110717773,107701273
2021-01-05,33.9537467956543,35.00260543823242,29.70625114440918,30.6126766204834,114435542
2021-01-06,38.435569763183594,39.77542495727539,33.62689208984375,34.0265998840332,117183928
2021-01-07,37.12343978881836,41.96035385131836,36.77778244018555,38.55318832397461,122374067
2021-01-08,37.38850784301758,40.758644104003906,33.99323272705078,37.11552810668945,92375977
2021-01-09,37.021514892578125,38.75175094604492,35.84196472167969,37.38897705078125,65121899
2021-01-10,36.24639892578125,39.29998779296875,33.94913101196289,37.01284408569336,83208484
2021-01-11,32.63798141479492,36.30715560913086,27.030458450317383,36.255401611328125,111227503
2021-01-12,31.533842086791992,34.78426742553711,30.817476272583008,32.61662673950195,56445914
2021-01-13,34.75646209716797,34.75646209716797,30.435277938842773,31.47126579284668,58733633
2021-01-14,37.8183479309082,38.8051872253418,34.038841247558594,34.76010513305664,65967967
2021-01-15,37.14418029785156,39.04351043701172,34.99182891845703,37.877586364746094,68718129
2021-01-16,36.917579650878906,38.726741790771484,36.13753890991211,37.14156723022461,50173410
2021-01-17,37.45375442504883,38.520816802978516,35.39749526977539,36.797447204589844,48539017
2021-01-18,39.5064697265625,40.81490707397461,37.211666107177734,37.50551986694336,56935788
2021-01-19,37.71384048461914,39.98881912231445,37.41468048095703,39.54103088378906,49386360
2021-01-20,38.676082611083984,39.90947723388672,35.7567253112793,37.653255462646484,82874539
2021-01-21,37.247657775878906,39.617431640625,36.20895767211914,38.7088623046875,65851905
2021-01-22,37.267826080322266,38.22617721557617,34.91502380371094,37.259090423583984,56274102
2021-01-23,37.04119873046875,38.236351013183594,36.27928924560547,37.23066711425781,33182223
2021-01-24,41.37271499633789,41.799922943115234,36.35667419433594,37.0491943359375,48554444
2021-01-25,50.12199401855469,53.76539611816406,41.31229019165039,41.31229019165039,256103435
2021-01-26,48.3734245300293,50.715187072753906,46.7197151184082,50.08757781982422,79729348
2021-01-27,53.46937942504883,54.51698684692383,45.99127960205078,48.37989044189453,137293282
2021-01-28,59.30538558959961,61.19833755493164,53.15919876098633,53.4489860534668,155315701
2021-01-29,61.87449645996094,62.77016830444336,56.16665267944336,57.99417495727539,149500042
2021-01-30,64.87449645996094,74.09709930419922,61.43617630004883,61.75309753417969,230929865
2021-01-31,63.5521240234375,69.4008560180664,62.03422927856445,64.83866119384766,116866717
2021-02-01,66.18324279785156,69.73115539550781,58.664390563964844,63.54296112060547,143032513
2021-02-02,64.29334259033203,67.63787078857422,63.13288116455078,66.17560577392578,84848404
2021-02-03,67.92561340332031,68.99027252197266,63.7382698059082,64.26046752929688,77929909
2021-02-04,73.99942779541016,78.7693099975586,65.0521240234375,67.9519271850586,150715906
2021-02-05,88.38453674316406,89.45796966552734,74.08363342285156,74.08363342285156,159133895
2021-02-06,96.17967987060547,99.36429595947266,83.95842742919922,88.18611907958984,219894555
2021-02-07,140.68060302734375,142.8213348388672,93.60780334472656,96.12884521484375,708156790
2021-02-08,166.75942993164062,196.63040161132812,130.0111846923828,140.75747680664062,1099163771
2021-02-09,196.02194213867188,215.86865234375,159.8319549560547,163.34812927246094,739262134
2021-02-10,176.74038696289062,214.44287109375,165.55287170410156,195.90423583984375,578129891
2021-02-11,158.381591796875,187.16970825195312,149.1799774169922,176.5327606201172,407950259
2021-02-12,170.3061065673828,177.54421997070312,153.39552307128906,157.768310546875,352452060
2021-02-13,160.2839813232422,175.30120849609375,159.98699951171875,169.9544219970703,173995421
2021-02-14,154.8737030029297,167.60679626464844,150.99156188964844,159.9200439453125,205186018
2021-02-15,140.41864013671875,168.6881103515625,105.084716796875,154.31944274902344,734896645
2021-02-16,137.02078247070312,151.44186401367188,131.5223388671875,140.0376739501953,254758586
2021-02-17,145.35003662109375,156.98826599121094,124.4129867553711,137.15965270996094,386929119
2021-02-18,152.23736572265625,166.23011779785156,143.6192169189453,145.4457244873047,321395016
2021-02-19,140.03378295898438,154.18572998046875,135.9499053955078,151.68832397460938,230753011
2021-02-20,139.8673858642578,154.45733642578125,133.717529296875,139.66159057617188,236418540
2021-02-21,140.514404296875,144.3683624267578,136.56719970703125,139.7264862060547,121930022
2021-02-22,126.82720184326172,153.08253479003906,105.91719818115234,140.67880249023438,305184564
2021-02-23,109.75375366210938,126.94918060302734,89.93184661865234,126.79248046875,314916613
2021-02-24,116.63410949707031,129.92962646484375,104.7438735961914,109.9225082397461,183660870
2021-02-25,113.25344848632812,128.45130920410156,113.15448760986328,116.76371765136719,149297372
2021-02-26,124.02540588378906,127.82758331298828,104.42452239990234,113.47022247314453,249691205
2021-02-27,135.41226196289062,151.4333953857422,122.63702392578125,124.18730926513672,346815813
2021-02-28,130.27781677246094,136.35293579101562,120.85338592529297,135.59014892578125,173592436
2021-03-01,138.289306640625,143.47674560546875,129.93301391601562,130.44247436523438,154492768
2021-03-02,134.0679931640625,144.6614990234375,127.73920440673828,138.31634521484375,146966490
2021-03-03,142.04132080078125,143.5235137939453,132.1461181640625,134.1218719482422,137423002
2021-03-04,150.84854125976562,159.46246337890625,138.47459411621094,141.607177734375,348067300
2021-03-05,141.90370178222656,150.91563415527344,139.20204162597656,150.91563415527344,166031861
2021-03-06,137.2953643798828,144.89193725585938,133.23553466796875,141.49795532226562,106963111
2021-03-07,145.89834594726562,151.51380920410156,137.31443786621094,137.31443786621094,126345724
2021-03-08,147.1745147705078,149.75111389160156,141.39585876464844,145.88169860839844,106069662
2021-03-09,158.84768676757812,163.8036346435547,144.9091796875,147.2991485595703,174317226
2021-03-10,151.26361083984375,164.97962951660156,148.51976013183594,158.35446166992188,163163412
2021-03-11,150.55564880371094,156.0780029296875,146.3129425048828,150.9454345703125,116422812
2021-03-12,140.39068603515625,151.83230590820312,137.72496032714844,151.0945281982422,99516760
2021-03-13,140.54812622070312,146.62673950195312,136.40640258789062,140.4736328125,90225948
2021-03-14,132.35394287109375,141.9267578125,131.20480346679688,140.49197387695312,94154169
2021-03-15,130.70700073242188,138.23443603515625,124.98145294189453,131.90147399902344,124930060
2021-03-16,130.45516967773438,133.38917541503906,126.78998565673828,130.6508026123047,80884385
2021-03-17,135.89547729492188,137.1599578857422,127.87464904785156,130.3874053955078,73350234
2021-03-18,133.0493927001953,137.95448303222656,130.97190856933594,135.74949645996094,62418770
2021-03-19,134.26513671875,135.51441955566406,130.34884643554688,133.23223876953125,57754367
2021-03-20,137.12864685058594,148.76402282714844,133.66064453125,133.98922729492188,104190111
2021-03-21,138.43197631835938,140.0421600341797,132.4352264404297,137.2640380859375,59693652
2021-03-22,135.11279296875,145.62844848632812,133.60821533203125,138.54052734375,103456189
2021-03-23,131.30618286132812,136.7809295654297,129.13438415527344,134.93247985839844,74690654
2021-03-24,121.02787780761719,135.6453399658203,120.71520233154297,131.12745666503906,74676160
2021-03-25,122.13545989990234,125.21768951416016,116.80110168457031,120.83766174316406,88411044
2021-03-26,140.95838928222656,144.36541748046875,122.07416534423828,122.10997772216797,169273844
2021-03-27,146.76869201660156,153.3372344970703,139.36453247070312,141.1132049560547,146974940
2021-03-28,141.41378784179688,148.40826416015625,138.74951171875,146.4752197265625,85216524
2021-03-29,143.58460998535156,148.78622436523438,138.60986328125,141.71682739257812,88759568
2021-03-30,142.90167236328125,146.21865844726562,141.92640686035156,143.61758422851562,70809134
2021-03-31,139.91644287109375,144.66458129882812,133.95188903808594,142.9283905029297,74541237
2021-04-01,150.085205078125,150.23455810546875,138.06248474121094,139.79306030273438,112577180
2021-04-02,167.6265411376953,173.08316040039062,150.5396270751953,150.5396270751953,258165789
2021-04-03,158.69137573242188,186.45314025878906,156.5020294189453,168.02525329589844,267613693
2021-04-04,168.69483947753906,172.20651245117188,157.20640563964844,160.2021026611328,135110585
2021-04-05,166.7383270263672,170.8756866455078,160.4130859375,168.86328125,131572873
2021-04-06,192.16619873046875,194.49139404296875,162.54669189453125,166.91143798828125,376135465
2021-04-07,173.2487335205078,195.52993774414062,167.46987915039062,193.14862060546875,236230942
2021-04-08,180.4528350830078,184.2003173828125,172.8513641357422,173.61862182617188,115877349
2021-04-09,194.30374145507812,197.14892578125,180.300048828125,180.48394775390625,184242856
2021-04-10,209.291259765625,214.14500427246094,188.37281799316406,194.3527069091797,290475782
2021-04-11,239.23619079589844,242.9044952392578,205.191650390625,208.96859741210938,493018183
2021-04-12,225.55191040039062,245.55738830566406,217.30503845214844,237.60377502441406,316610493
2021-04-13,212.38404846191406,226.179443359375,209.2611083984375,225.0240020751953,224585920
2021-04-14,226.6510009765625,238.4507598876953,210.0620574951172,212.54739379882812,289699598
2021-04-15,226.83053588867188,233.51568603515625,218.6409149169922,226.0220489501953,191206975
2021-04-16,211.38494873046875,227.1748809814453,204.83230590820312,226.55416870117188,178861303
2021-04-17,215.82717895507812,219.70370483398438,209.4883270263672,210.99481201171875,129551609
2021-04-18,189.7672119140625,216.5603485107422,133.8658905029297,215.4973602294922,422509755
2021-04-19,168.95016479492188,193.9492645263672,167.4366912841797,189.81219482421875,178633914
2021-04-20,174.91429138183594,177.98001098632812,153.79991149902344,168.20199584960938,233813657
2021-04-21,181.46449279785156,195.94305419921875,169.99716186523438,174.78060913085938,215947856
2021-04-22,164.48876953125,186.15382385253906,155.6824493408203,181.4137420654297,180841666
2021-04-23,161.44442749023438,167.01358032226562,140.17352294921875,164.4213104248047,226627001
2021-04-24,148.56846618652344,161.6184844970703,144.7814483642578,161.29576110839844,117757307
2021-04-25,149.0965576171875,157.13478088378906,138.50729370117188,148.7091064453125,83936596
2021-04-26,166.24441528320312,171.422607421875,148.3739013671875,149.47573852539062,105709762
2021-04-27,181.08274841308594,184.88209533691406,163.33901977539062,166.41357421875,117498896
2021-04-28,180.12445068359375,187.79678344726562,171.96817016601562,181.12789916992188,109455315
2021-04-29,174.14910888671875,182.58900451660156,170.61605834960938,180.11207580566406,90184709
2021-04-30,183.8723602294922,185.6907958984375,172.43002319335938,174.34266662597656,86627861
2021-05-01,181.60311889648438,185.27383422851562,177.56881713867188,183.8480224609375,61928868
2021-05-02,180.75588989257812,182.2530975341797,173.57920837402344,181.52398681640625,64255539
2021-05-03,193.41436767578125,196.3634490966797,180.34378051757812,180.57479858398438,111162092
2021-05-04,175.63246154785156,193.9522247314453,175.03932189941406,193.4699249267578,127381907
2021-05-05,192.8154754638672,199.6193389892578,174.69088745117188,175.3360595703125,128070123
2021-05-06,193.8285675048828,205.0153045654297,189.35528564453125,192.62289428710938,137788584
2021-05-07,190.53982543945312,198.11720275878906,187.08448791503906,194.33836364746094,90894841
2021-05-08,185.5948028564453,193.32217407226562,184.75625610351562,190.325439453125,68650981
2021-05-09,187.5906219482422,189.72506713867188,180.0225830078125,185.7308807373047,73746350
2021-05-10,173.04168701171875,191.60227966308594,163.33546447753906,187.6408233642578,105027377
2021-05-11,181.67893981933594,181.67893981933594,169.6157989501953,173.13014221191406,102120338
2021-05-12,167.58139038085938,186.1175079345703,167.56683349609375,181.5469207763672,126379720
2021-05-13,161.36358642578125,175.8587188720703,154.46734619140625,170.228759765625,191577010
2021-05-14,164.07911682128906,172.57070922851562,160.62232971191406,161.28941345214844,101472911
2021-05-15,156.7583465576172,167.5400390625,155.2415008544922,164.00440979003906,119267983
2021-05-16,154.871826171875,169.4270477294922,144.1361541748047,156.75038146972656,129039593
2021-05-17,140.46511840820312,154.76792907714844,135.05709838867188,154.5277862548828,146405567
2021-05-18,144.89918518066406,149.963134765625,139.37655639648438,140.2255859375,110307159
2021-05-19,97.54720306396484,148.38955688476562,75.14402770996094,145.12039184570312,296196201
2021-05-20,113.01263427734375,123.7768325805664,90.42326354980469,96.49949645996094,178156146
2021-05-21,97.94303131103516,116.73933410644531,85.46311950683594,112.65332794189453,151483490
2021-05-22,90.32913970947266,99.16683959960938,86.10060119628906,98.08512115478516,85651672
2021-05-23,85.8672866821289,94.56211853027344,66.07422637939453,90.513671875,138763116
2021-05-24,104.11016845703125,104.9034652709961,82.93993377685547,85.52053833007812,118912171
2021-05-25,102.26227569580078,109.44910430908203,96.07832336425781,104.35639190673828,100466229
2021-05-26,118.74458312988281,121.82546997070312,99.97035217285156,102.35053253173828,122064956
2021-05-27,114.24565887451172,119.38809204101562,107.0074234008789,118.7950439453125,80935742
2021-05-28,99.58363342285156,115.29816436767578,95.56822967529297,114.60643768310547,89535002
2021-05-29,90.75401306152344,103.39746856689453,86.12876892089844,99.57522583007812,65059883
2021-05-30,92.99762725830078,99.40721130371094,87.68621826171875,90.77444458007812,45823705
2021-05-31,103.95552062988281,104.5178451538086,90.05511474609375,92.91948699951172,55896637
2021-06-01,101.42830657958984,105.12633514404297,98.72987365722656,103.80613708496094,58057950
2021-06-02,103.49520874023438,108.91565704345703,99.01549530029297,101.49693298339844,50794676
2021-06-03,107.30301666259766,111.15895080566406,102.01406860351562,103.52557373046875,48845039
2021-06-04,96.50010681152344,107.3431625366211,92.97740936279297,107.30377960205078,66347875
2021-06-05,96.85371398925781,103.93545532226562,92.35523223876953,96.70289611816406,47979510
2021-06-06,97.53678131103516,99.54064178466797,95.40377807617188,96.85694885253906,24488939
2021-06-07,90.82198333740234,106.11898803710938,90.54150390625,97.45929718017578,64603935
2021-06-08,89.95721435546875,92.70376586914062,79.18707275390625,90.90310668945312,73927806
2021-06-09,92.45045471191406,95.00293731689453,84.84688568115234,89.69873809814453,56023313
2021-06-10,87.24663543701172,93.67390441894531,86.55579376220703,92.59178924560547,40619367
2021-06-11,81.03295135498047,90.00741577148438,80.66458892822266,87.23519897460938,39391712
2021-06-12,78.9522933959961,81.53064727783203,77.50516510009766,81.04011535644531,37797707
2021-06-13,87.2925033569336,89.10918426513672,76.2087631225586,78.99891662597656,46226551
2021-06-14,89.12046813964844,93.61685180664062,85.01791381835938,87.33690643310547,46103826
2021-06-15,92.03443908691406,93.86895751953125,88.42325592041016,89.21060943603516,57790349
2021-06-16,86.5005111694336,91.9183120727539,85.38975524902344,91.00213623046875,35097766
2021-06-17,86.28826141357422,89.30985260009766,83.20716857910156,86.49409484863281,29164900
2021-06-18,79.7211685180664,86.44774627685547,78.02898406982422,86.3309097290039,33808434
2021-06-19,79.68260955810547,81.84803009033203,78.1521987915039,79.8730697631836,23756137
2021-06-20,80.56341552734375,82.61016845703125,76.53821563720703,79.60203552246094,28318358
2021-06-21,68.34207153320312,80.9781494140625,67.63932800292969,80.34298706054688,50362845
2021-06-22,59.452640533447266,72.48236846923828,53.5277214050293,68.2688980102539,89627276
2021-06-23,65.77714538574219,69.39617919921875,57.08000183105469,59.540008544921875,56631576
2021-06-24,67.36300659179688,69.37003326416016,61.32307052612305,65.35359954833984,32705558
2021-06-25,61.77914047241211,69.05500793457031,61.1335334777832,67.40798950195312,37042852
2021-06-26,63.6269416809082,64.48056030273438,59.190494537353516,61.648555755615234,32529242
2021-06-27,65.77133178710938,66.30367279052734,61.99810028076172,63.78617477416992,45057698
2021-06-28,73.49186706542969,74.59696197509766,64.57647705078125,65.73845672607422,53336744
2021-06-29,84.65750122070312,89.16242218017578,73.32441711425781,73.7463607788086,81714048
2021-06-30,85.02845764160156,88.55451202392578,78.18257904052734,85.1294937133789,74390698
2021-07-01,80.219970703125,85.10293579101562,78.4769287109375,85.04603576660156,42694137
2021-07-02,81.18897247314453,82.11135864257812,77.50434875488281,80.2474594116211,31565723
2021-07-03,92.39693450927734,94.3636474609375,80.03279113769531,81.09691619873047,68719737
2021-07-04,93.59197235107422,96.45539855957031,89.91696166992188,92.42057037353516,51097345
2021-07-05,97.50611877441406,107.83757781982422,88.63534545898438,93.48541259765625,156779787
2021-07-06,95.77364349365234,105.15398406982422,93.2586669921875,97.6914291381836,90404386
2021-07-07,95.35623931884766,99.58269500732422,93.8797378540039,95.78009796142578,59214018
2021-07-08,88.78752136230469,95.86715698242188,85.93635559082031,95.85175323486328,56880419
2021-07-09,89.82166290283203,93.7099609375,85.0003662109375,88.71913146972656,39592459
2021-07-10,88.26338195800781,92.24024200439453,87.39167785644531,89.87828063964844,28485205
2021-07-11,89.19193267822266,91.96343994140625,86.95819091796875,88.27855682373047,26271850
2021-07-12,88.61556243896484,90.94218444824219,85.93199157714844,89.19352722167969,28409830
2021-07-13,85.69490814208984,88.89097595214844,83.43488311767578,88.21204376220703,33284487
2021-07-14,84.18035888671875,85.8857650756836,80.27806091308594,85.71233367919922,33312664
2021-07-15,78.82976531982422,85.57855224609375,77.59886932373047,84.186279296875,40376549
2021-07-16,74.57254791259766,80.2579116821289,74.25659942626953,79.19609832763672,31954794
2021-07-17,74.26312255859375,76.56884765625,72.37252807617188,74.54960632324219,25427169
2021-07-18,74.58341217041016,79.53894805908203,74.32734680175781,74.37171936035156,56467280
2021-07-19,69.84172821044922,75.48013305664062,69.81051635742188,74.53888702392578,36925737
2021-07-20,67.77403259277344,71.1763687133789,65.37299346923828,70.18595123291016,37444167
2021-07-21,76.23806762695312,78.2352523803711,65.56441497802734,67.77426147460938,46641454
2021-07-22,78.86222076416016,82.51403045654297,75.38729095458984,76.43550872802734,40764929
2021-07-23,80.25231170654297,81.91858673095703,75.2964859008789,78.78165435791016,34792048
2021-07-24,82.76741790771484,88.16865539550781,79.07098388671875,80.30340576171875,60623068
2021-07-25,84.86847686767578,86.76751708984375,81.2225341796875,82.66896057128906,39679230
2021-07-26,86.41413879394531,92.77001190185547,84.59058380126953,84.89470672607422,109494129
2021-07-27,86.40572357177734,87.49803161621094,81.07450866699219,86.20376586914062,54472534
2021-07-28,84.97123718261719,87.63233184814453,82.7188949584961,86.69949340820312,50001490
2021-07-29,85.02037811279297,86.67005157470703,83.29338073730469,85.24566650390625,36145133
2021-07-30,86.93451690673828,87.60423278808594,81.70540618896484,85.04605102539062,46527555
2021-07-31,86.10712432861328,89.5167007446289,84.60992431640625,86.71908569335938,53818427
2021-08-01,87.18799591064453,91.80812072753906,86.10157775878906,86.5116195678711,78061108
2021-08-02,104.48841857910156,104.48841857910156,85.80776977539062,87.08403778076172,142848137
2021-08-03,97.88760375976562,104.38138580322266,95.94638061523438,104.20125579833984,94523300
2021-08-04,102.4478530883789,103.56294250488281,97.37635040283203,97.81880187988281,49758433
2021-08-05,108.94659423828125,110.67245483398438,100.11296081542969,102.67576599121094,115146016
2021-08-06,115.48894500732422,120.72679901123047,107.16876220703125,108.87189483642578,141352471
2021-08-07,117.70658874511719,120.67005920410156,114.33712005615234,115.53350067138672,57614588
2021-08-08,125.45685577392578,128.0485076904297,114.8393325805664,117.93603515625,107507129
2021-08-09,134.8929901123047,135.0391082763672,118.87910461425781,125.47968292236328,111955161
2021-08-10,139.65130615234375,142.80995178222656,132.6513671875,134.5403289794922,87890831
2021-08-11,135.4740447998047,143.44749450683594,133.97933959960938,139.5478057861328,68500857
2021-08-12,134.0862274169922,142.7427215576172,123.8324203491211,135.33053588867188,158915751
2021-08-13,138.1802520751953,139.18441772460938,131.57943725585938,134.27090454101562,86286935
2021-08-14,137.11984252929688,141.48953247070312,134.80221557617188,138.20436096191406,64577601
2021-08-15,136.69309997558594,140.09002685546875,131.65982055664062,137.30853271484375,62987264
2021-08-16,136.6855926513672,142.26577758789062,132.60765075683594,136.74453735351562,93338458
2021-08-17,140.04551696777344,159.58094787597656,132.5479736328125,136.17886352539062,240748564
2021-08-18,147.22447204589844,152.42283630371094,129.6227569580078,140.11004638671875,170568912
2021-08-19,146.16004943847656,153.23912048339844,137.53416442871094,146.6456756591797,123658312
2021-08-20,155.94419860839844,159.5503387451172,143.04539489746094,146.00001525878906,149799760
2021-08-21,149.12527465820312,156.01348876953125,148.66152954101562,156.01348876953125,77251034
2021-08-22,147.98342895507812,152.45721435546875,141.60760498046875,149.03268432617188,88413183
2021-08-23,149.1852569580078,154.78416442871094,145.6841583251953,148.64996337890625,78980534
2021-08-24,137.34779357910156,151.92384338378906,133.50445556640625,149.36756896972656,89349762
2021-08-25,138.69032287597656,140.7998504638672,131.5791015625,137.45701599121094,67796371
2021-08-26,134.8440704345703,144.24618530273438,133.0501708984375,139.01861572265625,95358271
2021-08-27,141.06983947753906,141.1021270751953,128.59823608398438,134.68699645996094,84155645
2021-08-28,140.74649047851562,143.91299438476562,138.14158630371094,141.037841796875,56788904
2021-08-29,141.2043914794922,143.7650146484375,135.353515625,140.79208374023438,45375977
2021-08-30,157.6714630126953,169.45242309570312,139.5059051513672,141.16502380371094,272459080
2021-08-31,168.59112548828125,170.95973205566406,153.58612060546875,158.4485626220703,171315998
2021-09-01,176.8848114013672,184.85711669921875,168.3166961669922,168.362060546875,210860551
2021-09-02,171.78387451171875,181.02410888671875,171.43006896972656,176.16006469726562,100767817
2021-09-03,174.5585479736328,179.02394104003906,167.9149932861328,172.41583251953125,83328156
2021-09-04,171.70574951171875,179.55853271484375,171.04910278320312,174.6649169921875,68069457
2021-09-05,176.13465881347656,178.03067016601562,168.16673278808594,171.58099365234375,66805984
2021-09-06,180.06678771972656,186.88217163085938,174.2012176513672,176.22613525390625,130588787
2021-09-07,158.03482055664062,181.92193603515625,135.55035400390625,179.9544677734375,217789533
2021-09-08,172.29124450683594,174.53919982910156,138.09417724609375,158.04074096679688,226228136
2021-09-09,200.98541259765625,216.7828369140625,168.29537963867188,173.4676513671875,476975881
2021-09-10,235.07974243164062,240.05943298339844,196.0018310546875,200.6051483154297,528268766
2021-09-11,229.27020263671875,248.67039489746094,221.21365356445312,235.38589477539062,434122806
2021-09-12,265.9412841796875,294.91546630859375,225.33599853515625,229.8505401611328,739750914
2021-09-13,261.0480041503906,288.27398681640625,250.97035217285156,266.00225830078125,637136938
2021-09-14,280.9647216796875,302.1427917480469,258.5509033203125,261.05450439453125,490387193
2021-09-15,258.42132568359375,284.8431396484375,255.97213745117188,280.2705078125,279908578
2021-09-16,266.9869384765625,271.12628173828125,245.77134704589844,258.73870849609375,297674325
2021-09-17,241.8239288330078,277.8106994628906,238.87420654296875,266.00140380859375,223350124
2021-09-18,248.56500244140625,253.5474090576172,236.0450897216797,241.91714477539062,156921206
2021-09-19,225.0188446044922,249.2866668701172,223.16160583496094,247.83921813964844,140762625
2021-09-20,184.140380859375,225.7206573486328,181.8745880126953,224.6352996826172,402177311
2021-09-21,200.05075073242188,227.15692138671875,172.51788330078125,185.483642578125,505818887
2021-09-22,230.72998046875,234.66680908203125,193.07469177246094,199.32174682617188,396965932
2021-09-23,246.03189086914062,258.7600402832031,222.8206024169922,230.26593017578125,344535536
2021-09-24,237.97113037109375,249.46131896972656,214.1524658203125,245.70765686035156,367371461
2021-09-25,218.8578338623047,238.51644897460938,215.90081787109375,238.15342712402344,164805621
2021-09-26,223.3394775390625,233.3940887451172,201.17372131347656,218.3771514892578,213314948
2021-09-27,212.55319213867188,232.3448486328125,211.0507354736328,223.74525451660156,138534090
2021-09-28,199.8429412841797,221.13807678222656,199.55352783203125,212.22195434570312,166849854
2021-09-29,203.55064392089844,214.76919555664062,196.41493225097656,200.5196990966797,168458788
2021-09-30,210.3067626953125,212.87460327148438,200.9583282470703,203.2463836669922,138033309
2021-10-01,241.81488037109375,247.65093994140625,205.4933319091797,209.9808349609375,272858962
2021-10-02,245.88690185546875,258.5050048828125,233.10250854492188,241.77291870117188,219439052
2021-10-03,254.4271240234375,254.57579040527344,239.14617919921875,245.31016540527344,169988913
2021-10-04,239.37127685546875,254.86927795410156,235.516845703125,254.37380981445312,186644020
2021-10-05,244.73361206054688,253.09828186035156,236.88938903808594,239.58616638183594,167078529
2021-10-06,230.83815002441406,246.7065887451172,222.53359985351562,244.62783813476562,181438719
2021-10-07,242.94493103027344,244.2125244140625,225.2202606201172,230.51856994628906,150007848
2021-10-08,257.67181396484375,276.193359375,242.90293884277344,243.2593536376953,344068444
2021-10-09,258.71185302734375,268.4961242675781,255.0795440673828,257.6283874511719,99247831
2021-10-10,240.61997985839844,259.0088195800781,237.7591094970703,259.0088195800781,112920474
2021-10-11,249.18701171875,251.86378479003906,236.25445556640625,240.27159118652344,149366249
2021-10-12,236.22393798828125,248.62110900878906,220.57603454589844,248.62110900878906,162260641
2021-10-13,241.9198760986328,250.05133056640625,233.26315307617188,236.1747589111328,137966206
2021-10-14,241.5554962158203,250.29685974121094,239.283447265625,241.97915649414062,81038418
2021-10-15,236.47911071777344,244.00111389160156,234.54994201660156,242.267822265625,106002902
2021-10-16,240.9601287841797,249.74234008789062,236.48399353027344,236.81784057617188,92478026
2021-10-17,235.86270141601562,242.94650268554688,226.0286865234375,241.02310180664062,76165491
2021-10-18,230.2030029296875,238.60923767089844,227.762939453125,235.76687622070312,79534291
2021-10-19,229.82968139648438,232.69163513183594,225.3702392578125,230.28585815429688,88826595
2021-10-20,239.94412231445312,244.8462677001953,227.66046142578125,229.81356811523438,111130613
2021-10-21,248.53231811523438,260.549072265625,238.90501403808594,240.17079162597656,183654607
2021-10-22,274.4622497558594,277.9169616699219,248.91378784179688,249.2547149658203,267294710
2021-10-23,271.3854675292969,279.7679443359375,266.5283203125,274.5789794921875,99236294
2021-10-24,283.7901611328125,294.4835205078125,270.10955810546875,271.39898681640625,193175119
2021-10-25,294.618408203125,297.91290283203125,282.5180969238281,283.6070556640625,135421296
2021-10-26,273.00811767578125,295.5599060058594,269.1357421875,294.61956787109375,143090817
2021-10-27,245.39126586914062,277.47418212890625,228.5061492919922,272.9185791015625,209627154
2021-10-28,257.0880432128906,267.47418212890625,244.34817504882812,245.5091094970703,135236640
2021-10-29,268.9647521972656,274.0994567871094,255.04930114746094,257.1227722167969,107637540
2021-10-30,259.6157531738281,269.797119140625,257.2550048828125,269.00836181640625,75082777
2021-10-31,270.9442138671875,275.2643737792969,252.48243713378906,259.9726867675781,105013996
2021-11-01,269.5904235839844,278.015869140625,259.5107727050781,270.85687255859375,126006581
2021-11-02,272.51800537109375,276.9930114746094,267.8058776855469,269.3324890136719,90680888
2021-11-03,307.7010803222656,307.81854248046875,269.6322021484375,272.24017333984375,269484958
2021-11-04,318.0805969238281,323.9367980957031,298.4344177246094,307.5072021484375,350245226
2021-11-05,316.1724853515625,329.0958251953125,305.10882568359375,318.8329162597656,201108136
2021-11-06,316.7204284667969,319.716796875,303.6319885253906,315.948486328125,113989383
2021-11-07,315.81829833984375,328.9476013183594,314.17022705078125,317.4163513183594,133343749
2021-11-08,309.541748046875,316.23675537109375,307.9831848144531,316.23675537109375,129173666
2021-11-09,317.0692443847656,322.5596008300781,308.8208312988281,309.2995910644531,124196977
2021-11-10,313.1821594238281,338.2200012207031,292.7373046875,316.91876220703125,293809853
2021-11-11,318.5971984863281,334.2066650390625,303.71722412109375,313.04937744140625,164725547
2021-11-12,325.0150451660156,325.7278137207031,304.50213623046875,317.6163330078125,131437483
2021-11-13,322.30316162109375,330.3936767578125,319.0469665527344,325.90899658203125,109139530
2021-11-14,319.8921203613281,325.2559509277344,312.10546875,322.3482666015625,87452466
2021-11-15,314.3530578613281,325.7218017578125,312.197021484375,320.0099792480469,111996190
2021-11-16,303.8653869628906,318.4621887207031,286.53350830078125,315.2637939453125,218649103
2021-11-17,310.42669677734375,310.73724365234375,289.3327941894531,303.6777038574219,142732455
2021-11-18,308.2247009277344,325.7716064453125,293.6251525878906,309.7650451660156,238292551
2021-11-19,347.2447814941406,369.8891296386719,302.7049255371094,307.99639892578125,442210872
2021-11-20,391.8277587890625,392.719970703125,333.427734375,347.7218933105469,577260289
2021-11-21,427.1106262207031,444.4203186035156,381.3484802246094,392.9231262207031,913161284
2021-11-22,490.3490905761719,494.8851318359375,413.2792053222656,427.93194580078125,1277462840
2021-11-23,468.76605224609375,542.5796508789062,468.76605224609375,490.9145202636719,1269067808
2021-11-24,453.8447265625,495.4559020996094,441.765869140625,469.4662780761719,1227649457
2021-11-25,450.3297424316406,467.13568115234375,425.0741271972656,458.5356140136719,673813782
2021-11-26,396.78045654296875,443.10528564453125,389.8605651855469,439.14532470703125,378993138
2021-11-27,431.1785583496094,442.3271789550781,396.4798583984375,398.0395812988281,323288534
2021-11-28,412.9878845214844,437.0909423828125,390.5460205078125,431.2772216796875,321904062
2021-11-29,396.3271179199219,416.3256530761719,394.8197326660156,412.74053955078125,231515669
2021-11-30,376.9798583984375,402.6617126464844,376.22802734375,396.3676452636719,248939812
2021-12-01,406.4123229980469,427.4313049316406,370.2423400878906,376.56903076171875,434581911
2021-12-02,356.9525146484375,420.3473815917969,352.48223876953125,407.88397216796875,553134381
2021-12-03,345.1658630371094,357.8407287597656,322.15234375,357.2463684082031,354858403
2021-12-04,309.2416687011719,348.3459777832031,225.61134338378906,346.2179870605469,613303368
2021-12-05,288.3043518066406,330.1659240722656,278.7937316894531,309.226318359375,261774679
2021-12-06,288.8863220214844,294.02972412109375,261.8589782714844,288.2721862792969,277817756
2021-12-07,286.6905822753906,313.57012939453125,282.6385192871094,288.91107177734375,195601226
2021-12-08,297.37677001953125,305.0809326171875,272.0619812011719,286.509521484375,163934326
2021-12-09,266.72894287109375,313.22979736328125,266.27374267578125,297.42974853515625,254862453
2021-12-10,257.4122009277344,281.4429931640625,256.322998046875,266.4801940917969,174273338
2021-12-11,255.982421875,262.78082275390625,248.85311889648438,257.6314697265625,134954669
2021-12-12,263.0710754394531,268.8811950683594,249.73927307128906,256.17041015625,109873525
2021-12-13,234.25405883789062,263.99859619140625,227.3624725341797,263.1754455566406,173104412
2021-12-14,254.48379516601562,256.705810546875,229.38150024414062,234.37864685058594,151728415
2021-12-15,295.9351806640625,298.404296875,253.91575622558594,254.25038146972656,348870733
2021-12-16,268.1120300292969,345.015380859375,265.71978759765625,296.0794372558594,631538887
2021-12-17,255.30604553222656,278.8466796875,251.99530029296875,268.2098083496094,329097599
2021-12-18,253.77749633789062,264.1542053222656,245.56800842285156,255.3995819091797,187331887
2021-12-19,246.77301025390625,259.21966552734375,241.54771423339844,254.15696716308594,147288918
2021-12-20,236.43890380859375,247.7333221435547,225.42686462402344,246.388427734375,184534996
2021-12-21,240.3127899169922,248.40457153320312,232.02288818359375,236.22149658203125,134896862
2021-12-22,247.10421752929688,253.7266082763672,237.73043823242188,240.1167449951172,146765980
2021-12-23,260.8936767578125,268.9338073730469,240.6417236328125,246.80880737304688,198718350
2021-12-24,250.59466552734375,270.7349548339844,247.50888061523438,261.27020263671875,152131518
2021-12-25,255.62396240234375,260.595458984375,249.1313934326172,250.8876495361328,76100889
2021-12-26,259.11175537109375,262.3313293457031,243.47605895996094,255.52841186523438,108207870
2021-12-27,266.2277526855469,283.85906982421875,258.7293701171875,258.7539367675781,201655925
2021-12-28,240.74818420410156,269.6153564453125,237.20797729492188,266.31036376953125,179554814
2021-12-29,237.90374755859375,246.09486389160156,232.48223876953125,240.54478454589844,128125561
2021-12-30,239.39764404296875,251.123291015625,233.4599151611328,238.3687286376953,120207210
2021-12-31,238.62522888183594,248.06149291992188,233.481201171875,239.5683135986328,78346026
2022-01-01,244.8152313232422,244.85459899902344,236.37826538085938,238.68397521972656,66566494
2022-01-02,239.7716522216797,245.13287353515625,237.64283752441406,244.79476928710938,83454086
2022-01-03,236.82211303710938,244.51478576660156,233.99034118652344,239.7889404296875,94034605
2022-01-04,236.24522399902344,242.6353759765625,230.83584594726562,236.82989501953125,123495054
2022-01-05,214.66781616210938,253.82125854492188,201.1678009033203,236.21014404296875,276118826
2022-01-06,212.60150146484375,215.32598876953125,201.6617431640625,214.6549072265625,176987272
2022-01-07,195.56259155273438,213.04832458496094,193.10386657714844,212.566162109375,173435230
2022-01-08,190.86289978027344,200.94888305664062,182.7587432861328,195.62588500976562,113991416
2022-01-09,197.8887176513672,202.32073974609375,188.89675903320312,190.8048858642578,93064019
2022-01-10,191.16844177246094,200.08868408203125,180.6814727783203,197.85939025878906,121552199
2022-01-11,205.38560485839844,207.71360778808594,188.96913146972656,191.19497680664062,179027819
2022-01-12,214.91595458984375,219.34127807617188,204.94520568847656,205.3688201904297,140839248
2022-01-13,195.02969360351562,214.85435485839844,194.8563995361328,214.74752807617188,130641390
2022-01-14,199.52529907226562,201.39817810058594,191.15443420410156,195.07826232910156,116227429
2022-01-15,200.68055725097656,206.8471221923828,197.63217163085938,199.56256103515625,79641396
2022-01-16,195.38088989257812,200.8857879638672,193.48336791992188,200.662109375,96641437
2022-01-17,187.2699737548828,195.96275329589844,182.99575805664062,195.4025421142578,113844135
2022-01-18,179.2080535888672,190.85098266601562,171.7641143798828,187.24276733398438,148806974
2022-01-19,173.98709106445312,180.08018493652344,169.47808837890625,179.20567321777344,97687041
2022-01-20,166.2484893798828,185.1873321533203,166.16921997070312,173.93975830078125,75119032
2022-01-21,137.76220703125,168.843994140625,136.13125610351562,166.38336181640625,196475943
2022-01-22,125.12866973876953,142.15899658203125,113.73914337158203,137.88902282714844,232458860
2022-01-23,133.99819946289062,141.90943908691406,124.66053771972656,125.27527618408203,159522630
2022-01-24,131.21322631835938,134.13504028320312,116.45220947265625,134.05123901367188,178748387
2022-01-25,140.79225158691406,142.06723022460938,128.72508239746094,131.2041778564453,151868918
2022-01-26,140.23562622070312,157.84181213378906,137.21978759765625,140.7810516357422,189675541
2022-01-27,141.9202423095703,146.71275329589844,133.3410186767578,140.2125701904297,124355210
2022-01-28,143.93592834472656,146.21176147460938,136.4124298095703,141.86553955078125,95689968
2022-01-29,149.173828125,150.4835968017578,143.31048583984375,143.94422912597656,85523885
2022-01-30,141.14813232421875,151.6423797607422,140.03915405273438,149.2525177001953,86962512
2022-01-31,146.198486328125,146.20164489746094,134.76112365722656,141.1873321533203,86128392
2022-02-01,150.70909118652344,155.8750762939453,145.31640625,146.0504608154297,112023483
2022-02-02,141.69454956054688,155.5318145751953,140.55259704589844,150.72433471679688,118701074
2022-02-03,139.89730834960938,142.86581420898438,135.7558135986328,141.63658142089844,93438219
2022-02-04,153.2880096435547,153.55322265625,138.62330627441406,139.86007690429688,110407244
2022-02-05,160.51657104492188,165.163818359375,152.56222534179688,153.4387969970703,128065993
2022-02-06,166.11912536621094,166.23277282714844,158.04452514648438,160.6119384765625,103120227
2022-02-07,176.0570068359375,183.03321838378906,161.0462646484375,166.17660522460938,187590802
2022-02-08,173.01318359375,183.01071166992188,166.58340454101562,176.15809631347656,172748148
2022-02-09,178.00465393066406,180.83067321777344,170.4740753173828,172.78396606445312,104123722
2022-02-10,176.532958984375,189.8326873779297,174.10496520996094,178.02854919433594,323842319
2022-02-11,194.6718292236328,210.1392059326172,173.81781005859375,176.53424072265625,552121052
2022-02-12,200.3838653564453,203.20932006835938,183.29989624023438,194.66038513183594,411201131
2022-02-13,191.10321044921875,206.00413513183594,191.10321044921875,200.279296875,250617550
2022-02-14,187.3708038330078,195.05201721191406,183.40074157714844,190.6980743408203,213838544
2022-02-15,194.28970336914062,199.4022674560547,186.86866760253906,187.38211059570312,214051070
2022-02-16,190.938720703125,196.43197631835938,184.04466247558594,194.30535888671875,184204244
2022-02-17,170.24562072753906,194.72543334960938,169.4586944580078,190.85824584960938,220171632
2022-02-18,164.5677490234375,181.22789001464844,163.70309448242188,170.36785888671875,190570588
2022-02-19,162.46780395507812,167.53041076660156,158.160888671875,164.4324493408203,118242276
2022-02-20,155.56297302246094,162.4530792236328,152.97640991210938,162.4530792236328,117244949
2022-02-21,146.32131958007812,169.2709503173828,145.82347106933594,155.49664306640625,249701263
2022-02-22,151.7670135498047,153.90283203125,146.03848266601562,146.299560546875,178775723
2022-02-23,146.919921875,160.11318969726562,146.919921875,151.6778106689453,175324480
2022-02-24,134.7850341796875,147.83689880371094,121.9807357788086,146.8837432861328,474556006
2022-02-25,148.60345458984375,150.15138244628906,132.97242736816406,134.77972412109375,236738307
2022-02-26,142.36895751953125,151.74969482421875,140.99893188476562,148.6193084716797,191196934
2022-02-27,136.05580139160156,144.64154052734375,135.06874084472656,142.3575897216797,193746737
2022-02-28,150.35914611816406,152.04263305664062,133.40869140625,136.064208984375,268479412
2022-03-01,152.1475067138672,158.85255432128906,149.0554656982422,150.3682098388672,301304734
2022-03-02,152.58001708984375,158.57679748535156,148.8685302734375,152.15219116210938,252309008
2022-03-03,146.64236450195312,154.3914794921875,144.4244842529297,152.56234741210938,171026249
2022-03-04,132.72348022460938,146.73973083496094,130.9063262939453,146.6460723876953,219433589
2022-03-05,137.72755432128906,139.37234497070312,129.30691528320312,132.86456298828125,139768613
2022-03-06,132.7268829345703,138.6538543701172,132.43934631347656,137.74244689941406,109134842
2022-03-07,131.2329864501953,137.71534729003906,126.78156280517578,132.7425994873047,146266406
2022-03-08,132.29859924316406,135.54661560058594,129.47386169433594,131.23147583007812,130248433
2022-03-09,141.90545654296875,146.13519287109375,132.27166748046875,132.3104248046875,219432586
2022-03-10,143.75025939941406,145.92291259765625,132.24301147460938,141.8727264404297,297861654
2022-03-11,138.76422119140625,152.49734497070312,138.74334716796875,143.98228454589844,290286687
2022-03-12,139.55245971679688,143.93487548828125,138.82090759277344,138.82090759277344,120334308
2022-03-13,135.24977111816406,142.45037841796875,134.81871032714844,139.5000457763672,109320851
2022-03-14,143.0892333984375,144.01333618164062,133.32945251464844,135.21226501464844,147380875
2022-03-15,156.51248168945312,158.77745056152344,141.8808135986328,143.085205078125,403316444
2022-03-16,163.6709747314453,167.75473022460938,154.69305419921875,156.54075622558594,375949130
2022-03-17,157.2215118408203,165.39389038085938,156.39356994628906,163.7132110595703,175024999
2022-03-18,159.1506805419922,164.42283630371094,152.74021911621094,157.2010955810547,200349024
2022-03-19,160.1109161376953,164.45074462890625,157.93568420410156,159.11497497558594,163574578
2022-03-20,160.42347717285156,169.10523986816406,158.2410430908203,160.1455841064453,248658326
2022-03-21,173.6402587890625,175.51983642578125,160.20486450195312,160.43136596679688,297126636
2022-03-22,185.48150634765625,186.89735412597656,172.36659240722656,173.58169555664062,284512411
2022-03-23,185.70033264160156,193.14573669433594,181.725830078125,185.49497985839844,266593731
2022-03-24,192.12367248535156,193.21412658691406,183.18223571777344,185.70069885253906,262726218
2022-03-25,181.82151794433594,194.68551635742188,179.68112182617188,192.15513610839844,168766454
2022-03-26,189.0904083251953,190.5283660888672,177.90660095214844,181.81362915039062,193034311
2022-03-27,198.81626892089844,199.2718505859375,186.16653442382812,189.07496643066406,132761770
2022-03-28,192.61871337890625,213.3135528564453,191.90335083007812,198.8144073486328,289031847
2022-03-29,197.13656616210938,204.18360900878906,192.54672241210938,192.54672241210938,184528316
2022-03-30,197.93426513671875,202.31114196777344,191.85374450683594,197.08306884765625,165784559
2022-03-31,186.5762481689453,204.73794555664062,185.4580078125,197.91188049316406,198349270
2022-04-01,198.1542510986328,198.1999969482422,179.62437438964844,186.7374725341797,197245454
2022-04-02,191.9324493408203,201.51551818847656,191.5323028564453,198.10891723632812,156943971
2022-04-03,195.31845092773438,198.1871795654297,188.97279357910156,191.93405151367188,125071363
2022-04-04,191.21597290039062,197.72520446777344,184.61083984375,195.2977294921875,154668078
2022-04-05,184.50137329101562,193.02728271484375,184.47647094726562,191.2285614013672,122540504
2022-04-06,164.88436889648438,184.5341339111328,163.03147888183594,184.4943084716797,212456743
2022-04-07,169.30152893066406,173.60797119140625,162.2626190185547,164.90000915527344,140337317
2022-04-08,160.91929626464844,172.6646728515625,160.13192749023438,169.3016357421875,121269736
2022-04-09,167.3273468017578,167.68946838378906,160.7510986328125,160.8480682373047,76035865
2022-04-10,161.687744140625,171.27667236328125,161.687744140625,167.31446838378906,90495436
2022-04-11,150.47683715820312,163.5358428955078,148.73623657226562,161.53054809570312,141992155
2022-04-12,156.25885009765625,159.6791229248047,150.28860473632812,150.48007202148438,121704060
2022-04-13,159.45008850097656,160.00926208496094,153.9470977783203,156.26292419433594,99316545
2022-04-14,155.1282501220703,163.3822021484375,152.28492736816406,159.38729858398438,115522889
2022-04-15,155.47036743164062,157.76136779785156,152.90145874023438,155.1365203857422,77417594
2022-04-16,155.30491638183594,156.21694946289062,152.34552001953125,155.4600830078125,64944727
2022-04-17,152.73599243164062,158.30142211914062,152.0519256591797,155.30531311035156,75503220
2022-04-18,154.74046325683594,155.37939453125,145.9408416748047,152.7542266845703,111622761
2022-04-19,164.79981994628906,165.3760986328125,153.77737426757812,154.7455291748047,152044363
2022-04-20,163.35870361328125,169.3165740966797,160.49041748046875,164.8219451904297,174662214
2022-04-21,157.96742248535156,167.49172973632812,155.14207458496094,163.328125,127336458
2022-04-22,154.91229248046875,163.62591552734375,153.2211456298828,157.9504852294922,100351025
2022-04-23,154.1036376953125,156.4813232421875,151.7029571533203,154.8925323486328,69328610
2022-04-24,151.45883178710938,156.26919555664062,151.29483032226562,154.0338592529297,75805921
2022-04-25,156.55203247070312,156.58872985839844,143.8712158203125,151.4706573486328,125231274
2022-04-26,144.7352752685547,158.97789001464844,144.4961395263672,156.54904174804688,116892763
2022-04-27,149.73435974121094,151.97747802734375,144.55001831054688,144.785400390625,85278829
2022-04-28,147.0960693359375,152.14666748046875,145.69723510742188,149.73553466796875,77106866
2022-04-29,134.55418395996094,147.5873565673828,132.349609375,147.09129333496094,112129841
2022-04-30,127.20726013183594,135.5990753173828,122.56024932861328,134.55206298828125,103433775
2022-05-01,127.60197448730469,130.11767578125,123.3807144165039,127.24944305419922,111966846
2022-05-02,125.43104553222656,130.0723114013672,122.76091766357422,127.49139404296875,91188818
2022-05-03,123.77665710449219,128.71292114257812,122.06485748291016,125.43437194824219,77288263
2022-05-04,137.29844665527344,138.09585571289062,123.75814819335938,123.76402282714844,123797264
2022-05-05,125.1307601928711,140.5388946533203,122.87580108642578,137.2535858154297,125295575
2022-05-06,121.81525421142578,126.28717041015625,118.84921264648438,125.1281967163086,104492496
2022-05-07,115.91465759277344,122.53182220458984,113.26258087158203,121.8167724609375,86504024
2022-05-08,112.95943450927734,117.74441528320312,112.43758392333984,115.96176147460938,81439058
2022-05-09,106.00142669677734,115.09705352783203,104.5289306640625,113.02367401123047,137307586
2022-05-10,108.57535552978516,119.22586822509766,105.77103424072266,105.91922760009766,152627833
2022-05-11,84.41521453857422,109.81981658935547,81.38227844238281,108.52127838134766,222439176
2022-05-12,77.83460235595703,86.8270492553711,72.45860290527344,84.56803131103516,179616484
2022-05-13,87.71490478515625,92.54132843017578,77.2502212524414,77.80886840820312,138509300
2022-05-14,88.62299346923828,88.65099334716797,84.58482360839844,87.72604370117188,65850507
2022-05-15,95.78739929199219,95.99396514892578,85.80614471435547,88.59648895263672,62355883
2022-05-16,94.24578094482422,95.75731658935547,88.44918823242188,95.75731658935547,70031389
2022-05-17,100.20474243164062,103.27777862548828,93.83959197998047,94.17533874511719,81397984
2022-05-18,91.09593963623047,101.03153228759766,90.92308807373047,100.20935821533203,70169510
2022-05-19,92.00814819335938,94.51521301269531,87.80174255371094,91.1749267578125,65052503
2022-05-20,89.05355072021484,93.35541534423828,86.72251892089844,92.01665496826172,61601719
2022-05-21,91.65770721435547,92.25223541259766,88.06074523925781,89.01876068115234,33749791
2022-05-22,92.38762664794922,93.22850036621094,90.54166412353516,91.68028259277344,36725285
2022-05-23,90.7412338256836,94.49964141845703,90.41484832763672,92.27143096923828,57824453
2022-05-24,90.74105834960938,91.67780303955078,89.06649017333984,90.76020812988281,51598280
2022-05-25,87.37714385986328,90.92994689941406,87.05722045898438,90.7368392944336,44015393
2022-05-26,72.90087127685547,87.94601440429688,72.90087127685547,87.43240356445312,95520064
2022-05-27,67.36510467529297,73.5888671875,66.17599487304688,72.84305572509766,116395364
2022-05-28,70.19652557373047,71.04094696044922,67.20909881591797,69.15458679199219,51609237
2022-05-29,82.21846008300781,82.28317260742188,69.04109191894531,70.18278503417969,70121636
2022-05-30,86.07703399658203,87.6330337524414,80.91588592529297,82.2190933227539,103822129
2022-05-31,81.27845764160156,86.7636489868164,80.37842559814453,86.30088806152344,71441234
2022-06-01,75.63401794433594,83.09660339355469,75.25845336914062,81.32197570800781,90638595
2022-06-02,78.02720642089844,81.71441650390625,74.51426696777344,75.615478515625,74607737
2022-06-03,77.4445571899414,78.9378890991211,75.56552124023438,78.0169448852539,45014593
2022-06-04,76.91935729980469,77.87962341308594,75.56916046142578,77.43785095214844,29983132
2022-06-05,73.24286651611328,77.47845458984375,72.90214538574219,76.91718292236328,53122174
2022-06-06,69.5159683227539,74.40828704833984,64.9807357788086,73.27848815917969,222408667
2022-06-07,66.72480010986328,69.62944030761719,65.26835632324219,69.50904846191406,79092445
2022-06-08,65.22052764892578,68.32628631591797,65.19962310791016,66.72126770019531,59240468
2022-06-09,61.79670333862305,65.22108459472656,61.297183990478516,65.22108459472656,233959827
2022-06-10,56.682861328125,62.707916259765625,56.14036178588867,61.79340744018555,83925482
2022-06-11,50.467979431152344,57.343318939208984,49.69020462036133,56.6767578125,91553683
2022-06-12,44.96793746948242,51.765098571777344,42.86967849731445,50.49117660522461,139593552
2022-06-13,41.62752914428711,45.398590087890625,38.39057540893555,44.952571868896484,169421257
2022-06-14,46.1713752746582,47.51164627075195,39.231571197509766,41.62488555908203,105030320
2022-06-15,56.36186218261719,57.44578170776367,41.516395568847656,46.15105438232422,143661154
2022-06-16,50.367034912109375,57.495784759521484,49.34877395629883,56.310184478759766,117119801
2022-06-17,52.47872543334961,55.514244079589844,50.334922790527344,50.41407775878906,65959300
2022-06-18,45.6948356628418,53.45782470703125,43.23928451538086,52.47682571411133,78726158
2022-06-19,52.90061950683594,54.06454849243164,43.37984848022461,45.68050003051758,75591559
2022-06-20,57.07242202758789,58.46649169921875,51.16056823730469,52.907264709472656,95589433
2022-06-21,58.39244079589844,63.84672164916992,56.298423767089844,57.07467269897461,96131694
2022-06-22,58.325218200683594,62.129817962646484,56.83550262451172,58.41351318359375,71723011
2022-06-23,60.627342224121094,61.32439422607422,57.53941345214844,58.32583999633789,55656260
2022-06-24,63.086273193359375,64.37998962402344,60.61944580078125,60.63178253173828,62584995
2022-06-25,61.73411560058594,64.71367645263672,60.26968765258789,63.10232162475586,42634087
2022-06-26,55.14988708496094,62.67668533325195,55.0129280090332,61.73162841796875,55574524
2022-06-27,56.09209442138672,58.70840835571289,55.135562896728516,55.135562896728516,50395173
2022-06-28,51.974117279052734,57.00537109375,51.713279724121094,56.09910202026367,51843313
2022-06-29,50.219058990478516,52.82341003417969,49.604286193847656,51.97698211669922,49230264
2022-06-30,50.551185607910156,50.562744140625,46.38856887817383,50.22639083862305,55793969
2022-07-01,50.84162521362305,52.30036163330078,49.027671813964844,50.69291305541992,51802594
2022-07-02,50.56272888183594,51.4471435546875,48.96683120727539,50.89145278930664,30216620
2022-07-03,51.09317398071289,52.08794403076172,49.22140121459961,50.56189727783203,32508208
2022-07-04,54.33575439453125,54.46615219116211,50.238197326660156,51.09558868408203,45607471
2022-07-05,54.26762390136719,55.971717834472656,52.26417541503906,54.31721878051758,54141613
2022-07-06,54.71659469604492,55.40230941772461,53.36724090576172,54.26313400268555,39557077
2022-07-07,56.16842269897461,57.195472717285156,53.712860107421875,54.73392105102539,46995102
2022-07-08,54.632625579833984,57.18751525878906,53.24369812011719,56.16865158081055,47700826
2022-07-09,56.380184173583984,57.05683135986328,54.405174255371094,54.58080291748047,39599520
2022-07-10,52.53245544433594,56.39226150512695,51.96287155151367,56.38383483886719,36024344
2022-07-11,50.33897018432617,52.52174377441406,49.99361038208008,52.52174377441406,51457044
2022-07-12,49.24367141723633,50.790916442871094,49.21977996826172,50.34977340698242,45810098
2022-07-13,52.452884674072266,52.452884674072266,47.692909240722656,49.238670349121094,60468129
2022-07-14,58.06993865966797,59.2049446105957,52.04814910888672,52.44235610961914,91567781
2022-07-15,59.604942321777344,60.818267822265625,57.507774353027344,58.089683532714844,70899374
2022-07-16,59.91097640991211,60.272239685058594,56.99750518798828,59.611366271972656,49856171
2022-07-17,57.68096923828125,62.47821044921875,57.68096923828125,59.91615295410156,45785973
2022-07-18,60.5357666015625,63.17796325683594,57.52510452270508,57.68046188354492,71007086
2022-07-19,60.788291931152344,62.765804290771484,57.72856903076172,60.43294143676758,86357652
2022-07-20,55.28628158569336,62.22385025024414,54.66794967651367,60.803131103515625,81265211
2022-07-21,56.23815155029297,56.71784210205078,53.084800720214844,55.28440856933594,55802466
2022-07-22,55.34068298339844,59.10025405883789,54.6852912902832,56.245399475097656,50588690
2022-07-23,54.71585464477539,56.86388397216797,53.196434020996094,55.279598236083984,36962708
2022-07-24,54.60438537597656,56.04574966430664,54.327449798583984,54.723243713378906,31906198
2022-07-25,50.226837158203125,54.65719985961914,50.226837158203125,54.601097106933594,43632165
2022-07-26,50.88236999511719,50.88236999511719,49.0729866027832,50.2171630859375,36197419
2022-07-27,54.91666030883789,54.91666030883789,50.146095275878906,50.86330032348633,56281311
2022-07-28,56.72039031982422,57.483497619628906,53.54292678833008,54.912235260009766,71609022
2022-07-29,55.71147155761719,58.362239837646484,54.69221878051758,56.73865509033203,92837708
2022-07-30,56.96943283081055,59.50614929199219,55.60752487182617,55.70145034790039,100847900
2022-07-31,57.17830276489258,60.00950241088867,56.37779998779297,56.966922760009766,97483570
2022-08-01,59.05268859863281,59.825557708740234,56.53254699707031,57.181297302246094,72468717
2022-08-02,55.8347282409668,59.48020935058594,54.35136413574219,59.0335807800293,63133670
2022-08-03,57.48707962036133,58.81183624267578,54.77324295043945,55.84046173095703,46998294
2022-08-04,58.54841613769531,59.12586975097656,57.06391525268555,57.4843864440918,47751563
2022-08-05,62.55205535888672,63.97743606567383,58.522865295410156,58.54195785522461,60207283
2022-08-06,64.64359283447266,66.35747528076172,61.674346923828125,62.572940826416016,73714965
2022-08-07,67.1325912475586,68.04440307617188,64.05573272705078,64.64359283447266,59343935
2022-08-08,66.21138763427734,68.6448974609375,64.84857177734375,67.13448333740234,59509427
2022-08-09,61.89186477661133,67.2618408203125,61.3384895324707,66.22596740722656,48365440
2022-08-10,67.1922607421875,69.3309326171875,60.4547233581543,61.89301300048828,78764739
2022-08-11,64.79236602783203,69.2175064086914,64.4370346069336,67.19740295410156,57259423
2022-08-12,66.43267822265625,66.44972229003906,63.4345588684082,64.78699493408203,38291213
2022-08-13,64.82776641845703,67.79344177246094,64.63471984863281,66.42619323730469,36881990
2022-08-14,62.891414642333984,66.81619262695312,62.281700134277344,64.8401107788086,38389770
2022-08-15,60.818233489990234,64.4375991821289,59.60686492919922,62.895668029785156,42271083
2022-08-16,60.51492691040039,61.8456916809082,59.73827362060547,60.73319625854492,32706593
2022-08-17,57.320518493652344,62.23456573486328,57.052852630615234,60.50652313232422,42168861
2022-08-18,54.87898254394531,58.793277740478516,54.87051010131836,57.35789108276367,32519951
2022-08-19,52.503501892089844,54.873252868652344,51.38002395629883,54.873252868652344,62778474
2022-08-20,52.67856216430664,54.23453903198242,51.44350814819336,52.50497817993164,42382987
2022-08-21,54.70712661743164,55.094181060791016,52.358402252197266,52.660484313964844,27970055
2022-08-22,53.95734405517578,55.61104202270508,52.359039306640625,54.70064163208008,35280973
2022-08-23,54.00430679321289,54.54353713989258,52.41096878051758,53.95590591430664,75406406
2022-08-24,55.12160110473633,56.34661102294922,52.8390007019043,54.0086669921875,68467218
2022-08-25,57.394309997558594,57.879661560058594,55.10984802246094,55.122840881347656,49574042
2022-08-26,51.80112838745117,59.017818450927734,51.44871139526367,57.374755859375,87077318
2022-08-27,51.94632339477539,53.074066162109375,50.941104888916016,51.80653381347656,41751693
2022-08-28,49.59175109863281,52.74579620361328,49.585792541503906,51.94074630737305,30422055
2022-08-29,53.00524139404297,53.028743743896484,49.51076126098633,49.59328842163086,35327862
2022-08-30,54.11903762817383,55.28487014770508,52.29787826538086,53.00519943237305,49265919
2022-08-31,52.567142486572266,55.8151969909668,52.4953727722168,54.12016296386719,42124431
2022-09-01,52.81816864013672,52.92304229736328,51.1709098815918,52.55992126464844,31818585
2022-09-02,52.22289276123047,53.4938850402832,51.55459976196289,52.81509780883789,29689361
2022-09-03,50.99842834472656,52.55630111694336,50.95516586303711,52.22565841674805,21357249
2022-09-04,51.544334411621094,51.60368728637695,50.51131820678711,50.99394989013672,22053766
2022-09-05,51.216739654541016,51.958927154541016,50.697715759277344,51.54171371459961,22019732
2022-09-06,48.697662353515625,52.716636657714844,48.50614929199219,51.225868225097656,60111332
2022-09-07,51.1010627746582,51.45343017578125,48.26457977294922,48.674869537353516,37275301
2022-09-08,52.94358825683594,53.14555740356445,50.324440002441406,51.0924186706543,41346400
2022-09-09,53.86420440673828,54.536376953125,52.9282112121582,52.94187927246094,55698586
2022-09-10,53.78354263305664,54.57405471801758,53.38735580444336,53.85422897338867,47126076
2022-09-11,52.871734619140625,54.438323974609375,52.37245178222656,53.779380798339844,42335390
2022-09-12,51.64810562133789,53.72395706176758,51.54703140258789,52.88090515136719,54748512
2022-09-13,49.28097915649414,52.181297302246094,48.73920440673828,51.64698791503906,66544315
2022-09-14,49.87079620361328,50.0654411315918,48.66313934326172,48.97550964355469,42964551
2022-09-15,48.572105407714844,50.01107406616211,48.20693588256836,49.867225646972656,44718225
2022-09-16,49.087032318115234,49.183563232421875,48.28694534301758,48.58009719848633,32552605
2022-09-17,51.215789794921875,51.25353240966797,49.0754508972168,49.09089660644531,29153635
2022-09-18,47.27983474731445,51.558292388916016,46.95867919921875,51.21158218383789,42379144
2022-09-19,47.972564697265625,48.21306228637695,46.528236389160156,47.278297424316406,51526502
2022-09-20,47.77300262451172,48.68534851074219,47.43095016479492,47.957916259765625,37851588
2022-09-21,46.15813064575195,48.63233947753906,45.34707260131836,47.77124786376953,59006434
2022-09-22,47.707576751708984,47.93056106567383,45.76780700683594,46.139095306396484,42682500
2022-09-23,47.80202102661133,48.5059700012207,46.62856674194336,47.704673767089844,39056347
2022-09-24,48.01370620727539,49.023529052734375,47.69904327392578,47.809600830078125,31259181
2022-09-25,46.366634368896484,48.646995544433594,46.097225189208984,48.01205062866211,31890864
2022-09-26,46.7473258972168,46.9578971862793,45.64234924316406,46.364288330078125,36183773
2022-09-27,46.60094451904297,48.11557388305664,46.08173751831055,46.74675750732422,40347587
2022-09-28,47.290924072265625,47.854347229003906,45.11960220336914,46.58557891845703,39970068
2022-09-29,47.82597732543945,47.913360595703125,46.7291259765625,47.303619384765625,34461754
2022-09-30,47.47550964355469,49.833953857421875,47.299957275390625,47.821144104003906,60244078
2022-10-01,47.84920883178711,48.337928771972656,47.037940979003906,47.47187805175781,26711892
2022-10-02,48.15280532836914,48.82634735107422,47.185733795166016,47.84465026855469,29732607
2022-10-03,52.047340393066406,53.220191955566406,47.935813903808594,48.15185546875,83360211
2022-10-04,55.22501754760742,56.46446228027344,52.04719924926758,52.04779052734375,127118829
2022-10-05,54.39519119262695,56.10732650756836,53.9374885559082,55.221343994140625,82601464
2022-10-06,55.340030670166016,55.816986083984375,54.39942932128906,54.39942932128906,59175021
2022-10-07,55.4736213684082,56.21294021606445,54.45024490356445,55.34414291381836,65243996
2022-10-08,53.91416549682617,55.887046813964844,53.70555877685547,55.464111328125,36402807
2022-10-09,56.81496047973633,57.06907653808594,53.84661102294922,53.90146255493164,48769682
2022-10-10,56.59260559082031,57.493080139160156,54.9482536315918,56.80952453613281,77473657
2022-10-11,54.761756896972656,56.58578872680664,54.1207389831543,56.58578872680664,62523028
2022-10-12,55.55320739746094,56.37001419067383,54.523048400878906,54.76911163330078,43276122
2022-10-13,53.2302360534668,56.14567947387695,50.670631408691406,55.548057556152344,92164272
2022-10-14,53.32781219482422,54.616363525390625,52.7480583190918,53.2281608581543,52421226
2022-10-15,56.17298889160156,56.558441162109375,53.306915283203125,53.32733154296875,63108449
2022-10-16,55.81596755981445,57.17426300048828,55.645416259765625,56.187042236328125,46676474
2022-10-17,57.207332611083984,57.350948333740234,54.9678840637207,55.82054901123047,37880454
2022-10-18,56.24209976196289,57.936920166015625,56.24209976196289,57.226654052734375,61547062
2022-10-19,56.48345184326172,57.49831008911133,55.76845932006836,56.251121520996094,50676633
2022-10-20,58.113243103027344,59.03304672241211,56.00543975830078,56.484439849853516,74053025
2022-10-21,55.710750579833984,58.31889343261719,55.32353591918945,58.102943420410156,55903802
2022-10-22,54.901405334472656,55.73564147949219,53.98585510253906,55.71025848388672,44295975
2022-10-23,56.65644836425781,56.67772674560547,54.59807205200195,54.90325164794922,33993141
2022-10-24,57.84413146972656,58.88187789916992,56.4022102355957,56.656776428222656,59621762
2022-10-25,56.8106575012207,58.74485778808594,56.56375503540039,57.84189224243164,73997265
2022-10-26,57.180747985839844,58.2069206237793,55.97715377807617,56.796241760253906,56069142
2022-10-27,55.34043502807617,58.418495178222656,55.00302505493164,57.18228530883789,47723660
2022-10-28,57.03075408935547,57.262027740478516,54.88411331176758,55.343284606933594,36225640
2022-10-29,56.60919189453125,57.945308685302734,56.20901107788086,57.008052825927734,45881133
2022-10-30,58.44119644165039,58.8399543762207,56.05512237548828,56.604129791259766,61089807
2022-10-31,58.32789993286133,60.231842041015625,57.5676155090332,58.438228607177734,74196918
2022-11-01,59.771541595458984,60.20516586303711,58.28324890136719,58.327239990234375,65350681
2022-11-02,59.535316467285156,61.03491973876953,57.71513366699219,59.7646598815918,89832257
2022-11-03,59.53557586669922,63.76421356201172,59.03062057495117,59.538673400878906,119314246
2022-11-04,60.465919494628906,61.466270446777344,58.49830627441406,59.52561950683594,88664955
2022-11-05,58.0315055847168,61.4356803894043,57.604591369628906,60.4580078125,64578729
2022-11-06,54.79668045043945,58.52485656738281,54.79668045043945,58.035621643066406,56326856
2022-11-07,53.833343505859375,55.45892333984375,53.06779479980469,54.79966735839844,58388791
2022-11-08,49.27295684814453,54.28142547607422,45.15398025512695,53.819393157958984,97912502
2022-11-09,42.20126724243164,49.35002136230469,40.70171356201172,49.28158950805664,88514933
2022-11-10,47.691917419433594,48.141422271728516,41.64958953857422,42.191890716552734,67666097
2022-11-11,45.68953323364258,48.179710388183594,44.53262710571289,47.67694091796875,35644338
2022-11-12,44.216251373291016,45.82712936401367,43.32769775390625,45.69443893432617,22879516
2022-11-13,43.23993682861328,45.04400634765625,42.84980010986328,44.21874237060547,23120327
2022-11-14,44.1390495300293,46.02996826171875,41.28820037841797,43.2335319519043,43386423
2022-11-15,43.44246292114258,44.61077117919922,43.216583251953125,44.14543914794922,29200615
2022-11-16,42.30878829956055,44.132911682128906,41.71348571777344,43.437713623046875,31256979
2022-11-17,43.217655181884766,43.55064392089844,41.40503692626953,42.31571960449219,35475340
2022-11-18,42.944156646728516,44.11259841918945,42.36745071411133,43.213165283203125,20897689
2022-11-19,43.03705978393555,43.18500900268555,42.14549255371094,42.93611145019531,13197155
2022-11-20,41.26280212402344,43.88078689575195,41.11871337890625,43.0380744934082,23735704
2022-11-21,40.60212707519531,41.951744079589844,40.398983001708984,41.26484298706055,34676685
2022-11-22,41.22547912597656,41.27647399902344,39.51935577392578,40.59135055541992,29172766
2022-11-23,42.36433792114258,42.41892623901367,41.23784255981445,41.23784255981445,28081167
2022-11-24,42.74654006958008,43.23305130004883,41.735816955566406,42.36881637573242,19787679
2022-11-25,42.24708557128906,42.75994873046875,41.424861907958984,42.7368278503418,16492410
2022-11-26,43.66245651245117,44.09359359741211,42.19942855834961,42.24409866333008,22724344
2022-11-27,42.76629638671875,44.29524612426758,42.73227310180664,43.662147521972656,17235280
2022-11-28,42.3890266418457,43.07497024536133,41.43491744995117,42.75608444213867,20377102
2022-11-29,42.3619270324707,43.0110969543457,42.02987289428711,42.3871955871582,17158249
2022-11-30,43.762088775634766,43.81582260131836,42.30400466918945,42.360374450683594,20350911
2022-12-01,43.379119873046875,43.94564437866211,43.17984390258789,43.75918960571289,17923140
2022-12-02,43.842716217041016,43.87700271606445,43.09891891479492,43.38568878173828,16564521
2022-12-03,43.468475341796875,44.159217834472656,43.13858413696289,43.84312438964844,17435463
2022-12-04,43.290138244628906,43.7110595703125,42.766910552978516,43.460601806640625,16108447
2022-12-05,43.21792221069336,43.95478057861328,42.97098159790039,43.270362854003906,23198121
2022-12-06,45.43862533569336,46.0085563659668,43.14387893676758,43.219688415527344,37828717
2022-12-07,44.19411087036133,45.641212463378906,43.32212448120117,45.43793869018555,36659571
2022-12-08,45.39894485473633,45.43279266357422,43.83169937133789,44.19921875,22965755
2022-12-09,45.26942825317383,46.4778938293457,44.942264556884766,45.39828109741211,29247898
2022-12-10,45.57004928588867,46.14704895019531,45.02083969116211,45.27155303955078,17211568
2022-12-11,44.90884017944336,46.0748176574707,44.782386779785156,45.57627487182617,17344143
2022-12-12,44.784461975097656,45.35762405395508,43.937007904052734,44.902000427246094,17419937
2022-12-13,43.892662048339844,44.98527145385742,43.69392013549805,44.78801345825195,22680696
2022-12-14,42.912723541259766,44.12979507446289,42.520042419433594,43.89134216308594,22908774
2022-12-15,42.007057189941406,42.954742431640625,41.41669464111328,42.908592224121094,19214345
2022-12-16,39.359092712402344,42.3501091003418,37.99465560913086,42.01277160644531,27124702
2022-12-17,39.2104377746582,39.371826171875,37.24521255493164,39.363765716552734,22119502
2022-12-18,38.895484924316406,39.34162902832031,38.66505813598633,39.208099365234375,14399336
2022-12-19,35.338565826416016,39.24057388305664,34.755615234375,38.90084457397461,29722007
2022-12-20,35.91034698486328,36.1441535949707,35.23619842529297,35.34107971191406,27794582
2022-12-21,34.47535705566406,35.90666961669922,34.13275909423828,35.90666961669922,19588316
2022-12-22,35.10398864746094,35.13376998901367,34.162235260009766,34.47962951660156,19608115
2022-12-23,34.87382507324219,35.32767868041992,34.63132858276367,35.10743713378906,22231836
2022-12-24,34.77219009399414,35.199989318847656,34.766998291015625,34.874515533447266,19148681
2022-12-25,33.63301467895508,34.83554458618164,32.93286895751953,34.772438049316406,25289935
2022-12-26,33.759944915771484,33.853851318359375,33.20345687866211,33.6236457824707,21505901
2022-12-27,33.96067810058594,34.19761276245117,33.51569747924805,33.76630783081055,15684361
2022-12-28,33.14146041870117,34.352806091308594,32.95537185668945,33.958709716796875,17992938
2022-12-29,33.215476989746094,33.528411865234375,32.97199630737305,33.14192581176758,15305358
2022-12-30,32.95689010620117,33.2219123840332,32.56663131713867,33.21405792236328,15106548
2022-12-31,32.795204162597656,33.286521911621094,32.732460021972656,32.95813751220703,12138468
2023-01-01,32.95064163208008,33.02300262451172,32.619171142578125,32.79757308959961,12219572
2023-01-02,33.37763214111328,33.74798583984375,32.35917282104492,32.9459114074707,17225088
2023-01-03,33.126548767089844,33.6513786315918,32.68088150024414,33.38201904296875,20221838
2023-01-04,34.44945526123047,34.45380783081055,32.854225158691406,33.12546157836914,23770387
2023-01-05,34.43641662597656,34.7910041809082,34.08173751831055,34.453155517578125,19493942
2023-01-06,34.38938522338867,34.820533752441406,33.738765716552734,34.43330383300781,23901348
2023-01-07,34.12192153930664,34.54928970336914,33.96063995361328,34.388553619384766,11547961
2023-01-08,34.95954132080078,35.028621673583984,33.87626647949219,34.124786376953125,22813556
2023-01-09,34.918663024902344,37.14974594116211,34.73865509033203,34.96134567260742,45665962
2023-01-10,35.45559310913086,35.69269561767578,34.31260681152344,34.9144172668457,23153099
2023-01-11,36.336360931396484,36.438987731933594,34.65583419799805,35.446388244628906,21169455
2023-01-12,37.5984992980957,37.86423110961914,35.509151458740234,36.93033218383789,35306902
2023-01-13,39.1457405090332,39.267608642578125,37.23195266723633,37.603023529052734,27298596
2023-01-14,40.49223327636719,42.68547058105469,39.14529037475586,39.14529037475586,50733421
2023-01-15,40.85958480834961,41.16516876220703,38.85877990722656,40.49492645263672,28658208
2023-01-16,40.12251663208008,42.09560775756836,39.22518539428711,40.85732650756836,28485567
2023-01-17,40.90473937988281,41.70952224731445,39.88079071044922,40.129554748535156,24829186
2023-01-18,39.240760803222656,43.26271057128906,38.34380340576172,40.901798248291016,52244299
2023-01-19,40.75685119628906,40.770511627197266,39.137969970703125,39.23208999633789,22627568
2023-01-20,42.816871643066406,42.81890869140625,40.25495529174805,40.75333023071289,30628055
2023-01-21,42.46232223510742,43.77519226074219,42.042236328125,42.8062858581543,35875860
2023-01-22,43.63682174682617,44.46455764770508,42.250770568847656,42.46741485595703,32145305
2023-01-23,44.02201843261719,44.6597785949707,43.48394012451172,43.636871337890625,30683945
2023-01-24,41.72724533081055,44.74889373779297,41.41408157348633,43.994163513183594,27479374
2023-01-25,43.3537483215332,43.78691864013672,40.69405746459961,41.730995178222656,27500853
2023-01-26,43.640323638916016,44.50531768798828,43.097721099853516,43.33683776855469,26701823
2023-01-27,44.67283630371094,45.18143081665039,42.80475997924805,43.63727569580078,27007332
2023-01-28,44.592071533203125,45.851741790771484,44.19820785522461,44.66801071166992,22744718
2023-01-29,45.270877838134766,45.43729782104492,44.20161437988281,44.59175109863281,20313386
2023-01-30,42.097042083740234,45.428287506103516,41.611602783203125,45.27075958251953,28603142
2023-01-31,42.92790222167969,43.392051696777344,41.929012298583984,42.10198974609375,19400817
2023-02-01,44.12620162963867,44.353370666503906,41.195621490478516,42.92251968383789,31695539
2023-02-02,44.94879150390625,46.856746673583984,43.924781799316406,44.11125183105469,46811443
2023-02-03,45.919883728027344,46.21135330200195,44.2564582824707,44.950225830078125,33686756
2023-02-04,46.54484558105469,47.22401809692383,45.41533279418945,45.91039276123047,30651765
2023-02-05,45.28976821899414,47.04392623901367,44.626365661621094,46.531768798828125,26638799
2023-02-06,43.68790817260742,45.684783935546875,43.48758316040039,45.28889465332031,21532023
2023-02-07,46.916358947753906,47.14555358886719,43.567161560058594,43.678321838378906,35203751
2023-02-08,46.297264099121094,48.1881103515625,45.4287223815918,46.92326354980469,38300657
2023-02-09,42.2706184387207,46.41516876220703,41.36990737915039,46.30207443237305,34028627
2023-02-10,42.70713424682617,43.52972412109375,42.00191879272461,42.27457809448242,25952543
2023-02-11,44.433589935302734,44.524654388427734,42.40162658691406,42.70524597167969,19385825
2023-02-12,43.886104583740234,44.89198303222656,43.19242477416992,44.42667770385742,18929724
2023-02-13,41.70478057861328,44.06784439086914,40.70221710205078,43.88810729980469,40368306
2023-02-14,44.31283950805664,44.346466064453125,41.18777084350586,41.70352554321289,36358374
2023-02-15,46.412906646728516,46.47272872924805,43.82596206665039,44.31441879272461,38675000
2023-02-16,47.27342987060547,53.06403350830078,45.906532287597656,46.41164016723633,122747304
2023-02-17,49.5052490234375,49.86162185668945,46.960166931152344,47.28920364379883,56720199
2023-02-18,52.37540817260742,53.3673095703125,49.48391342163086,49.50620651245117,56877915
2023-02-19,50.977386474609375,53.31229019165039,50.679832458496094,52.362728118896484,41968549
2023-02-20,52.87074661254883,53.81044387817383,50.40419006347656,51.00038528442383,52016006
2023-02-21,51.609886169433594,54.16450500488281,50.849002838134766,52.87691879272461,55984715
2023-02-22,49.58570098876953,51.8309326171875,48.2252311706543,51.61329650878906,39435562
2023-02-23,50.20167922973633,50.802242279052734,49.09320068359375,49.58309555053711,35116122
2023-02-24,48.902076721191406,51.36128234863281,47.79198455810547,50.19796371459961,48280240
2023-02-25,48.178123474121094,48.994441986083984,46.66511154174805,48.89463424682617,34059238
2023-02-26,49.85502243041992,50.020729064941406,47.86312484741211,48.17522430419922,33173254
2023-02-27,48.698936462402344,49.91688919067383,47.83999252319336,49.856483459472656,42541587
2023-02-28,48.03578567504883,50.63108825683594,47.75179672241211,48.701839447021484,57743819
2023-03-01,48.505828857421875,49.660179138183594,47.986572265625,48.0432243347168,47731349
2023-03-02,46.1649055480957,48.62696838378906,45.59274673461914,48.50839614868164,30382678
2023-03-03,43.2040901184082,46.171016693115234,41.685218811035156,46.16860580444336,45816919
2023-03-04,42.73281478881836,43.634368896484375,41.896278381347656,43.21147537231445,22548111
2023-03-05,43.08951950073242,43.873870849609375,42.47104263305664,42.735618591308594,21824452
2023-03-06,43.86323547363281,44.04637145996094,42.52266311645508,43.08011245727539,26532150
2023-03-07,42.07606887817383,44.22561264038086,41.38843536376953,43.8707275390625,31282566
2023-03-08,39.93623733520508,42.16728973388672,39.5540885925293,42.07607650756836,30018620
2023-03-09,37.8482666015625,40.3348388671875,37.13660430908203,39.935935974121094,37517497
2023-03-10,38.42566680908203,38.586891174316406,36.14091491699219,37.855369567871094,37910576
2023-03-11,38.597869873046875,39.09521484375,36.59907531738281,38.42293930053711,40311404
2023-03-12,40.99534225463867,41.09626388549805,38.30450439453125,38.60606384277344,27076894
2023-03-13,42.88243103027344,43.60860061645508,40.55624771118164,40.99919128417969,44749801
2023-03-14,43.68946075439453,45.17935562133789,41.886512756347656,42.88151168823242,43196263
2023-03-15,40.570735931396484,44.42287063598633,39.88077926635742,43.70609664916992,36380915
2023-03-16,40.8622932434082,41.59626388549805,40.141849517822266,40.60726547241211,23056538
2023-03-17,44.06113815307617,44.07001495361328,40.29756164550781,40.863739013671875,26113339
2023-03-18,43.21586608886719,46.14913558959961,43.180728912353516,44.068233489990234,31881300
2023-03-19,43.84162139892578,44.8192253112793,42.76841354370117,43.216041564941406,21905236
2023-03-20,49.184364318847656,49.19528579711914,42.563812255859375,43.84720993041992,59034656
2023-03-21,44.313140869140625,49.808837890625,41.40270233154297,49.143798828125,78797125
2023-03-22,41.988807678222656,44.5599250793457,40.78751754760742,44.29769515991211,40277106
2023-03-23,43.61346435546875,44.13841247558594,41.760677337646484,41.98238754272461,26160737
2023-03-24,42.56088638305664,44.379215240478516,41.881858825683594,43.61149215698242,30437074
2023-03-25,42.15165710449219,42.789886474609375,41.58864974975586,42.54795455932617,15127542
2023-03-26,42.77601623535156,42.98136901855469,42.049659729003906,42.15284729003906,15328718
2023-03-27,41.13096618652344,42.86662673950195,40.52788543701172,42.775455474853516,21085278
2023-03-28,42.07472229003906,42.31623077392578,40.667259216308594,41.141761779785156,17149004
2023-03-29,43.9908561706543,44.515625,42.07542419433594,42.07758712768555,26833570
2023-03-30,42.19628143310547,44.12972640991211,41.73982238769531,44.00496292114258,33913254
2023-03-31,42.45723342895508,42.849143981933594,41.704742431640625,42.19855880737305,19184770
2023-04-01,42.61668395996094,43.14969253540039,42.10798645019531,42.450191497802734,13871045
2023-04-02,40.898284912109375,42.84387969970703,40.38554382324219,42.67876434326172,23491612
2023-04-03,40.51771545410156,41.24258041381836,39.681053161621094,40.90034484863281,26821147
2023-04-04,41.39735794067383,41.5582160949707,40.29548263549805,40.52043533325195,18890782
2023-04-05,42.3779296875,42.57333755493164,41.29346466064453,41.39791488647461,20646886
2023-04-06,41.302608489990234,42.440834045410156,41.095947265625,42.379058837890625,20887401
2023-04-07,40.83867263793945,41.65935516357422,40.599998474121094,41.303279876708984,15925566
2023-04-08,40.3994140625,41.18716812133789,40.34483337402344,40.82996368408203,13899473
2023-04-09,39.977142333984375,40.816219329833984,39.89636993408203,40.40972900390625,17296594
2023-04-10,40.8098258972168,41.66857147216797,39.64809799194336,39.967689514160156,24316474
2023-04-11,40.93357849121094,41.58198547363281,40.74809646606445,40.81175231933594,20370079
2023-04-12,40.86336135864258,41.02147674560547,39.724456787109375,40.93067169189453,16506525
2023-04-13,41.42999267578125,41.83251190185547,40.41177749633789,40.65761947631836,18903737
2023-04-14,43.08662033081055,43.60066223144531,41.42351531982422,41.437744140625,28952212
2023-04-15,43.56318664550781,44.017234802246094,42.34370040893555,43.08425521850586,22566681
2023-04-16,43.24592971801758,43.7224235534668,42.892486572265625,43.566864013671875,17543031
2023-04-17,43.57893753051758,44.05959701538086,42.205596923828125,43.24476623535156,26814818
2023-04-18,43.52556228637695,44.539329528808594,42.17751693725586,43.58149337768555,38874784
2023-04-19,39.929283142089844,43.91353225708008,39.208152770996094,43.52220153808594,35325910
2023-04-20,39.4012336730957,40.283504486083984,39.03596115112305,39.92052459716797,24494061
2023-04-21,38.34136199951172,39.977821350097656,37.7357292175293,39.40102767944336,23301261
2023-04-22,39.01759719848633,39.071529388427734,38.172515869140625,38.33939743041992,15468629
2023-04-23,38.89719009399414,39.36623764038086,38.289981842041016,39.01597213745117,15907066
2023-04-24,38.72165298461914,39.76059341430664,38.41912078857422,38.89646911621094,18213389
2023-04-25,38.687255859375,38.71674728393555,37.29508972167969,38.71674728393555,19984946
2023-04-26,41.537025451660156,42.847694396972656,38.438941955566406,38.688106536865234,42925380
2023-04-27,43.92988204956055,49.477901458740234,41.541683197021484,41.541683197021484,221054241
2023-04-28,43.29793167114258,46.00105285644531,43.13931655883789,43.91648864746094,53105461
2023-04-29,41.88007736206055,43.32683181762695,41.75251388549805,43.29835891723633,24093780
2023-04-30,41.66175842285156,42.64165115356445,40.99005889892578,41.87778854370117,19375358
2023-05-01,41.76639938354492,43.797035217285156,41.2035026550293,41.65053176879883,53134070
2023-05-02,40.749088287353516,41.763427734375,39.92116928100586,41.763427734375,25447665
2023-05-03,40.026611328125,41.077789306640625,39.09112548828125,40.74628448486328,26291309
2023-05-04,39.20977783203125,40.08427047729492,39.12038803100586,40.02785110473633,22989655
2023-05-05,39.92066955566406,40.16551971435547,38.84745788574219,39.21005630493164,23353196
2023-05-06,39.55966567993164,40.217647552490234,38.58847427368164,39.91919708251953,21999181
2023-05-07,39.38776397705078,39.737022399902344,39.22467803955078,39.551143646240234,12713300
2023-05-08,37.507747650146484,39.53607940673828,36.54505920410156,39.38289260864258,30078356
2023-05-09,38.02379608154297,38.049774169921875,37.219661712646484,37.50738525390625,14608100
2023-05-10,38.08829116821289,38.51746368408203,37.02888870239258,38.02277755737305,20851373
2023-05-11,37.32342529296875,38.14406204223633,36.725650787353516,38.08431625366211,17305085
2023-05-12,37.54909896850586,37.56222152709961,36.19981002807617,37.31767272949219,16709103
2023-05-13,38.36188888549805,39.05918502807617,37.31948471069336,37.54831314086914,28326055
2023-05-14,38.42524337768555,38.62128448486328,37.819217681884766,38.36431121826172,14253700
2023-05-15,38.38263702392578,39.287078857421875,37.98836135864258,38.423500061035156,17769970
2023-05-16,37.503944396972656,38.46202087402344,37.18190383911133,38.38425064086914,13651052
2023-05-17,37.8345947265625,37.91364288330078,36.806766510009766,37.49245834350586,13278277
2023-05-18,36.94562911987305,37.84545135498047,36.6553955078125,37.83309555053711,11459048
2023-05-19,36.87445068359375,37.092838287353516,36.69245147705078,36.94485855102539,10839017
2023-05-20,37.21790313720703,37.63064193725586,36.698909759521484,36.87932586669922,13398546
2023-05-21,36.48685836791992,37.30429458618164,36.32877731323242,37.217002868652344,10845689
2023-05-22,36.6767463684082,36.798519134521484,35.88301086425781,36.49598693847656,11848679
2023-05-23,36.586551666259766,37.25136947631836,36.381256103515625,36.673404693603516,13084470
2023-05-24,35.96592712402344,36.621212005615234,35.45533752441406,36.58436965942383,15210108
2023-05-25,35.69658660888672,36.07853317260742,35.23487854003906,35.96476745605469,14152666
2023-05-26,36.02444076538086,36.12588882446289,35.28862762451172,35.69599914550781,12340179
2023-05-27,36.209068298339844,36.209068298339844,35.81669235229492,36.02273178100586,8990474
2023-05-28,36.817508697509766,37.305076599121094,36.06169128417969,36.20823669433594,11827534
2023-05-29,36.838260650634766,37.168296813964844,36.391845703125,36.8211669921875,11780867
2023-05-30,36.971012115478516,37.30326843261719,36.647422790527344,36.838348388671875,12127424
2023-05-31,36.86752700805664,37.2172737121582,36.296260833740234,36.9739990234375,14295191
2023-06-01,37.00763702392578,37.23834228515625,36.63396453857422,36.865074157714844,12535728
2023-06-02,37.62493133544922,37.77373123168945,36.68235397338867,37.01018524169922,13312656
2023-06-03,38.29469680786133,38.32495880126953,37.345970153808594,37.623775482177734,10283434
2023-06-04,37.72932052612305,38.997154235839844,37.727081298828125,38.29276657104492,12092131
2023-06-05,36.29243469238281,38.17289352416992,34.24178695678711,37.7387580871582,24883863
2023-06-06,36.76184844970703,37.16957092285156,35.84419631958008,36.290340423583984,14267814
2023-06-07,35.3134765625,36.77818298339844,34.90999221801758,36.76247024536133,15961195
2023-06-08,35.066932678222656,35.31163787841797,34.47570037841797,35.31163787841797,12442312
2023-06-09,34.7874641418457,35.22709655761719,34.51061248779297,35.0662727355957,10429592
2023-06-10,30.001937866210938,34.789161682128906,28.376670837402344,34.789161682128906,41945782
2023-06-11,30.043163299560547,30.488449096679688,29.616987228393555,29.99901580810547,10697125
2023-06-12,30.13485336303711,30.25568199157715,29.409406661987305,30.04035186767578,11727563
2023-06-13,30.62403678894043,31.34270668029785,30.0648136138916,30.135385513305664,15280534
2023-06-14,29.586423873901367,31.02749252319336,29.08844757080078,30.62403678894043,12519551
2023-06-15,29.389545440673828,29.872343063354492,28.469209671020508,29.585620880126953,13610540
2023-06-16,30.29092788696289,31.467037200927734,29.262237548828125,29.389381408691406,24224143
2023-06-17,30.950162887573242,31.121767044067383,30.059703826904297,30.290481567382812,10584220
2023-06-18,30.081727981567383,30.951032638549805,30.03200912475586,30.949108123779297,9960688
2023-06-19,30.38650894165039,30.815637588500977,29.945266723632812,30.082128524780273,11657413
2023-06-20,30.851486206054688,30.86326789855957,29.456356048583984,30.3839111328125,12800768
2023-06-21,32.591712951660156,32.778404235839844,30.772703170776367,30.849990844726562,17795023
2023-06-22,32.31573486328125,33.60325622558594,32.22788619995117,32.58880615234375,16304727
2023-06-23,33.42243576049805,33.63351821899414,32.19720458984375,32.31694793701172,13417027
2023-06-24,33.27153396606445,33.89651870727539,32.8492431640625,33.42215347290039,12212940
2023-06-25,34.954830169677734,36.47087860107422,33.228511810302734,33.27280044555664,71922580
2023-06-26,33.78692626953125,34.97237777709961,33.38219451904297,34.95256423950195,18716988
2023-06-27,34.054962158203125,34.37420654296875,33.489322662353516,33.78648376464844,11342550
2023-06-28,32.58238220214844,34.07514572143555,32.11376953125,34.0562744140625,11758610
2023-06-29,34.04264831542969,34.11898422241211,32.305484771728516,32.584285736083984,12160806
2023-06-30,34.86063766479492,35.25355911254883,32.7755241394043,34.03715515136719,18452784
2023-07-01,35.41205978393555,35.41205978393555,34.37249755859375,34.85806655883789,11783296
2023-07-02,35.18977355957031,35.429603576660156,34.496063232421875,35.4134407043457,10706529
2023-07-03,36.0787239074707,36.22372055053711,35.04814147949219,35.18689727783203,13256879
2023-07-04,35.90111541748047,36.145790100097656,35.44116973876953,36.08171463012695,11405163
2023-07-05,34.83705139160156,36.310523986816406,34.28561019897461,35.89964294433594,13263147
2023-07-06,33.52907180786133,35.43262481689453,33.42734146118164,34.834449768066406,11523456
2023-07-07,34.255592346191406,34.30837631225586,33.22001647949219,33.52628707885742,9560669
2023-07-08,34.2319221496582,34.39060974121094,33.55107879638672,34.25627517700195,7713989
2023-07-09,34.545108795166016,34.6904182434082,34.18842315673828,34.23601531982422,7793521
2023-07-10,35.167518615722656,35.65769958496094,33.77294921875,34.55348205566406,14776715
2023-07-11,35.47577667236328,35.74679946899414,35.10258865356445,35.168922424316406,10612319
2023-07-12,35.27397155761719,35.88541030883789,34.85508728027344,35.47577667236328,10738823
2023-07-13,37.06230926513672,37.08145523071289,34.877601623535156,35.275611877441406,17364324
2023-07-14,36.42866516113281,38.021270751953125,35.3159294128418,37.063838958740234,19430301
2023-07-15,36.6854133605957,37.30258560180664,36.23210906982422,36.42652130126953,12575571
2023-07-16,36.97945785522461,37.68269348144531,36.22496032714844,36.6841926574707,16691083
2023-07-17,37.15363693237305,38.02136993408203,36.283226013183594,36.980743408203125,20356656
2023-07-18,36.08191680908203,37.211463928222656,35.748878479003906,37.15176010131836,12298682
2023-07-19,35.891746520996094,36.62539291381836,35.8653564453125,36.08786392211914,12064603
2023-07-20,34.03623580932617,36.33695983886719,33.701900482177734,35.887718200683594,24309508
2023-07-21,33.463844299316406,34.06521224975586,33.308902740478516,34.038631439208984,18638740
2023-07-22,33.13105010986328,33.89241027832031,32.97196578979492,33.46566390991211,12689576
2023-07-23,33.82653045654297,34.318111419677734,33.07002639770508,33.135108947753906,13113896
2023-07-24,32.37013244628906,33.842529296875,32.085060119628906,33.81916046142578,15429721
2023-07-25,32.3656005859375,32.595481872558594,32.12202835083008,32.371036529541016,12443813
2023-07-26,32.48368835449219,32.93343734741211,31.978302001953125,32.36812210083008,12589519
2023-07-27,32.47881317138672,33.152862548828125,32.239009857177734,32.48347854614258,11239483
2023-07-28,32.83362579345703,32.843109130859375,32.327735900878906,32.47626495361328,8496061
2023-07-29,32.68326950073242,32.927268981933594,32.57658386230469,32.83687973022461,6775160
2023-07-30,32.20548629760742,32.762184143066406,31.560056686401367,32.68349075317383,8695634
2023-07-31,32.0211296081543,32.502079010009766,31.704614639282227,32.20581817626953,8686460
2023-08-01,32.17353057861328,32.17429733276367,31.2674503326416,32.018287658691406,10729483
2023-08-02,31.319610595703125,32.430091857910156,31.25916290283203,32.17298126220703,11615024
2023-08-03,31.106843948364258,31.54939842224121,31.01117706298828,31.319427490234375,10701868
2023-08-04,31.070560455322266,31.459074020385742,30.70119857788086,31.10572624206543,10364496
2023-08-05,31.091299057006836,31.195680618286133,30.902860641479492,31.072330474853516,8799874
2023-08-06,30.921232223510742,31.573122024536133,30.890169143676758,31.088565826416016,9170065
2023-08-07,30.84215545654297,31.256664276123047,30.423826217651367,30.92465591430664,11214964
2023-08-08,31.600406646728516,32.885459899902344,30.73576545715332,30.84369659423828,46650765
2023-08-09,31.036439895629883,31.683198928833008,30.917724609375,31.59937858581543,16671898
2023-08-10,30.554296493530273,31.10468292236328,30.451513290405273,31.03615379333496,12506398
2023-08-11,30.38583755493164,30.783706665039062,30.278928756713867,30.557415008544922,11716536
2023-08-12,30.52924346923828,30.56599998474121,30.054790496826172,30.40007209777832,10120577
2023-08-13,31.054357528686523,31.11309051513672,30.40329933166504,30.529525756835938,13301845
2023-08-14,30.84471321105957,31.113025665283203,30.695621490478516,31.05744171142578,11646367
2023-08-15,29.480112075805664,30.932212829589844,28.670291900634766,30.843923568725586,18645366
2023-08-16,28.591556549072266,29.47754669189453,27.932342529296875,29.47710418701172,17561265
2023-08-17,26.822425842285156,29.065914154052734,24.691097259521484,28.591211318969727,20843691
2023-08-18,27.360139846801758,27.647504806518555,26.744064331054688,26.81979751586914,17090117
2023-08-19,27.827171325683594,28.00531578063965,27.283681869506836,27.362146377563477,10791594
2023-08-20,27.585498809814453,27.87643814086914,27.39846420288086,27.827354431152344,7231585
2023-08-21,26.748321533203125,27.587268829345703,26.539440155029297,27.5847225189209,13403340
2023-08-22,26.142297744750977,26.906780242919922,25.374839782714844,26.745777130126953,17592941
2023-08-23,26.413381576538086,26.758459091186523,25.758037567138672,26.144304275512695,23587208
2023-08-24,25.611051559448242,26.53696060180664,25.310131072998047,26.414691925048828,14529439
2023-08-25,25.321796417236328,25.623493194580078,24.85734748840332,25.613475799560547,15831684
2023-08-26,25.13738441467285,25.522436141967773,25.00221824645996,25.317564010620117,12126608
2023-08-27,25.148109436035156,25.34407615661621,25.074243545532227,25.13711929321289,9737329
2023-08-28,25.518339157104492,25.537336349487305,24.639564514160156,25.152822494506836,13259912
2023-08-29,26.228364944458008,26.393959045410156,24.862985610961914,25.517929077148438,19439392
2023-08-30,26.395042419433594,26.465757369995117,25.915203094482422,26.232715606689453,16142999
2023-08-31,26.088407516479492,26.79549217224121,25.665271759033203,26.39659881591797,17303119
2023-09-01,24.902652740478516,26.323650360107422,24.751142501831055,26.095409393310547,14708588
2023-09-02,24.813873291015625,24.95692253112793,24.299331665039062,24.90036964416504,10010746
2023-09-03,24.867218017578125,24.94314193725586,24.47395896911621,24.813833236694336,8952348
2023-09-04,24.9083251953125,25.00362777709961,24.610944747924805,24.86554527282715,10074407
2023-09-05,25.007396697998047,25.38077735900879,24.67613410949707,24.905982971191406,10500025
2023-09-06,24.595975875854492,25.061878204345703,24.1449031829834,25.008359909057617,10950739
2023-09-07,24.76705551147461,24.94858169555664,24.454450607299805,24.597497940063477,9303663
2023-09-08,24.535737991333008,24.943254470825195,24.374671936035156,24.770875930786133,8731186
2023-09-09,24.47073745727539,24.71051025390625,24.46356773376465,24.535703659057617,5761554
2023-09-10,23.583633422851562,24.47536849975586,23.466779708862305,24.468534469604492,10442750
2023-09-11,22.67711067199707,23.615467071533203,22.30242919921875,23.582921981811523,13060072
2023-09-12,22.894603729248047,23.745105743408203,22.65005111694336,22.676511764526367,12057405
2023-09-13,23.625518798828125,23.648754119873047,22.851009368896484,22.897138595581055,11590359
2023-09-14,24.43328857421875,24.671293258666992,23.42578887939453,23.62427520751953,12218438
2023-09-15,24.802074432373047,24.988319396972656,24.318483352661133,24.434810638427734,11288861
2023-09-16,26.59527587890625,26.60166358947754,24.800077438354492,24.800077438354492,18143156
2023-09-17,25.395458221435547,26.613161087036133,25.101154327392578,26.594776153564453,16651424
2023-09-18,25.714624404907227,26.324054718017578,25.254350662231445,25.396747589111328,14404839
2023-09-19,26.139286041259766,26.3541202545166,25.66861915588379,25.71502113342285,11952004
2023-09-20,25.764806747436523,26.1898250579834,25.34443473815918,26.13977813720703,12047515
2023-09-21,26.17178726196289,28.626832962036133,25.76721954345703,25.76721954345703,60342651
2023-09-22,25.404212951660156,26.171281814575195,25.257070541381836,26.171281814575195,14735090
2023-09-23,25.090290069580078,25.494182586669922,24.69239044189453,25.40345573425293,10100297
2023-09-24,24.229921340942383,25.099388122558594,24.18341827392578,25.090660095214844,8752088
2023-09-25,24.727745056152344,24.8649845123291,24.08841323852539,24.22951889038086,11400050
2023-09-26,24.531883239746094,24.921159744262695,24.32809066772461,24.727067947387695,9949023
2023-09-27,23.659543991088867,24.55624771118164,23.549400329589844,24.531152725219727,13176918
2023-09-28,24.773483276367188,24.82379722595215,23.633726119995117,23.659181594848633,13535265
2023-09-29,25.15260124206543,25.168344497680664,24.671186447143555,24.77065658569336,11470266
2023-09-30,25.364486694335938,25.681396484375,25.116666793823242,25.150123596191406,11097233
2023-10-01,25.914945602416992,26.12013816833496,25.22074317932129,25.362625122070312,12147559
2023-10-02,24.89597511291504,26.01448631286621,24.655858993530273,25.912824630737305,17766019
2023-10-03,24.444913864135742,25.020967483520508,24.387113571166992,24.894153594970703,11516088
2023-10-04,24.71915626525879,24.763023376464844,23.83169937133789,24.448951721191406,11715265
2023-10-05,24.04915428161621,24.752260208129883,24.044862747192383,24.718618392944336,9248381
2023-10-06,24.28544044494629,24.517074584960938,23.922683715820312,24.048311233520508,10663913
2023-10-07,24.195465087890625,24.473527908325195,24.01285171508789,24.28401756286621,7200973
2023-10-08,24.520334243774414,24.652233123779297,24.091997146606445,24.196075439453125,7465445
2023-10-09,22.877609252929688,24.565521240234375,22.86766815185547,24.520498275756836,12659175
2023-10-10,22.982351303100586,23.043209075927734,22.677570343017578,22.877519607543945,10666450
2023-10-11,22.80597686767578,23.017261505126953,22.53806495666504,22.983505249023438,10202291
2023-10-12,23.17836570739746,23.238252639770508,22.654172897338867,22.806612014770508,10560986
2023-10-13,23.460662841796875,23.839061737060547,23.149747848510742,23.177160263061523,8641812
2023-10-14,23.972543716430664,24.096162796020508,23.450725555419922,23.460813522338867,8135920
2023-10-15,24.516773223876953,24.55244255065918,23.81743621826172,23.972570419311523,15264105
2023-10-16,25.328393936157227,28.11544418334961,24.511777877807617,24.511777877807617,85379312
2023-10-17,24.269847869873047,25.339448928833008,23.89986228942871,25.3276424407959,20595167
2023-10-18,24.425472259521484,24.472900390625,23.806306838989258,24.26865005493164,13419261
2023-10-19,23.46385383605957,24.696361541748047,23.33892059326172,24.429424285888672,19650194
2023-10-20,24.910598754882812,26.218297958374023,23.28998565673828,23.46602439880371,65470511
2023-10-21,25.913726806640625,26.187828063964844,24.403152465820312,24.909360885620117,31340616
2023-10-22,26.880237579345703,26.880237579345703,25.511497497558594,25.914520263671875,21708830
2023-10-23,29.19808006286621,29.19808006286621,26.44923973083496,26.605419158935547,39521694
2023-10-24,28.797273635864258,29.930259704589844,28.06558609008789,29.19373893737793,41145093
2023-10-25,28.991846084594727,29.587064743041992,28.32976531982422,28.806499481201172,24872392
2023-10-26,29.087873458862305,29.937955856323242,28.05335235595703,28.99394989013672,27451011
2023-10-27,28.702550888061523,29.386926651000977,28.252309799194336,29.08930015563965,17368175
2023-10-28,29.047870635986328,29.47876739501953,28.666208267211914,28.70343589782715,13264429
2023-10-29,30.061433792114258,30.22035026550293,28.671630859375,29.04792594909668,14803670
2023-10-30,30.903812408447266,30.905410766601562,29.849546432495117,30.067527770996094,22921916
2023-10-31,30.010831832885742,31.36302375793457,29.188793182373047,30.90718650817871,22325953
2023-11-01,32.22780990600586,32.427406311035156,29.644651412963867,30.009824752807617,28908745
2023-11-02,32.98097229003906,33.3938102722168,31.80088233947754,32.23904037475586,37311302
2023-11-03,32.851539611816406,33.013702392578125,31.802722930908203,32.98521423339844,18947716
2023-11-04,34.65983963012695,34.752235412597656,32.80142593383789,32.84911346435547,33481101
2023-11-05,47.88379669189453,52.567726135253906,34.66679000854492,34.66679000854492,925869563
2023-11-06,44.49959945678711,48.09822463989258,43.72159957885742,47.8834228515625,176470264
2023-11-07,42.893314361572266,44.742408752441406,41.229217529296875,44.52699661254883,86343027
2023-11-08,42.77671813964844,43.070560455322266,41.45328140258789,42.88349533081055,50252438
2023-11-09,41.756412506103516,43.908843994140625,39.64394760131836,42.78738784790039,87077178
2023-11-10,46.18538284301758,46.66190719604492,40.63248825073242,41.76014709472656,165537107
2023-11-11,43.79472732543945,46.40071487426758,42.828369140625,46.224159240722656,64389057
2023-11-12,44.741729736328125,44.92357635498047,41.55147933959961,43.799598693847656,50222225
2023-11-13,44.042476654052734,46.09806442260742,42.9281120300293,44.740753173828125,68823980
2023-11-14,45.114952087402344,45.981689453125,42.69559860229492,44.039878845214844,70054009
2023-11-15,47.07265853881836,47.667747497558594,44.76993179321289,45.12978744506836,63403446
2023-11-16,43.450218200683594,48.87200927734375,42.452430725097656,47.07673263549805,65543070
2023-11-17,45.50468826293945,45.80438995361328,43.40146255493164,43.451751708984375,68397679
2023-11-18,43.39303970336914,45.5169792175293,41.445316314697266,45.50913619995117,37264012
2023-11-19,46.32612228393555,46.326690673828125,42.35844421386719,43.40302658081055,62180610
2023-11-20,44.45185852050781,46.44367980957031,44.09846496582031,46.3306770324707,41615435
2023-11-21,40.00254440307617,44.83295822143555,39.74215316772461,44.447566986083984,42842923
2023-11-22,43.45189666748047,43.94743728637695,39.874446868896484,39.9930534362793,31074908
2023-11-23,43.994651794433594,44.446022033691406,43.22584533691406,43.45119094848633,27003154
2023-11-24,47.03495407104492,47.22090148925781,43.924678802490234,43.99459457397461,77605161
2023-11-25,46.6477165222168,47.30014419555664,45.372886657714844,47.06389236450195,36325712
2023-11-26,45.233734130859375,46.67177963256836,44.424259185791016,46.648101806640625,26055260
2023-11-27,43.965728759765625,45.29713821411133,43.27001953125,45.23006057739258,24531515
2023-11-28,43.86788558959961,44.16205596923828,42.3620491027832,43.96560287475586,22078847
2023-11-29,43.490413665771484,44.58590316772461,43.011043548583984,43.86897277832031,20303118
2023-11-30,43.4787712097168,43.75394058227539,42.744407653808594,43.4880485534668,15176115
2023-12-01,45.284385681152344,45.720558166503906,43.04041290283203,43.4764518737793,25588298
2023-12-02,46.473453521728516,46.52581787109375,45.28550338745117,45.28550338745117,20396832
2023-12-03,49.39573669433594,52.959075927734375,45.925086975097656,46.4752197265625,150677502
2023-12-04,52.15302658081055,53.40814971923828,48.6481819152832,49.396907806396484,219516550
2023-12-05,50.456058502197266,52.18037414550781,48.93122100830078,52.153812408447266,62620633
2023-12-06,48.4747314453125,51.376426696777344,47.9833869934082,50.45963668823242,57425382
2023-12-07,50.01433563232422,50.12421417236328,47.6885986328125,48.489410400390625,36414674
2023-12-08,52.30082321166992,52.606990814208984,49.2956657409668,50.0147590637207,49550627
2023-12-09,59.36026382446289,59.36026382446289,51.88327407836914,52.29352951049805,130080259
2023-12-10,64.64315795898438,67.7619400024414,58.58168029785156,59.56352996826172,393804806
2023-12-11,63.63407897949219,66.55221557617188,60.03922653198242,64.64534759521484,303951260
2023-12-12,61.898468017578125,69.24806213378906,60.807315826416016,63.633766174316406,217373708
2023-12-13,62.568389892578125,62.8707389831543,57.54050064086914,61.9029426574707,91991652
2023-12-14,61.14896774291992,62.560882568359375,59.444820404052734,62.560882568359375,67770819
2023-12-15,57.907466888427734,61.20891189575195,57.89813232421875,61.15964889526367,45634849
2023-12-16,60.819515228271484,62.9843635559082,57.259727478027344,57.91118621826172,69381930
2023-12-17,61.18461227416992,65.13558959960938,60.78268051147461,60.82074737548828,96528465
2023-12-18,59.576446533203125,61.4021110534668,54.57054138183594,61.174888610839844,83223975
2023-12-19,58.00544357299805,60.02275466918945,56.83833694458008,59.58103942871094,43554807
2023-12-20,63.05794143676758,63.21083068847656,56.96404266357422,57.9990234375,65694959
2023-12-21,62.130516052246094,64.66991424560547,61.4766845703125,63.083473205566406,69937486
2023-12-22,62.036773681640625,62.55509948730469,59.47194290161133,62.13142013549805,51454203
2023-12-23,65.56277465820312,66.29814910888672,60.82958984375,62.02830505371094,78891342
2023-12-24,72.98640441894531,74.5910873413086,65.01516723632812,65.55321502685547,288182959
2023-12-25,72.84146881103516,77.77151489257812,72.5094223022461,72.97777557373047,183572726
2023-12-26,71.30731201171875,73.30447387695312,67.2846450805664,72.84182739257812,97390177
2023-12-27,70.83332061767578,74.32892608642578,69.80522918701172,71.30603790283203,89667479
2023-12-28,69.490966796875,71.33937072753906,66.96314239501953,70.8371353149414,68196807
2023-12-29,71.4811019897461,71.83684539794922,67.3237075805664,69.48424530029297,70809628
2023-12-30,68.7572021484375,71.54708862304688,67.40281677246094,71.46599578857422,40558847
2023-12-31,67.934326171875,70.57595825195312,66.87793731689453,68.744384765625,43546691
2024-01-01,71.37174224853516,71.63744354248047,66.91929626464844,67.95014190673828,51161669
2024-01-02,68.9937515258789,72.85684204101562,68.67469024658203,71.37576293945312,64001318
2024-01-03,59.85108184814453,70.93496704101562,54.97743606567383,69.00589752197266,121990031
2024-01-04,60.31673049926758,60.81724166870117,56.49250030517578,59.83411407470703,67128992
2024-01-05,57.106876373291016,60.39982604980469,55.12287902832031,60.31138610839844,48979976
2024-01-06,54.50784683227539,57.11222457885742,52.0716667175293,57.106910705566406,41794778
2024-01-07,51.58500289916992,55.99745559692383,51.18583297729492,54.51050567626953,36619103
2024-01-08,55.357200622558594,55.99108123779297,47.08057403564453,51.59382629394531,60604693
2024-01-09,52.996524810791016,55.66830825805664,51.351646423339844,55.38475799560547,42145583
2024-01-10,56.539207458496094,57.95309066772461,50.39531326293945,52.99319076538086,61003948
2024-01-11,57.62788772583008,59.83833694458008,55.735069274902344,56.577171325683594,72167938
2024-01-12,53.88532638549805,58.484046936035156,52.36664581298828,57.629371643066406,48410125
2024-01-13,54.41946029663086,54.77413558959961,52.37895202636719,53.88352584838867,28093481
2024-01-14,52.3810920715332,55.54448699951172,52.28394317626953,54.418243408203125,28980821
2024-01-15,53.28179931640625,54.640045166015625,52.345096588134766,52.371910095214844,28096737
2024-01-16,55.29433822631836,56.34768295288086,53.21255111694336,53.27028274536133,71795864
2024-01-17,54.71636199951172,57.56302261352539,53.829620361328125,55.315589904785156,62949995
2024-01-18,51.444705963134766,54.74028396606445,50.65235137939453,54.716163635253906,32454604
2024-01-19,50.74292755126953,51.99885940551758,48.0091552734375,51.44676208496094,34567059
2024-01-20,52.54862976074219,53.261558532714844,50.32976150512695,50.74159622192383,35379515
2024-01-21,51.45660400390625,52.83578109741211,51.4559211730957,52.548892974853516,21063294
2024-01-22,49.577938079833984,52.316585540771484,48.933597564697266,51.474063873291016,37670500
2024-01-23,48.693538665771484,51.05411911010742,46.39207077026367,49.58010482788086,36578634
2024-01-24,49.74136734008789,50.97385025024414,48.48238754272461,48.68857192993164,32458133
2024-01-25,48.967491149902344,49.80751037597656,47.85943603515625,49.743995666503906,22033940
2024-01-26,51.84851837158203,52.105712890625,48.53466796875,48.97216033935547,24696894
2024-01-27,53.57784652709961,53.8863410949707,51.23213195800781,51.84847640991211,23714061
2024-01-28,53.08835983276367,54.27197265625,52.359432220458984,53.58686065673828,25773972
2024-01-29,55.83938980102539,55.97727966308594,52.65333938598633,53.090476989746094,32276231
2024-01-30,56.89596176147461,58.965423583984375,55.18880844116211,55.83938980102539,50730607
2024-01-31,53.1609001159668,57.23931884765625,52.409706115722656,56.93655014038086,43281132
2024-02-01,53.47770690917969,53.549461364746094,51.44916915893555,53.16140365600586,37854086
2024-02-02,55.3710823059082,56.993309020996094,53.29624557495117,53.4770393371582,56865270
2024-02-03,54.02550506591797,55.75468063354492,53.94606018066406,55.37187576293945,18338635
2024-02-04,53.39467239379883,54.268795013427734,52.82332229614258,54.022682189941406,20495984
2024-02-05,53.25071334838867,54.314208984375,52.42156982421875,53.412750244140625,21249641
2024-02-06,52.54322814941406,53.78036117553711,52.25352478027344,53.2535514831543,21661133
2024-02-07,53.43335723876953,53.570980072021484,50.9281120300293,52.54399871826172,24837230
2024-02-08,53.931270599365234,55.5743522644043,53.11324691772461,53.43864440917969,50456670
2024-02-09,55.420005798339844,55.46709442138672,53.810306549072266,53.931270599365234,32692474
2024-02-10,56.964542388916016,57.87118911743164,55.09127426147461,55.42170333862305,59710602
2024-02-11,55.79447937011719,57.02427673339844,55.13711166381836,56.96253967285156,30199802
2024-02-12,57.9320068359375,58.91169357299805,55.16838455200195,55.786415100097656,61626469
2024-02-13,59.27626419067383,60.94431686401367,57.727073669433594,57.931304931640625,95158647
2024-02-14,60.865352630615234,60.95261764526367,58.126792907714844,59.26773452758789,48513738
2024-02-15,60.88831329345703,61.10762023925781,58.91091537475586,60.86533737182617,55167420
2024-02-16,59.36644744873047,62.57016372680664,58.390995025634766,60.88331985473633,46818563
2024-02-17,57.9536247253418,59.3692512512207,56.1436882019043,59.3692512512207,32920130
2024-02-18,59.477352142333984,59.99025344848633,57.30964660644531,57.953819274902344,30444945
2024-02-19,60.81378173828125,61.6502799987793,59.08902359008789,59.491615295410156,44533112
2024-02-20,60.138099670410156,61.801631927490234,57.54620361328125,60.814979553222656,53583126
2024-02-21,57.55414962768555,60.14287567138672,55.541099548339844,60.14287567138672,36349128
2024-02-22,57.36191940307617,58.893436431884766,56.261436462402344,57.55470275878906,27801895
2024-02-23,56.1895866394043,58.15332794189453,55.427024841308594,57.35908889770508,25091277
2024-02-24,58.312774658203125,58.55547332763672,55.06986999511719,56.18856430053711,22665830
2024-02-25,57.679813385009766,58.34968948364258,56.79798889160156,58.3110237121582,19663658
2024-02-26,60.49971389770508,60.654510498046875,57.08415222167969,57.677734375,38142842
2024-02-27,60.18123245239258,61.972225189208984,58.628501892089844,60.50132751464844,55388838
2024-02-28,59.782493591308594,62.66432571411133,56.6876220703125,60.182491302490234,72087767
2024-02-29,60.2042236328125,63.59092712402344,58.722869873046875,59.78630447387695,71764872
2024-03-01,63.25620651245117,63.43967819213867,60.18937301635742,60.19011688232422,42483752
2024-03-02,66.0892333984375,66.36940002441406,63.152915954589844,63.258705139160156,56374969
2024-03-03,71.4068374633789,72.59811401367188,65.96009826660156,66.09481048583984,299360151
2024-03-04,68.37248229980469,71.53887939453125,66.37757873535156,71.3837661743164,90800013
2024-03-05,61.1835823059082,68.50203704833984,56.7787971496582,68.37692260742188,119318292
2024-03-06,64.54231262207031,64.575439453125,58.8320198059082,61.17176818847656,59191720
2024-03-07,67.3732681274414,67.83995056152344,64.53703308105469,64.55081176757812,69671857
2024-03-08,67.63528442382812,68.15113067626953,64.6217269897461,67.37252807617188,63344520
2024-03-09,68.43682098388672,69.85087585449219,66.38356018066406,67.63528442382812,53985032
2024-03-10,67.11198425292969,69.85914611816406,65.380859375,68.4342269897461,55274679
2024-03-11,70.39472198486328,71.61463928222656,64.34215545654297,67.11231231689453,89358893
2024-03-12,72.51639556884766,72.62519073486328,66.68952941894531,70.39472198486328,111535621
2024-03-13,73.49082946777344,77.79885864257812,71.3664321899414,72.51639556884766,116823660
2024-03-14,75.10587310791016,75.14620971679688,67.8643569946289,73.49366760253906,100269715
2024-03-15,69.0858154296875,76.12539672851562,65.17339324951172,75.11483001708984,135158521
2024-03-16,62.48271942138672,70.55955505371094,61.067996978759766,69.0858154296875,69902195
2024-03-17,64.50411987304688,65.02262878417969,58.88225555419922,62.48271942138672,55791799
2024-03-18,60.51342010498047,64.99554443359375,59.46050262451172,64.6960220336914,44080067
2024-03-19,54.945640563964844,61.017547607421875,53.925662994384766,60.506507873535156,63532994
2024-03-20,60.98463821411133,61.32638168334961,54.0011100769043,54.945640563964844,50418268
2024-03-21,60.263160705566406,62.21101379394531,59.15184783935547,60.98463821411133,37922982
2024-03-22,58.72121047973633,61.391117095947266,57.00138854980469,60.263851165771484,32292406
2024-03-23,59.52322769165039,61.11383056640625,58.22616958618164,58.72121047973633,23323869
2024-03-24,62.00071334838867,62.335174560546875,59.0417594909668,59.52322769165039,25217488
2024-03-25,63.4229621887207,64.3156509399414,61.60707473754883,62.00071334838867,35395923
2024-03-26,63.536739349365234,64.8152084350586,62.02785110473633,63.4229621887207,50130811
2024-03-27,60.94369125366211,63.87922668457031,59.96424865722656,63.536739349365234,42566628
2024-03-28,61.19429397583008,61.68503952026367,59.423316955566406,60.94369125366211,30533627
2024-03-29,60.95351028442383,62.027042388916016,59.48147964477539,61.195404052734375,32803203
2024-03-30,59.05317687988281,61.321311950683594,58.6966438293457,60.95351028442383,24502344
2024-03-31,60.22639083862305,60.53559112548828,58.79343795776367,59.05317687988281,20264352
2024-04-01,57.6196403503418,60.479736328125,55.814659118652344,60.22639083862305,40226702
2024-04-02,53.619956970214844,57.62047576904297,52.35975646972656,57.6196403503418,41565330
2024-04-03,53.74116516113281,55.71017074584961,52.04447937011719,53.619956970214844,27252845
2024-04-04,54.7462272644043,55.7990608215332,52.797096252441406,53.74116516113281,24558965
2024-04-05,53.680877685546875,54.79450607299805,51.787174224853516,54.7462272644043,22508422
2024-04-06,54.6724739074707,54.928714752197266,53.50668716430664,53.680877685546875,14899231
2024-04-07,54.199066162109375,55.122711181640625,53.52802276611328,54.6724739074707,17448979
2024-04-08,56.852745056152344,57.112457275390625,53.17338180541992,54.199066162109375,26690388
2024-04-09,53.71382141113281,57.09334945678711,53.511993408203125,56.852745056152344,25874593
2024-04-10,52.88100051879883,54.026954650878906,51.248172760009766,53.71382141113281,28273164
2024-04-11,51.884803771972656,53.70392990112305,51.0612678527832,52.88100051879883,21151734
2024-04-12,43.52018356323242,52.23976135253906,40.43095016479492,51.884803771972656,66924566
2024-04-13,37.90541458129883,43.56349563598633,33.269378662109375,43.52018356323242,72408463
2024-04-14,41.198265075683594,41.6153564453125,36.43256759643555,37.90541458129883,47818336
2024-04-15,39.810997009277344,43.39728927612305,38.766719818115234,41.198265075683594,36619844
2024-04-16,40.35856246948242,40.89215850830078,38.26120376586914,39.810997009277344,27792789
2024-04-17,39.62908172607422,41.08279800415039,38.350303649902344,40.35683059692383,23513116
2024-04-18,40.77053451538086,41.200111389160156,38.72173309326172,39.62908172607422,25066750
2024-04-19,40.98688888549805,41.63999938964844,37.41435623168945,40.77053451538086,27860745
2024-04-20,44.47441482543945,45.38341522216797,40.44428253173828,40.98694610595703,22864789
2024-04-21,43.35145950317383,44.697383880615234,42.798988342285156,44.47441482543945,18151620
2024-04-22,45.042144775390625,45.30600357055664,43.317264556884766,43.35145950317383,20156271
2024-04-23,43.949981689453125,45.43107223510742,43.799259185791016,45.042144775390625,20386518
2024-04-24,41.60189437866211,45.37913131713867,41.13481903076172,43.949981689453125,26959943
2024-04-25,42.86157989501953,43.373592376708984,40.785953521728516,41.602882385253906,21387420
2024-04-26,41.97199249267578,43.225677490234375,41.83528137207031,42.86157989501953,17519274
2024-04-27,41.36342239379883,42.70720672607422,40.83772659301758,41.97199249267578,23840622
2024-04-28,40.494510650634766,42.14944839477539,40.40078353881836,41.36342239379883,13949137
2024-04-29,40.097103118896484,40.81425857543945,39.2739372253418,40.494510650634766,22758069
2024-04-30,38.41167449951172,40.497859954833984,36.65357971191406,40.097103118896484,25104152
2024-05-01,38.687076568603516,38.934906005859375,35.428558349609375,38.41156005859375,31081735
2024-05-02,39.72751998901367,40.09674835205078,37.48816680908203,38.687076568603516,17259813
2024-05-03,41.49846267700195,41.715553283691406,39.221107482910156,39.72751998901367,19179124
2024-05-04,41.43769454956055,41.962791442871094,40.768558502197266,41.499935150146484,14875146
2024-05-05,41.63474655151367,42.54782485961914,40.47890090942383,41.43769454956055,17367275
2024-05-06,39.92011260986328,43.41603088378906,39.81367874145508,41.63473129272461,47820161
2024-05-07,39.285972595214844,40.75690460205078,39.188499450683594,39.92011260986328,21397364
2024-05-08,40.09621047973633,41.091182708740234,38.98574447631836,39.285972595214844,35294982
2024-05-09,40.78976821899414,40.96233367919922,39.12926483154297,40.09621047973633,21604782
2024-05-10,39.65401840209961,41.7532844543457,39.34116744995117,40.789913177490234,24578366
2024-05-11,39.246089935302734,40.185787200927734,39.23051452636719,39.65401840209961,13119881
2024-05-12,38.579803466796875,39.79563522338867,38.29891586303711,39.24607467651367,14258584
2024-05-13,38.52168655395508,39.4186897277832,37.176639556884766,38.579803466796875,21174631
2024-05-14,37.54952621459961,38.78118133544922,37.09119415283203,38.52158737182617,23604923
2024-05-15,40.30219650268555,40.4002799987793,37.25553894042969,37.54952621459961,27795175
2024-05-16,39.992164611816406,41.09877014160156,39.599430084228516,40.303199768066406,22369765
2024-05-17,40.60038757324219,40.95076370239258,39.63268280029297,39.99220275878906,22316532
2024-05-18,40.39365005493164,40.92244338989258,40.20426559448242,40.60038757324219,15227752
2024-05-19,37.97709655761719,40.577484130859375,37.889957427978516,40.39365005493164,22065757
2024-05-20,41.090450286865234,41.15847396850586,37.344459533691406,37.97709655761719,34561012
2024-05-21,40.89850997924805,42.833824157714844,40.76374816894531,41.089908599853516,48541609
2024-05-22,39.12192916870117,40.92403030395508,38.94908905029297,40.89851760864258,34967531
2024-05-23,38.37376403808594,39.75436019897461,36.97264862060547,39.12192916870117,41692510
2024-05-24,38.81107711791992,38.82036590576172,37.38849639892578,38.37376403808594,25801195
2024-05-25,39.49766540527344,39.63339614868164,38.79279327392578,38.81107711791992,16596293
2024-05-26,38.97154998779297,39.73611831665039,38.61814498901367,39.49766540527344,26383246
2024-05-27,39.870887756347656,40.37844467163086,38.708927154541016,38.97154998779297,27506743
2024-05-28,39.83185958862305,40.105533599853516,38.733158111572266,39.87100601196289,30177984
2024-05-29,39.622291564941406,41.240203857421875,39.54916763305664,39.83185958862305,36128837
2024-05-30,39.01094436645508,40.35325241088867,38.35737228393555,39.62230682373047,32545791
2024-05-31,38.86280822753906,39.5370979309082,38.125282287597656,39.01094436645508,31388496
2024-06-01,38.616390228271484,38.923030853271484,38.45909881591797,38.862815856933594,16760780
2024-06-02,37.98149490356445,39.120567321777344,37.724037170410156,38.616416931152344,24890797
2024-06-03,38.617305755615234,39.29938888549805,37.79219436645508,37.981590270996094,26773223
2024-06-04,39.22174835205078,39.63896179199219,38.57279968261719,38.617305755615234,22687609
2024-06-05,40.20638656616211,40.402244567871094,39.14034652709961,39.22174835205078,26041798
2024-06-06,38.97243881225586,40.20668411254883,38.8538703918457,40.20638656616211,22276003
2024-06-07,36.01264190673828,40.00501251220703,34.06732177734375,38.97244644165039,49466834
2024-06-08,34.58848571777344,36.137901306152344,34.42061233520508,36.00834274291992,28599186
2024-06-09,35.56278610229492,35.792991638183594,34.23170852661133,34.58829879760742,20495073
2024-06-10,34.93398666381836,35.929656982421875,34.69021224975586,35.560184478759766,23570162
2024-06-11,33.365577697753906,35.112308502197266,32.66395950317383,34.931396484375,22759624
2024-06-12,34.80655288696289,35.79281234741211,32.788604736328125,33.36454772949219,22246430
2024-06-13,33.13438034057617,34.90445327758789,32.78422546386719,34.80821228027344,18494722
2024-06-14,32.55364227294922,34.21330642700195,31.83466339111328,33.13352584838867,23671944
2024-06-15,33.22032165527344,33.348411560058594,32.49028015136719,32.552425384521484,12608550
2024-06-16,33.33943557739258,33.50708770751953,32.72016143798828,33.22206115722656,10503487
2024-06-17,31.115102767944336,33.584327697753906,30.283897399902344,33.34539031982422,27317155
2024-06-18,29.239107131958008,31.219236373901367,27.633203506469727,31.10858917236328,41236819
2024-06-19,29.427047729492188,30.527095794677734,28.933929443359375,29.241811752319336,22679946
2024-06-20,29.06515884399414,30.746368408203125,28.82216453552246,29.427047729492188,41849212
2024-06-21,28.7171573638916,29.606821060180664,28.20675277709961,29.06577491760254,27831418
2024-06-22,28.645435333251953,28.875652313232422,28.12687873840332,28.712820053100586,12342307
2024-06-23,28.231794357299805,29.238542556762695,28.028778076171875,28.647127151489258,12728066
2024-06-24,29.128141403198242,29.17040252685547,27.033687591552734,28.23040199279785,30008852
2024-06-25,29.76315689086914,30.678197860717773,28.912498474121094,29.127952575683594,25147942
2024-06-26,29.437658309936523,30.268117904663086,29.052709579467773,29.76155662536621,17395246
2024-06-27,29.95876121520996,30.2042179107666,29.00522232055664,29.43764305114746,18010085
2024-06-28,29.03702735900879,30.173873901367188,29.01522445678711,29.959177017211914,18439412
2024-06-29,28.39420509338379,29.520509719848633,28.385116577148438,29.038562774658203,12482936
2024-06-30,29.642667770385742,29.80237579345703,27.87387466430664,28.39461326599121,17137079
2024-07-01,30.79225730895996,31.9221134185791,29.580795288085938,29.6431884765625,42330189
2024-07-02,31.990543365478516,32.59935760498047,30.710405349731445,30.792200088500977,44492193
2024-07-03,31.01449966430664,32.173892974853516,30.56123924255371,31.99170684814453,35158619
2024-07-04,31.091835021972656,32.247493743896484,28.86052131652832,31.008663177490234,43023928
2024-07-05,33.14624786376953,33.52000045776367,27.335725784301758,31.082962036132812,84282369
2024-07-06,34.595237731933594,35.05338668823242,32.79753494262695,33.148250579833984,40425957
2024-07-07,32.81350326538086,34.860687255859375,32.43760299682617,34.596351623535156,30768471
2024-07-08,35.20387649536133,35.27608871459961,31.781957626342773,32.81697082519531,46172772
2024-07-09,36.86663818359375,37.495826721191406,35.110260009765625,35.23583984375,50330940
2024-07-10,36.86795425415039,37.4917106628418,36.326698303222656,36.86790084838867,30329941
2024-07-11,35.97251510620117,36.94181442260742,35.578243255615234,36.86709213256836,28475049
2024-07-12,35.68247985839844,36.35569381713867,35.108055114746094,35.972869873046875,23531703
2024-07-13,35.53499221801758,36.6165657043457,35.05807113647461,35.68155288696289,20473456
2024-07-14,35.48802947998047,36.14586639404297,35.22552490234375,35.5296745300293,20035639
2024-07-15,37.029598236083984,37.10997009277344,35.299224853515625,35.49416732788086,28948592
2024-07-16,36.42414474487305,37.4343147277832,34.3668327331543,37.02730178833008,40290847
2024-07-17,36.88766860961914,37.88880920410156,36.3355712890625,36.44769287109375,28085569
2024-07-18,36.26504135131836,38.32717514038086,36.19148635864258,36.882835388183594,30597517
2024-07-19,36.64485549926758,36.653656005859375,34.91029357910156,36.264564514160156,27432849
2024-07-20,36.25712966918945,36.76078796386719,35.615509033203125,36.64452362060547,18160232
2024-07-21,36.85824966430664,37.00675582885742,34.877864837646484,36.25621032714844,22417070
2024-07-22,35.85346984863281,38.18606185913086,35.66697311401367,36.85824966430664,47191927
2024-07-23,34.2239990234375,36.4723014831543,33.95474624633789,35.85346984863281,25390012
2024-07-24,33.56467056274414,34.99370574951172,33.45695877075195,34.2242546081543,19159085
2024-07-25,32.59680938720703,33.57060241699219,31.353044509887695,33.56467056274414,24089088
2024-07-26,33.59595489501953,33.65852355957031,32.45070266723633,32.59791946411133,16097582
2024-07-27,33.17865753173828,33.8531379699707,32.461204528808594,33.59706497192383,17509350
2024-07-28,32.17699432373047,33.182830810546875,32.02217483520508,33.17717361450195,13517521
2024-07-29,32.127193450927734,33.344486236572266,31.929357528686523,32.17699432373047,22301475
2024-07-30,31.309341430664062,32.419578552246094,31.03548240661621,32.12819290161133,18762750
2024-07-31,30.990602493286133,31.974164962768555,30.856792449951172,31.307336807250977,20385621
2024-08-01,30.952199935913086,31.59386444091797,29.162038803100586,30.991838455200195,39571104
2024-08-02,28.503143310546875,31.007150650024414,28.401002883911133,30.952199935913086,24787299
2024-08-03,28.175840377807617,29.17823028564453,27.258800506591797,28.503143310546875,23884803
2024-08-04,26.763959884643555,28.467683792114258,25.717233657836914,28.17540168762207,25764249
2024-08-05,25.850759506225586,27.07871437072754,22.251401901245117,26.763959884643555,64414874
2024-08-06,26.81508445739746,27.423856735229492,25.83991241455078,25.85057830810547,25776196
2024-08-07,26.13835334777832,27.448200225830078,25.736663818359375,26.815616607666016,20126193
2024-08-08,28.576725006103516,28.7205867767334,25.854225158691406,26.138511657714844,18633826
2024-08-09,27.797834396362305,28.58334732055664,27.158214569091797,28.576725006103516,13933070
2024-08-10,28.623645782470703,29.112539291381836,27.46553611755371,27.797834396362305,13031972
2024-08-11,26.57477378845215,29.07657241821289,26.44580841064453,28.623672485351562,14482004
2024-08-12,27.344470977783203,27.965944290161133,26.267574310302734,26.57477378845215,15497308
2024-08-13,27.764297485351562,27.810001373291016,26.542457580566406,27.344470977783203,12130752
2024-08-14,26.9840145111084,27.95973777770996,26.865741729736328,27.764297485351562,12390399
2024-08-15,26.07395362854004,27.469928741455078,25.703460693359375,26.9840145111084,14599763
2024-08-16,25.83540916442871,26.247793197631836,25.20576286315918,26.07395362854004,16029526
2024-08-17,25.906173706054688,26.088768005371094,25.673173904418945,25.83540916442871,9626575
2024-08-18,26.208457946777344,26.69276237487793,25.7437686920166,25.906173706054688,11413897
2024-08-19,26.90765953063965,26.997058868408203,25.970558166503906,26.208457946777344,13973538
2024-08-20,27.013492584228516,27.647363662719727,26.588895797729492,26.90765953063965,12519265
2024-08-21,28.124366760253906,28.403507232666016,26.978099822998047,27.0177001953125,13789299
2024-08-22,28.38576889038086,28.76198387145996,27.763866424560547,28.124366760253906,13254362
2024-08-23,30.39207649230957,30.800399780273438,28.31333351135254,28.38576889038086,18747824
2024-08-24,32.36984634399414,33.46124267578125,30.39207649230957,30.39207649230957,43855177
2024-08-25,31.85270881652832,32.59876251220703,30.772972106933594,32.36984634399414,15519857
2024-08-26,30.345470428466797,32.236289978027344,30.345470428466797,31.85270881652832,17401649
2024-08-27,28.250362396240234,31.08694076538086,27.80533218383789,30.345470428466797,17717516
2024-08-28,27.97429656982422,28.87720489501953,27.14516258239746,28.250362396240234,15675585
2024-08-29,29.133407592773438,29.648868560791016,27.93863296508789,27.97429656982422,12829697
2024-08-30,29.865764617919922,29.865764617919922,28.187726974487305,29.133407592773438,17390613
2024-08-31,28.819995880126953,30.598249435424805,28.59583854675293,29.865764617919922,12854997
2024-09-01,27.499290466308594,28.976184844970703,27.333736419677734,28.819995880126953,11457253
2024-09-02,28.24567985534668,28.290273666381836,26.964847564697266,27.499290466308594,12800862
2024-09-03,26.46964454650879,28.393695831298828,26.46964454650879,28.24567985534668,10735888
2024-09-04,26.874303817749023,27.55889320373535,25.503761291503906,26.46910285949707,14064069
2024-09-05,25.058156967163086,27.101699829101562,24.98172950744629,26.874303817749023,16362268
2024-09-06,23.933671951293945,25.151975631713867,23.291481018066406,25.058156967163086,21171770
2024-09-07,24.6102237701416,25.066299438476562,23.828025817871094,23.933671951293945,11498161
2024-09-08,25.1442928314209,25.433740615844727,24.375499725341797,24.6102237701416,10074850
2024-09-09,26.474029541015625,26.81982421875,25.1442928314209,25.1442928314209,14278361
2024-09-10,26.72416114807129,26.96923828125,26.177181243896484,26.474029541015625,10943298
2024-09-11,25.955150604248047,26.724519729614258,25.423744201660156,26.724519729614258,12064289
2024-09-12,26.772939682006836,26.855712890625,25.943517684936523,25.955158233642578,12647407
2024-09-13,26.832258224487305,26.98972511291504,26.180831909179688,26.772939682006836,11546287
2024-09-14,26.471033096313477,26.93523406982422,26.250104904174805,26.832258224487305,8453484
2024-09-15,25.404409408569336,26.658567428588867,25.269319534301758,26.471033096313477,8670493
2024-09-16,24.818021774291992,25.501869201660156,24.427793502807617,25.404409408569336,11419778
2024-09-17,25.730825424194336,26.205904006958008,24.551761627197266,24.818012237548828,18567864
2024-09-18,26.101802825927734,26.354068756103516,25.161052703857422,25.730825424194336,19480480
2024-09-19,27.335054397583008,27.792579650878906,26.101802825927734,26.101802825927734,16790995
2024-09-20,27.847509384155273,28.36817169189453,27.262582778930664,27.335054397583008,16018309
2024-09-21,28.932289123535156,28.98065948486328,27.65212631225586,27.847509384155273,12601417
2024-09-22,28.134193420410156,28.932289123535156,27.31494903564453,28.932289123535156,12238737
2024-09-23,28.85756492614746,29.172269821166992,27.7130126953125,28.134193420410156,16248504
2024-09-24,29.03748321533203,29.154041290283203,27.951555252075195,28.85756492614746,14896945
2024-09-25,28.93603515625,29.49068832397461,28.736892700195312,29.03748321533203,15422025
2024-09-26,29.721548080444336,29.99559783935547,28.48170280456543,28.93626594543457,16211254
2024-09-27,30.21929931640625,30.477006912231445,29.42717933654785,29.721548080444336,15713332
2024-09-28,29.294403076171875,30.4296932220459,28.842254638671875,30.21929931640625,13681182
2024-09-29,29.40960693359375,30.10810661315918,28.433731079101562,29.294403076171875,18614529
2024-09-30,27.473413467407227,29.458908081054688,27.259668350219727,29.40960693359375,18317547
2024-10-01,25.29941749572754,28.301321029663086,24.64815902709961,27.473413467407227,25098619
2024-10-02,24.675615310668945,26.11545753479004,24.142398834228516,25.29941749572754,18058427
2024-10-03,24.583484649658203,25.20020866394043,23.837915420532227,24.675615310668945,18585384
2024-10-04,25.228248596191406,25.276159286499023,24.423112869262695,24.583484649658203,12300885
2024-10-05,25.143972396850586,25.40019989013672,24.743457794189453,25.228248596191406,8787632
2024-10-06,25.681848526000977,26.14598846435547,24.909250259399414,25.143972396850586,13258757
2024-10-07,25.412281036376953,26.275999069213867,25.147642135620117,25.681848526000977,15691012
2024-10-08,25.491687774658203,25.717710494995117,24.82988166809082,25.412281036376953,14278031
2024-10-09,24.649930953979492,25.7685546875,24.496379852294922,25.491687774658203,13080719
2024-10-10,24.814640045166016,24.89453887939453,24.00816535949707,24.649930953979492,12847367
2024-10-11,26.05718994140625,26.10238265991211,24.682973861694336,24.814640045166016,13820989
2024-10-12,27.410152435302734,27.824111938476562,26.05718994140625,26.05718994140625,18870329
2024-10-13,26.81082534790039,27.615673065185547,26.13697624206543,27.410152435302734,12796115
2024-10-14,27.868555068969727,27.989099502563477,26.471803665161133,26.81082534790039,16412777
2024-10-15,27.01984214782715,28.115724563598633,26.41267967224121,27.868555068969727,19581253
2024-10-16,26.327604293823242,27.031457901000977,26.268423080444336,27.01984214782715,12328748
2024-10-17,25.594375610351562,26.331134796142578,25.222675323486328,26.327604293823242,12680037
2024-10-18,26.734949111938477,26.748416900634766,25.528505325317383,25.594375610351562,11925143
2024-10-19,26.768207550048828,27.320037841796875,26.514928817749023,26.734949111938477,9930376
2024-10-20,27.758811950683594,27.939054489135742,26.446563720703125,26.768207550048828,13793101
2024-10-21,26.789932250976562,27.943370819091797,26.503997802734375,27.758811950683594,17872557
2024-10-22,26.18996238708496,27.1359806060791,25.928028106689453,26.789932250976562,15113775
2024-10-23,25.91971778869629,26.201135635375977,24.987842559814453,26.18996238708496,16499341
2024-10-24,25.990434646606445,26.446413040161133,25.381366729736328,26.060232162475586,17736314
2024-10-25,23.48096466064453,26.03261947631836,22.791309356689453,25.990434646606445,25381260
2024-10-26,23.746673583984375,24.06580352783203,23.125457763671875,23.48096466064453,14862795
2024-10-27,24.144929885864258,24.286264419555664,23.58530044555664,23.74703025817871,10164620
2024-10-28,24.178197860717773,24.430112838745117,23.303802490234375,24.144929885864258,17668296
2024-10-29,25.31812286376953,25.79360580444336,24.142335891723633,24.178197860717773,21206934
2024-10-30,24.444717407226562,25.3478946685791,24.296926498413086,25.31812286376953,17071883
2024-10-31,23.410551071166992,24.463605880737305,23.213918685913086,24.444658279418945,19373854
2024-11-01,23.282472610473633,23.835920333862305,22.884437561035156,23.410551071166992,17822420
2024-11-02,22.97638511657715,23.54555892944336,22.7647647857666,23.282472610473633,10829425
2024-11-03,22.502750396728516,23.04537582397461,21.514793395996094,22.97638511657715,22483766
2024-11-04,22.10193634033203,22.72486114501953,21.669111251831055,22.502750396728516,17803431
2024-11-05,23.534500122070312,23.574974060058594,22.10193634033203,22.10193634033203,17963105
2024-11-06,25.91707992553711,26.17313575744629,23.525728225708008,23.534500122070312,35680481
2024-11-07,26.6236572265625,26.9919490814209,25.496936798095703,25.91707992553711,32787750
2024-11-08,28.41295051574707,28.903562545776367,26.056203842163086,26.6236572265625,35431967
2024-11-09,29.64312171936035,31.1798152923584,28.403453826904297,28.41295051574707,66452587
2024-11-10,30.470430374145508,31.725582122802734,29.269834518432617,29.64312171936035,53493327
2024-11-11,33.501277923583984,33.54759979248047,30.067914962768555,30.470430374145508,56079513
2024-11-12,31.581628799438477,34.4967155456543,29.99237060546875,33.501277923583984,67815568
2024-11-13,29.564899444580078,31.7432918548584,28.658021926879883,31.581628799438477,54013602
2024-11-14,27.971622467041016,30.459787368774414,27.65087127685547,29.564899444580078,38986965
2024-11-15,28.91026496887207,28.962657928466797,27.39682388305664,27.971622467041016,33572090
2024-11-16,31.853097915649414,31.920921325683594,28.76783561706543,28.970008850097656,46050007
2024-11-17,29.104631423950195,32.80449295043945,28.64147186279297,31.853097915649414,46016387
2024-11-18,31.358198165893555,31.622880935668945,28.931655883789062,29.104631423950195,45956866
2024-11-19,31.3414363861084,32.465248107910156,30.472803115844727,31.358198165893555,53271650
2024-11-20,28.82687759399414,31.36326789855957,28.32174301147461,31.3414363861084,54119150
2024-11-21,30.18471336364746,30.919607162475586,27.95035743713379,28.82687759399414,58158323
2024-11-22,34.0463752746582,34.0526008605957,29.362773895263672,30.18500518798828,70950813
2024-11-23,35.960845947265625,37.72837829589844,33.32441329956055,34.0463752746582,125661502
2024-11-24,38.998390197753906,39.645233154296875,34.627052307128906,35.960845947265625,111468652
2024-11-25,36.60887145996094,40.34810256958008,35.645904541015625,38.998390197753906,90057606
2024-11-26,37.00392532348633,37.790897369384766,34.30345916748047,36.60887145996094,63724989
2024-11-27,38.881839752197266,38.94660186767578,35.92910385131836,37.00392532348633,55253718
2024-11-28,39.253883361816406,39.32506561279297,37.00278854370117,38.881839752197266,53093961
2024-11-29,42.56454849243164,42.92462921142578,38.514747619628906,39.25390625,78360064
2024-11-30,42.724334716796875,43.77964401245117,40.882720947265625,42.56454849243164,63589678
2024-12-01,44.03757858276367,45.276214599609375,41.10922622680664,42.724334716796875,84248651
2024-12-02,48.10340118408203,48.46918487548828,41.92203140258789,44.03757858276367,145761317
2024-12-03,54.643592834472656,54.81922912597656,47.434120178222656,48.10475540161133,192293705
2024-12-04,54.783626556396484,57.654205322265625,52.36643981933594,54.643516540527344,167959630
2024-12-05,54.69815444946289,58.147605895996094,52.63207244873047,54.783626556396484,167485964
2024-12-06,55.26601791381836,56.006080627441406,51.91357421875,54.52290725708008,111195535
2024-12-07,54.01566696166992,56.64332580566406,53.26836395263672,55.26601791381836,67225345
2024-12-08,54.59870910644531,54.79818344116211,52.6947135925293,54.05833053588867,59557576
2024-12-09,45.029212951660156,55.92964172363281,40.356292724609375,55.805946350097656,148077174
2024-12-10,44.31983184814453,45.572872161865234,39.79092025756836,45.029212951660156,116241674
2024-12-11,46.84367752075195,47.51592254638672,42.2415657043457,44.32209777832031,68815524
2024-12-12,47.84326171875,50.087284088134766,46.7054557800293,46.84367752075195,82816576
2024-12-13,48.42460250854492,49.32254409790039,46.360595703125,47.84502410888672,81956726
2024-12-14,46.3239860534668,48.65041732788086,45.03353500366211,48.42460250854492,50924775
2024-12-15,47.112308502197266,47.917633056640625,44.90937423706055,46.3239860534668,71767344
2024-12-16,44.98048782348633,47.95389938354492,43.844154357910156,47.112308502197266,71022377
2024-12-17,42.718746185302734,45.06697463989258,42.28928756713867,44.98048782348633,63559399
2024-12-18,38.12354278564453,42.978912353515625,38.114646911621094,42.72262954711914,81163879
2024-12-19,34.714698791503906,39.0051155090332,33.43867492675781,38.12354278564453,93051385
2024-12-20,36.141536712646484,36.44864273071289,29.600238800048828,34.714698791503906,93822618
2024-12-21,33.951393127441406,38.25728988647461,33.4321174621582,36.141536712646484,51989099
2024-12-22,33.53082275390625,34.85873794555664,32.4303092956543,33.951393127441406,48273406
2024-12-23,35.909423828125,36.301025390625,32.659603118896484,33.53082275390625,51259356
2024-12-24,37.07130813598633,37.39201736450195,34.74659729003906,35.909423828125,39033989
2024-12-25,35.645851135253906,37.07130813598633,35.31528091430664,37.07130813598633,32340574
2024-12-26,33.73386001586914,38.423919677734375,33.13758087158203,35.645851135253906,121590529
2024-12-27,33.97520065307617,35.32461929321289,33.346317291259766,33.73524475097656,41994875
2024-12-28,35.445945739746094,35.44783401489258,33.49502944946289,33.97520065307617,29363797
2024-12-29,34.14586639404297,35.652000427246094,33.82486343383789,35.445945739746094,27500083
2024-12-30,34.27262878417969,35.53938674926758,33.055320739746094,34.14586639404297,42248712
2024-12-31,33.37602996826172,34.99205780029297,33.077388763427734,34.27266311645508,33940199
2025-01-01,34.86858367919922,35.25920486450195,32.895423889160156,33.37602996826172,29501192
2025-01-02,35.77688217163086,35.9982795715332,34.8665885925293,34.86858367919922,36994935
2025-01-03,37.97036361694336,38.27143096923828,35.2684211730957,35.77688217163086,36392501
2025-01-04,38.069374084472656,38.62774658203125,37.54600524902344,37.97036361694336,32641482
2025-01-05,37.54121398925781,38.37251281738281,36.84505844116211,38.069374084472656,27079867
2025-01-06,38.34537124633789,39.25065612792969,36.891334533691406,37.54121398925781,39625261
2025-01-07,34.22459411621094,38.45973587036133,34.22459411621094,38.34563064575195,49968584
2025-01-08,33.09260177612305,34.51863098144531,31.33744239807129,34.22459411621094,51209583
2025-01-09,32.858062744140625,33.72098922729492,32.03755187988281,33.09260177612305,45916852
2025-01-10,33.21221160888672,33.69818878173828,32.3111686706543,32.857933044433594,41419420
2025-01-11,33.716617584228516,34.09647750854492,32.624114990234375,33.21221160888672,21605642
2025-01-12,32.8687858581543,34.151798248291016,32.3480339050293,33.716617584228516,24358054
2025-01-13,31.738798141479492,33.712608337402344,29.69098472595215,32.8687858581543,55497128
2025-01-14,32.64339828491211,32.69819641113281,31.557966232299805,31.738798141479492,26904950
2025-01-15,35.420692443847656,35.44966125488281,31.829605102539062,32.64339828491211,49274226
2025-01-16,35.97483444213867,36.91105270385742,34.504417419433594,35.421531677246094,61245605
2025-01-17,37.44104766845703,37.7955207824707,35.97044372558594,35.971797943115234,47819341
2025-01-18,35.618961334228516,37.80903625488281,34.6826057434082,37.44104766845703,50173984
2025-01-19,31.983768463134766,36.25605010986328,31.581398010253906,35.618961334228516,84890844
2025-01-20,31.57781410217285,34.445072174072266,30.509553909301758,31.985546112060547,99235316
2025-01-21,32.23114776611328,33.08502960205078,30.215839385986328,31.57781410217285,54585123
2025-01-22,31.00404930114746,32.50873565673828,30.9671688079834,32.23114776611328,25303439
2025-01-23,30.87147331237793,31.517295837402344,30.04387092590332,31.00252342224121,33667984
2025-01-24,29.939455032348633,31.558780670166016,29.770858764648438,30.87147331237793,25506345
2025-01-25,30.119260787963867,30.568754196166992,29.637588500976562,29.93951988220215,16526789
2025-01-26,29.541015625,30.978063583374023,29.541015625,30.120121002197266,15795110
2025-01-27,28.759031295776367,29.54819107055664,26.48603630065918,29.541015625,47892999
2025-01-28,27.239641189575195,29.005462646484375,26.877370834350586,28.759031295776367,22661092
2025-01-29,28.078664779663086,28.774385452270508,27.084928512573242,27.239641189575195,30137130
2025-01-30,30.265764236450195,30.389240264892578,27.98181915283203,28.078773498535156,32559753
2025-01-31,29.676828384399414,31.139320373535156,29.55205726623535,30.265764236450195,26249559
2025-02-01,27.183671951293945,30.214662551879883,27.01831817626953,29.676971435546875,27704735
2025-02-02,23.958467483520508,27.601266860961914,22.987869262695312,27.178714752197266,72976587
2025-02-03,24.65882110595703,24.74116325378418,18.403661727905273,23.958467483520508,160157651
2025-02-04,22.875749588012695,24.885889053344727,22.06671142578125,24.65882110595703,53684142
2025-02-05,21.875343322753906,23.040292739868164,21.587154388427734,22.875749588012695,26202961
2025-02-06,21.0516357421875,22.324106216430664,20.764490127563477,21.875343322753906,28829188
2025-02-07,21.361265182495117,22.793245315551758,20.703222274780273,21.0516357421875,27077308
2025-02-08,21.948944091796875,22.035810470581055,20.906055450439453,21.361265182495117,17726868
2025-02-09,22.35879135131836,23.056884765625,21.044841766357422,21.94887924194336,24714986
2025-02-10,22.49918556213379,22.909746170043945,21.462448120117188,22.35879135131836,24139175
2025-02-11,22.817977905273438,23.82895278930664,22.40252685546875,22.49918556213379,24915993
2025-02-12,23.809070587158203,24.03636360168457,22.01813507080078,22.817977905273438,27559157
2025-02-13,23.081998825073242,24.086212158203125,22.765188217163086,23.809070587158203,20096376
2025-02-14,23.30035972595215,24.047082901000977,22.898366928100586,23.081613540649414,21195403
2025-02-15,22.52351951599121,23.508390426635742,22.236528396606445,23.30035972595215,14301917
2025-02-16,22.411664962768555,22.83554458618164,22.275630950927734,22.52351951599121,13382186
2025-02-17,22.521299362182617,23.30894660949707,22.082387924194336,22.41521644592285,19257115
2025-02-18,21.52802276611328,22.630325317382812,20.870525360107422,22.521268844604492,18934490
2025-02-19,21.974523544311523,22.1442928314209,21.268722534179688,21.52802276611328,14584870
2025-02-20,23.166349411010742,23.23459815979004,21.92542266845703,21.974523544311523,18375607
2025-02-21,22.379552841186523,24.364635467529297,22.07075309753418,23.166349411010742,30488005
2025-02-22,23.479225158691406,23.513961791992188,22.319326400756836,22.379552841186523,15470230
2025-02-23,23.265277862548828,24.297910690307617,22.826568603515625,23.479215621948242,20432344
2025-02-24,20.36699867248535,23.353702545166016,20.300363540649414,23.265277862548828,26984573
2025-02-25,21.06072235107422,21.374956130981445,19.303829193115234,20.36699867248535,76531068
2025-02-26,21.156166076660156,21.6392765045166,20.37883186340332,21.06072235107422,32588231
2025-02-27,22.198078155517578,22.639514923095703,20.96249771118164,21.156166076660156,27087620
2025-02-28,21.723432540893555,22.198122024536133,20.131940841674805,22.198078155517578,37159518
2025-03-01,21.657785415649414,22.027633666992188,21.10101890563965,21.72357749938965,15984184
2025-03-02,25.42283058166504,25.454748153686523,21.46379280090332,21.657785415649414,40537192
2025-03-03,22.61836051940918,25.85942268371582,22.4381103515625,25.42283058166504,55380522
2025-03-04,21.314239501953125,22.667600631713867,20.178739547729492,22.61836051940918,46438483
2025-03-05,21.63641357421875,22.008827209472656,20.928993225097656,21.314239501953125,24925931
2025-03-06,20.627643585205078,22.393362045288086,20.427995681762695,21.63641357421875,23909666
2025-03-07,20.028961181640625,21.036203384399414,19.48353385925293,20.627643585205078,29568893
2025-03-08,20.025285720825195,20.29481315612793,19.822864532470703,20.028961181640625,16498867
2025-03-09,18.496124267578125,20.112775802612305,18.028247833251953,20.025270462036133,27622879
2025-03-10,17.5411434173584,19.286550521850586,17.38016700744629,18.495803833007812,36671570
2025-03-11,18.188068389892578,18.525222778320312,16.340524673461914,17.541162490844727,36848710
2025-03-12,18.457796096801758,18.832763671875,17.59989356994629,18.188068389892578,22925499
2025-03-13,17.555992126464844,18.46637725830078,17.209150314331055,18.457796096801758,28101089
2025-03-14,18.024059295654297,18.277589797973633,17.528282165527344,17.555992126464844,17000394
2025-03-15,18.434778213500977,18.52093505859375,17.91118621826172,18.023988723754883,11064509
2025-03-16,17.767759323120117,18.43503761291504,17.63822364807129,18.434701919555664,15427087
2025-03-17,18.374147415161133,18.47445297241211,17.758655548095703,17.76874542236328,18703073
2025-03-18,18.038734436035156,18.400232315063477,17.433496475219727,18.374147415161133,28044658
2025-03-19,18.7177677154541,18.726232528686523,18.00823211669922,18.038734436035156,28171189
2025-03-20,18.100244522094727,18.718839645385742,17.76285171508789,18.7177677154541,22042218
2025-03-21,17.89112091064453,18.298852920532227,17.67871856689453,18.100189208984375,17402268
2025-03-22,18.117521286010742,18.46510887145996,17.890905380249023,17.89112091064453,15115084
2025-03-23,18.45477294921875,19.00623321533203,18.0743350982666,18.117521286010742,35625501
2025-03-24,19.25467300415039,19.41269302368164,18.249048233032227,18.454387664794922,33884328
2025-03-25,19.935632705688477,19.988079071044922,19.206125259399414,19.25467300415039,26369713
2025-03-26,19.02022933959961,19.93620491027832,18.88412857055664,19.935632705688477,26979055
2025-03-27,18.742507934570312,19.442262649536133,18.63157081604004,19.02022933959961,29630040
2025-03-28,17.057294845581055,18.744895935058594,16.73345184326172,18.742507934570312,29930609
2025-03-29,16.16183853149414,17.138097763061523,15.874715805053711,17.057294845581055,19353102
2025-03-30,16.33821678161621,16.7453670501709,15.972935676574707,16.157516479492188,12124913
2025-03-31,16.08304786682129,16.385772705078125,15.741541862487793,16.33821678161621,18455528
2025-04-01,16.496646881103516,16.709829330444336,15.940632820129395,16.08304786682129,16184684
2025-04-02,15.279609680175781,16.71652603149414,15.095705032348633,16.496654510498047,23225081
2025-04-03,15.2428560256958,15.845320701599121,14.71561336517334,15.27878189086914,28611237
2025-04-04,14.653255462646484,15.425116539001465,14.518839836120605,15.2428560256958,33745394
2025-04-05,14.076062202453613,14.740477561950684,13.750313758850098,14.653255462646484,28475576
2025-04-06,12.630875587463379,14.182195663452148,12.323363304138184,14.075913429260254,24811766
2025-04-07,13.041945457458496,13.793046951293945,11.884263038635254,12.630875587463379,38483270
2025-04-08,12.485574722290039,13.43517017364502,12.474947929382324,13.041190147399902,17113424
2025-04-09,14.204259872436523,14.29892635345459,12.175604820251465,12.485574722290039,23917051
2025-04-10,13.759147644042969,14.27197265625,13.40034008026123,14.204306602478027,16574284
2025-04-11,14.323943138122559,14.543330192565918,13.612702369689941,13.759147644042969,18463836
2025-04-12,14.523366928100586,14.69428539276123,13.93363094329834,14.323943138122559,13354946
2025-04-13,13.895096778869629,14.602034568786621,13.736324310302734,14.523366928100586,14026884
2025-04-14,14.048500061035156,14.611483573913574,13.881499290466309,13.895096778869629,16039978
2025-04-15,13.688875198364258,14.3475923538208,13.678153038024902,14.048500061035156,16165378
2025-04-16,13.451305389404297,13.81004524230957,13.199210166931152,13.691176414489746,17997490
2025-04-17,13.743897438049316,13.875372886657715,13.380230903625488,13.451305389404297,11176800
2025-04-18,14.17087173461914,14.528101921081543,13.636092185974121,13.743897438049316,14919612
2025-04-19,14.569660186767578,14.57512092590332,14.085281372070312,14.17087173461914,12091788
2025-04-20,14.186942100524902,14.908535957336426,14.066383361816406,14.569660186767578,13516966
2025-04-21,13.99325180053711,14.656471252441406,13.93581771850586,14.186942100524902,19610533
2025-04-22,15.065940856933594,15.08117961883545,13.772130012512207,13.993192672729492,32885644
2025-04-23,15.45561695098877,15.7507905960083,15.046491622924805,15.065940856933594,32849817
2025-04-24,16.240428924560547,16.254928588867188,14.848411560058594,15.455293655395508,21079909
2025-04-25,17.654184341430664,19.85011100769043,16.240428924560547,16.240428924560547,168787654
2025-04-26,17.622840881347656,17.99505615234375,17.139963150024414,17.65469741821289,32327147
2025-04-27,17.03798484802246,17.683149337768555,16.854740142822266,17.622840881347656,19490845
2025-04-28,17.476882934570312,17.69570541381836,16.624019622802734,17.03798484802246,20961011
2025-04-29,16.82487678527832,17.527339935302734,16.62832260131836,17.476882934570312,16145255
2025-04-30,17.197948455810547,17.540233612060547,16.45413589477539,16.82487678527832,21580921
2025-05-01,17.86138916015625,18.12482452392578,17.12326431274414,17.198251724243164,24178435
2025-05-02,17.69349479675293,18.27049446105957,17.49988555908203,17.8613224029541,17688565
2025-05-03,16.382282257080078,17.768423080444336,16.278654098510742,17.69349479675293,14242654
2025-05-04,15.6730375289917,16.382604598999023,15.479857444763184,16.382282257080078,16954685
2025-05-05,15.505596160888672,16.03590965270996,15.328431129455566,15.6730375289917,13329600
2025-05-06,15.078756332397461,15.657158851623535,14.62275505065918,15.505596160888672,13979972
2025-05-07,15.35859489440918,15.470195770263672,15.011289596557617,15.079469680786133,12460094
2025-05-08,17.033021926879883,17.125917434692383,15.358532905578613,15.358545303344727,18189916
2025-05-09,18.997114181518555,20.7089900970459,17.03013038635254,17.033021926879883,157573807
2025-05-10,20.142797470092773,20.2176570892334,18.650257110595703,18.997114181518555,39198902
2025-05-11,19.407386779785156,20.240171432495117,19.097400665283203,20.142475128173828,31269219
2025-05-12,19.66048240661621,20.254745483398438,18.709627151489258,19.40751075744629,40677372
2025-05-13,20.414365768432617,20.659120559692383,18.515039443969727,19.66048240661621,35475944
2025-05-14,20.18061065673828,21.785856246948242,19.905414581298828,20.414365768432617,170927792
2025-05-15,19.37538719177246,20.34292221069336,18.93553352355957,20.179433822631836,117421975
2025-05-16,18.590627670288086,19.59376335144043,18.490507125854492,19.376758575439453,30100172
2025-05-17,18.08338165283203,18.679431915283203,17.942760467529297,18.590627670288086,21655294
2025-05-18,19.080230712890625,19.41173553466797,18.053102493286133,18.08338165283203,25754664
2025-05-19,18.321123123168945,19.094465255737305,17.46620750427246,19.0780086517334,25874410
2025-05-20,18.340612411499023,18.601375579833984,17.658662796020508,18.321123123168945,17506576
2025-05-21,18.899450302124023,19.19219398498535,18.03246307373047,18.340612411499023,26529169
2025-05-22,19.733993530273438,19.78136444091797,18.84067153930664,18.901409149169922,21367152
2025-05-23,17.89842987060547,20.250080108642578,17.892234802246094,19.733993530273438,31871481
2025-05-24,17.790008544921875,18.207490921020508,17.706050872802734,17.89812469482422,13009821
2025-05-25,17.85395622253418,17.92734718322754,17.059579849243164,17.790008544921875,15794862
2025-05-26,17.93065643310547,18.477588653564453,17.70543670654297,17.85395622253418,14835371
2025-05-27,18.246444702148438,18.615360260009766,17.547754287719727,17.93065643310547,18934922
2025-05-28,18.01248550415039,18.877960205078125,17.63922691345215,18.24612045288086,26702606
2025-05-29,17.209108352661133,18.399822235107422,17.15620231628418,18.014345169067383,20183999
2025-05-30,14.884206771850586,17.21446418762207,14.876580238342285,17.209150314331055,33388702
2025-05-31,15.502016067504883,15.539216995239258,14.728780746459961,14.88449764251709,29378094
2025-06-01,15.618535041809082,15.702149391174316,15.11104679107666,15.502016067504883,11978498
2025-06-02,15.897974014282227,15.917488098144531,15.211335182189941,15.61853313446045,14336310
2025-06-03,15.913987159729004,16.178573608398438,15.824756622314453,15.898344039916992,13103529
2025-06-04,15.555953979492188,16.14194107055664,15.452136993408203,15.913987159729004,12584198
2025-06-05,14.486152648925781,15.83065128326416,14.30280590057373,15.555953979492188,22012830
2025-06-06,14.971746444702148,15.305511474609375,14.384934425354004,14.486152648925781,18002709
2025-06-07,15.421615600585938,15.50244140625,14.932835578918457,14.971720695495605,11404922
2025-06-08,15.148111343383789,15.421955108642578,15.026986122131348,15.421615600585938,10969580
2025-06-09,15.752840042114258,15.75904655456543,14.84996509552002,15.148111343383789,20102139
2025-06-10,16.153871536254883,16.201675415039062,15.509200096130371,15.752840042114258,26272615
2025-06-11,15.412474632263184,16.17850112915039,15.290186882019043,16.153871536254883,20531858
2025-06-12,14.375123023986816,15.412632942199707,14.252433776855469,15.412474632263184,20923014
2025-06-13,14.071011543273926,14.375123023986816,13.42265510559082,14.375123023986816,23242604
2025-06-14,13.941884994506836,14.084193229675293,13.694855690002441,14.071011543273926,10351100
2025-06-15,13.958942413330078,14.034087181091309,13.646709442138672,13.941884994506836,9362277
2025-06-16,14.218830108642578,14.691082000732422,13.81091022491455,13.958942413330078,15835084
2025-06-17,13.55364990234375,14.296613693237305,13.243768692016602,14.218830108642578,17715456
2025-06-18,13.803812980651855,13.856931686401367,13.245245933532715,13.55364990234375,14869250
2025-06-19,13.650787353515625,13.915000915527344,13.481743812561035,13.803812980651855,8668976
2025-06-20,13.257887840270996,14.022310256958008,12.977839469909668,13.65078353881836,14495636
2025-06-21,12.587686538696289,13.537435531616211,12.375497817993164,13.257887840270996,12629473
2025-06-22,12.026189804077148,12.713753700256348,11.50232219696045,12.587145805358887,23704934
2025-06-23,13.56286334991455,13.588631629943848,12.015013694763184,12.026189804077148,20603118
2025-06-24,13.750642776489258,13.930270195007324,13.432426452636719,13.56286334991455,15742426
2025-06-25,13.269572257995605,13.808432579040527,13.235575675964355,13.750642776489258,11746744
2025-06-26,13.02311897277832,13.67820930480957,12.952813148498535,13.269572257995605,13569325
2025-06-27,13.078902244567871,13.198616027832031,12.760308265686035,13.02311897277832,12307111
2025-06-28,13.482032775878906,13.524391174316406,13.016576766967773,13.078902244567871,8309277
2025-06-29,13.971656799316406,14.08067798614502,13.344186782836914,13.482032775878906,10628337
2025-06-30,13.537154197692871,14.2012939453125,13.443099975585938,13.971656799316406,15166991
2025-07-01,12.938432693481445,13.571394920349121,12.876836776733398,13.537154197692871,10994752
2025-07-02,14.192500114440918,14.368722915649414,12.932572364807129,12.938432693481445,18276110
2025-07-03,14.095087051391602,14.273225784301758,13.855033874511719,14.192500114440918,12816693
2025-07-04,13.346973419189453,14.111796379089355,13.177447319030762,14.095087051391602,12167509
2025-07-05,13.273763656616211,13.444748878479004,13.048257827758789,13.346973419189453,8226028
2025-07-06,13.392539978027344,13.604976654052734,13.133125305175781,13.273763656616211,8772295
2025-07-07,13.315006256103516,13.507275581359863,13.140551567077637,13.392539978027344,9604249
2025-07-08,13.645776748657227,13.713136672973633,13.116337776184082,13.315006256103516,9585472
2025-07-09,14.230240821838379,14.354328155517578,13.508169174194336,13.645776748657227,13716185
2025-07-10,15.17265510559082,15.207584381103516,14.12895679473877,14.230240821838379,18363695
2025-07-11,15.188310623168945,15.817282676696777,14.976963996887207,15.17265510559082,29834367
2025-07-12,15.2415189743042,15.468761444091797,14.753846168518066,15.188310623168945,16187047
2025-07-13,15.619402885437012,15.93433952331543,15.175183296203613,15.2415189743042,19853305
2025-07-14,15.353856086730957,16.222362518310547,15.18132495880127,15.619402885437012,25418668
2025-07-15,15.799288749694824,15.812429428100586,14.790608406066895,15.353856086730957,26763897
2025-07-16,16.417661666870117,16.79318618774414,15.595349311828613,15.799288749694824,37618433
2025-07-17,16.71831512451172,16.797895431518555,16.0170955657959,16.417661666870117,24852286
2025-07-18,16.662841796875,17.754985809326172,16.35790252685547,16.71831512451172,35857946
2025-07-19,17.05811309814453,17.18804168701172,16.282386779785156,16.662996292114258,16961258
2025-07-20,17.573925018310547,17.910402297973633,16.963973999023438,17.05811309814453,31809115
2025-07-21,17.851316452026367,18.437211990356445,17.321550369262695,17.573925018310547,31262172
2025-07-22,18.163576126098633,18.163576126098633,17.012136459350586,17.851316452026367,33419555
2025-07-23,16.737943649291992,18.381816864013672,16.25404167175293,18.163576126098633,34980847
2025-07-24,16.070484161376953,17.039125442504883,15.665904998779297,16.739151000976562,30951945
2025-07-25,16.374847412109375,16.435705184936523,15.535470008850098,16.070484161376953,23098983
2025-07-26,16.37993812561035,16.644668579101562,16.248111724853516,16.374847412109375,13005947
2025-07-27,16.95630645751953,17.0262451171875,16.352834701538086,16.37993812561035,25295841
2025-07-28,15.698575973510742,17.253398895263672,15.638014793395996,16.95630645751953,24788313
2025-07-29,15.318437576293945,16.17308235168457,15.142539024353027,15.698859214782715,20610489
2025-07-30,15.117035865783691,15.320180892944336,14.475982666015625,15.318437576293945,19848344
2025-07-31,14.260350227355957,15.4288911819458,14.220671653747559,15.117035865783691,14740556
2025-08-01,13.95748233795166,14.39561653137207,13.645845413208008,14.260350227355957,21842935
2025-08-02,13.789196968078613,14.107410430908203,13.458159446716309,13.957169532775879,11663403
2025-08-03,14.284314155578613,14.333909034729004,13.66757583618164,13.789196968078613,11894913
2025-08-04,14.882275581359863,14.950183868408203,14.270416259765625,14.284314155578613,13528602
2025-08-05,14.29384708404541,14.902242660522461,14.046553611755371,14.882275581359863,15832922
2025-08-06,14.534215927124023,14.694402694702148,13.9070463180542,14.29384708404541,16558845
2025-08-07,15.28061294555664,15.339686393737793,14.454320907592773,14.534215927124023,19617546
2025-08-08,15.546581268310547,15.670151710510254,15.13764762878418,15.28061294555664,42339894
2025-08-09,16.150911331176758,16.336095809936523,15.531268119812012,15.546581268310547,19676305
2025-08-10,16.085458755493164,16.477603912353516,15.650945663452148,16.150911331176758,20377323
2025-08-11,15.132000923156738,16.430036544799805,15.02501106262207,16.085458755493164,21076931
2025-08-12,16.035627365112305,16.196308135986328,14.87570571899414,15.132000923156738,23016218
2025-08-13,16.746179580688477,16.817729949951172,16.03400993347168,16.035627365112305,53070601
2025-08-14,15.25576114654541,16.930118560791016,14.985342979431152,16.746179580688477,34457285
2025-08-15,14.928693771362305,15.584564208984375,14.507664680480957,15.25576114654541,23185247
2025-08-16,15.390212059020996,15.43813705444336,14.928693771362305,14.928693771362305,12915778
2025-08-17,15.575554847717285,16.013275146484375,15.287607192993164,15.390212059020996,16688869
2025-08-18,14.875252723693848,15.629073143005371,14.709036827087402,15.575554847717285,22700924
2025-08-19,14.354020118713379,15.055118560791016,14.334280967712402,14.875252723693848,26054164
2025-08-20,15.201661109924316,15.304813385009766,14.287064552307129,14.354020118713379,21124201
2025-08-21,14.724343299865723,15.36873722076416,14.67690372467041,15.201661109924316,17937893
2025-08-22,16.07874870300293,16.204429626464844,14.243817329406738,14.724343299865723,31900999
2025-08-23,15.952701568603516,16.21597671508789,15.703167915344238,16.07874870300293,19702097
2025-08-24,15.662638664245605,16.355684280395508,15.358163833618164,15.952832221984863,37028979
2025-08-25,14.235506057739258,15.85693359375,14.093755722045898,15.662638664245605,32188455
2025-08-26,15.024401664733887,15.10142993927002,14.034395217895508,14.235160827636719,21263390
2025-08-27,14.812091827392578,15.271857261657715,14.789264678955078,15.024401664733887,20747114
2025-08-28,15.278322219848633,15.279730796813965,14.763742446899414,14.812091827392578,16958607
2025-08-29,14.428886413574219,15.47570514678955,14.088622093200684,15.278146743774414,28156167
2025-08-30,14.387944221496582,14.628019332885742,14.169670104980469,14.428886413574219,14117637
2025-08-31,14.17440128326416,14.849319458007812,14.173867225646973,14.387944221496582,15116384
2025-09-01,13.87671947479248,14.632587432861328,13.64129638671875,14.17440128326416,30014050
2025-09-02,14.253782272338867,14.41639232635498,13.877004623413086,13.877004623413086,23357953
2025-09-03,14.04572582244873,14.343399047851562,14.01916790008545,14.253782272338867,15915550
2025-09-04,13.746281623840332,14.091885566711426,13.622425079345703,14.04572582244873,18365931
2025-09-05,13.94051456451416,14.238492965698242,13.7088041305542,13.746281623840332,21093674
2025-09-06,13.613341331481934,13.988970756530762,13.523244857788086,13.94051456451416,12745445
2025-09-07,13.731993675231934,13.860246658325195,13.612826347351074,13.613341331481934,11425616
2025-09-08,14.018746376037598,14.095108032226562,13.65748405456543,13.731993675231934,20960031
2025-09-09,14.018527030944824,14.555258750915527,13.833822250366211,14.018746376037598,25433134
2025-09-10,14.180026054382324,14.279511451721191,13.9431791305542,14.018527030944824,19643606
2025-09-11,14.159603118896484,14.310555458068848,13.901127815246582,14.180026054382324,21438055
2025-09-12,14.498767852783203,14.500040054321289,13.943074226379395,14.159603118896484,21019866
2025-09-13,14.694478034973145,14.831731796264648,14.36491870880127,14.49817943572998,22676198
2025-09-14,14.717755317687988,15.183801651000977,14.346382141113281,14.694478034973145,55842219
2025-09-15,13.888506889343262,14.916343688964844,13.702138900756836,14.717384338378906,37801929
2025-09-16,13.986994743347168,14.085445404052734,13.675124168395996,13.888506889343262,19629662
2025-09-17,14.381975173950195,14.463339805603027,13.658683776855469,13.986994743347168,21485539
2025-09-18,14.475440979003906,14.609358787536621,14.193536758422852,14.381975173950195,27590236
2025-09-19,14.08154296875,14.7395601272583,13.971563339233398,14.475440979003906,30783428
2025-09-20,14.26271915435791,14.351786613464355,13.916194915771484,14.08154296875,12601136
2025-09-21,14.414682388305664,14.668933868408203,14.208806991577148,14.26271915435791,17456223
2025-09-22,13.098518371582031,14.468146324157715,12.821420669555664,14.414682388305664,35033184
2025-09-23,12.858617782592773,13.248169898986816,12.746390342712402,13.098518371582031,18462666
2025-09-24,13.050070762634277,13.329434394836426,12.67142391204834,12.858617782592773,16236564
2025-09-25,12.130240440368652,13.065993309020996,11.9953031539917,13.050070762634277,23810788
2025-09-26,13.070150375366211,13.160421371459961,12.122464179992676,12.130240440368652,30822179
2025-09-27,12.991342544555664,13.373652458190918,12.849676132202148,13.070150375366211,19262426
2025-09-28,13.36481761932373,13.445714950561523,12.678152084350586,12.991342544555664,15824416
2025-09-29,13.251775741577148,13.401734352111816,12.923843383789062,13.36481761932373,18278745
2025-09-30,12.971497535705566,13.25441837310791,12.589706420898438,13.251775741577148,18370098
2025-10-01,13.658406257629395,13.712265968322754,12.83687686920166,12.971497535705566,18447525
2025-10-02,14.140888214111328,14.258931159973145,13.61960220336914,13.659517288208008,24828595
2025-10-03,14.231461524963379,14.515035629272461,13.943099021911621,14.140888214111328,21254704
2025-10-04,13.479602813720703,14.288244247436523,13.343172073364258,14.231461524963379,32833304
2025-10-05,13.593457221984863,14.188575744628906,13.240870475769043,13.480179786682129,37377002
2025-10-06,14.026453018188477,14.175468444824219,13.525562286376953,13.593457221984863,26417006
2025-10-07,13.36295223236084,14.12017822265625,13.286832809448242,14.026453018188477,23249396
2025-10-08,13.511869430541992,13.54233169555664,13.01848030090332,13.36295223236084,18409260
2025-10-09,13.258440971374512,13.54290771484375,12.771329879760742,13.511869430541992,23366013
2025-10-10,8.86731243133545,13.672395706176758,4.540379047393799,13.258393287658691,68537454
2025-10-11,9.550594329833984,10.184234619140625,8.742226600646973,8.86731243133545,52276122
2025-10-12,10.646710395812988,10.77045726776123,9.458349227905273,9.551582336425781,28569313
2025-10-13,11.311211585998535,11.459477424621582,10.439173698425293,10.646958351135254,31695290
2025-10-14,10.7014799118042,11.344011306762695,10.182378768920898,11.311211585998535,27503076
2025-10-15,10.108963966369629,10.972625732421875,10.031535148620605,10.7014799118042,18060842
2025-10-16,9.684735298156738,10.343650817871094,9.56875991821289,10.108963966369629,24293431
2025-10-17,9.515474319458008,9.734874725341797,8.99958610534668,9.684735298156738,26534754
2025-10-18,9.715389251708984,9.876656532287598,9.515474319458008,9.515474319458008,11529174
2025-10-19,9.824338912963867,10.006032943725586,9.482340812683105,9.715389251708984,15179241
2025-10-20,10.00988483428955,10.265585899353027,9.656478881835938,9.824274063110352,16504980
2025-10-21,9.743184089660645,10.374698638916016,9.56633186340332,10.012953758239746,20279497
2025-10-22,9.382019996643066,9.792882919311523,9.18203067779541,9.743184089660645,17934178
2025-10-23,9.742566108703613,9.913928031921387,9.350546836853027,9.382019996643066,12784250
2025-10-24,9.89729118347168,9.940118789672852,9.660812377929688,9.742566108703613,12577886
2025-10-25,9.830875396728516,9.905040740966797,9.685469627380371,9.89729118347168,8424295
2025-10-26,9.961347579956055,10.066084861755371,9.683670043945312,9.830875396728516,11641651
2025-10-27,9.639423370361328,10.117402076721191,9.578972816467285,9.961347579956055,15655265
2025-10-28,9.57616901397705,10.00882625579834,9.393577575683594,9.639423370361328,23239688
2025-10-29,9.656511306762695,9.916242599487305,9.533525466918945,9.57616901397705,15523132
2025-10-30,9.118107795715332,9.90180492401123,8.760486602783203,9.656511306762695,32026580
2025-10-31,9.110918045043945,9.304327964782715,8.969508171081543,9.118107795715332,12525484
2025-11-01,9.68661880493164,9.687294006347656,9.06503963470459,9.110918045043945,14838718
2025-11-02,9.782812118530273,9.95093059539795,9.444043159484863,9.68661880493164,14529811
2025-11-03,8.594498634338379,9.782812118530273,8.373177528381348,9.782812118530273,22799057
2025-11-04,8.287097930908203,8.739426612854004,7.838986873626709,8.59417724609375,26706575
2025-11-05,8.53624153137207,8.60162353515625,7.918560028076172,8.287097930908203,16079202
2025-11-06,8.427939414978027,8.535670280456543,8.020524024963379,8.535670280456543,19042977
2025-11-07,10.084329605102539,10.4085054397583,8.428162574768066,8.428767204284668,56553235
2025-11-08,10.335829734802246,10.696967124938965,9.881564140319824,10.084329605102539,45394215
2025-11-09,10.078474998474121,10.755345344543457,9.591896057128906,10.336142539978027,33701474
2025-11-10,10.091693878173828,10.277203559875488,9.860264778137207,10.078474998474121,20010672
2025-11-11,9.434040069580078,10.198774337768555,9.42105484008789,10.091693878173828,15062267
2025-11-12,9.201522827148438,9.859162330627441,9.092034339904785,9.434040069580078,12845467
2025-11-13,8.989930152893066,9.551209449768066,8.719574928283691,9.20190715789795,15153178
2025-11-14,8.633716583251953,9.016481399536133,8.513134002685547,8.989930152893066,14991481
2025-11-15,8.72499942779541,8.987467765808105,8.631409645080566,8.633716583251953,7546639
2025-11-16,8.42092514038086,8.852925300598145,8.243865013122559,8.72499942779541,10189415
2025-11-17,8.144763946533203,8.560802459716797,8.012083053588867,8.42092514038086,14642876
2025-11-18,8.402305603027344,8.546730995178223,8.065160751342773,8.144763946533203,12346120
2025-11-19,8.206466674804688,8.44333267211914,7.758458137512207,8.402305603027344,13637860
2025-11-20,7.82682991027832,8.472135543823242,7.69002103805542,8.206466674804688,14372363
2025-11-21,7.438015937805176,7.975158214569092,7.121572971343994,7.826517105102539,17724797
2025-11-22,7.432013988494873,7.527289867401123,7.234766960144043,7.438015937805176,9019091
2025-11-23,7.451479911804199,7.563008785247803,7.39522123336792,7.432013988494873,7472575
2025-11-24,7.882846832275391,8.032402038574219,7.410420894622803,7.451479911804199,10799592
2025-11-25,7.941906929016113,7.972804069519043,7.6184282302856445,7.882846832275391,9358811
2025-11-26,7.955813884735107,8.048901557922363,7.670131206512451,7.941906929016113,9064169
2025-11-27,7.860032081604004,8.190044403076172,7.822681903839111,7.956117153167725,39522510
2025-11-28,7.482906818389893,7.918498992919922,7.4727020263671875,7.860040187835693,64301288
2025-11-29,7.133121013641357,7.486351013183594,7.074228763580322,7.482906818389893,34129336
2025-11-30,7.111762046813965,7.265988826751709,6.941987037658691,7.133121013641357,18710065
2025-12-01,6.809025764465332,7.111762046813965,6.6212239265441895,7.111762046813965,12848065
2025-12-02,7.459612846374512,7.538345813751221,6.766050815582275,6.809025764465332,41756255
2025-12-03,7.581191062927246,7.705848217010498,7.398637771606445,7.459612846374512,17511229
2025-12-04,7.165596961975098,7.581215858459473,7.115537166595459,7.580867767333984,10621056
2025-12-05,8.469428062438965,8.587313652038574,7.165596961975098,7.165596961975098,179667954
2025-12-06,7.956445217132568,8.496928215026855,7.928040981292725,8.469428062438965,43725679
2025-12-07,7.886326789855957,8.062827110290527,7.648647785186768,7.956445217132568,23035792
2025-12-08,8.018438339233398,8.169820785522461,7.814933776855469,7.888062953948975,18847261
2025-12-09,8.177460670471191,8.462823867797852,7.916090965270996,8.018438339233398,22190015
2025-12-10,7.786609172821045,8.178183555603027,7.730939865112305,8.177460670471191,13553962
2025-12-11,7.552435874938965,7.786921977996826,7.523196220397949,7.7865891456604,11783408
2025-12-12,7.3932671546936035,7.672579765319824,7.221704006195068,7.552435874938965,9268705
2025-12-13,7.48671817779541,7.560047149658203,7.393221855163574,7.3932671546936035,13008320
2025-12-14,7.099563121795654,7.513023853302002,7.077770233154297,7.48671817779541,8212741
2025-12-15,6.891193866729736,7.285562992095947,6.7174072265625,7.099670886993408,11019189
2025-12-16,6.923995018005371,6.988303184509277,6.776625156402588,6.891193866729736,9804028
2025-12-17,6.420985221862793,6.969237804412842,6.419514179229736,6.923995018005371,11150284
2025-12-18,6.333631992340088,6.616037845611572,6.168044090270996,6.420985221862793,9817104
2025-12-19,6.6224260330200195,6.724020957946777,6.2594451904296875,6.332986831665039,9698505
2025-12-20,6.664588928222656,6.681110858917236,6.590701103210449,6.6224260330200195,5765342
2025-12-21,6.434432029724121,6.710111141204834,6.332183837890625,6.664371967315674,8064129
2025-12-22,6.325760841369629,6.518681049346924,6.2594170570373535,6.434432029724121,8768206
2025-12-23,6.317022800445557,6.36926794052124,6.183008193969727,6.325760841369629,7498773
2025-12-24,6.280099868774414,6.335806846618652,6.135035037994385,6.317022800445557,7664982
2025-12-25,6.115096092224121,6.354869842529297,6.110785007476807,6.280099868774414,10970620
2025-12-26,6.13616418838501,6.262101173400879,6.041897773742676,6.115096092224121,7747425
2025-12-27,6.291718006134033,6.291786193847656,6.128896236419678,6.13616418838501,7674465
2025-12-28,6.110809803009033,6.431199073791504,6.0643720626831055,6.292388916015625,8308631
2025-12-29,5.838943958282471,6.235104084014893,5.732306003570557,6.110809803009033,13491767
2025-12-30,5.664515972137451,5.839702129364014,5.585011005401611,5.838943958282471,10519234
2025-12-31,5.538721084594727,5.7011260986328125,5.469583988189697,5.664515972137451,10642563
2026-01-01,5.907291889190674,5.918537139892578,5.389839172363281,5.538721084594727,19310885
2026-01-02,6.051207065582275,6.066954135894775,5.774890899658203,5.907291889190674,12967698
2026-01-03,6.203938961029053,6.224413871765137,6.040217876434326,6.051207065582275,11336004
2026-01-04,6.208982944488525,6.307747840881348,6.176705837249756,6.203938961029053,9779596
2026-01-05,6.534413814544678,6.561328887939453,6.095639228820801,6.208982944488525,12263498
2026-01-06,6.682474136352539,6.773246765136719,6.343973159790039,6.534413814544678,17200648
2026-01-07,6.2213358879089355,6.682679176330566,6.1926350593566895,6.682474136352539,12626222
2026-01-08,5.939251899719238,6.2913689613342285,5.893843173980713,6.2213358879089355,11862215
2026-01-09,6.249725818634033,6.491498947143555,5.88909387588501,5.939332962036133,23269190
2026-01-10,6.445856094360352,6.855749130249023,6.249398231506348,6.249725818634033,61416350
2026-01-11,6.214231967926025,6.539111137390137,6.178401947021484,6.445856094360352,22350740
2026-01-12,5.942609786987305,6.259643077850342,5.9217681884765625,6.214231967926025,12635513
2026-01-13,6.33966588973999,6.388350009918213,5.933341979980469,5.942609786987305,14704479
2026-01-14,6.221766948699951,6.425047874450684,6.1833109855651855,6.33966588973999,13938548
2026-01-15,6.012167930603027,6.25668478012085,5.939255237579346,6.221766948699951,11673862
2026-01-16,6.1769819259643555,6.177127838134766,5.930634021759033,6.012167930603027,7587273
2026-01-17,6.624467849731445,6.84624719619751,6.1714091300964355,6.1769819259643555,23587756
2026-01-18,6.441641807556152,7.3703532218933105,6.439085960388184,6.624467849731445,62527232
2026-01-19,6.1710710525512695,6.443090915679932,5.960044860839844,6.441936016082764,18869592
2026-01-20,5.875956058502197,6.2882890701293945,5.852622032165527,6.1710710525512695,13686035
2026-01-21,6.007440090179443,6.113700866699219,5.831973075866699,5.875956058502197,12109137
2026-01-22,5.9563679695129395,6.132629871368408,5.835375785827637,6.007440090179443,8244216
2026-01-23,5.927890777587891,6.071694850921631,5.895518779754639,5.9563679695129395,8431679
2026-01-24,5.913393974304199,5.966884136199951,5.843952178955078,5.927890777587891,5873150
2026-01-25,5.584589958190918,5.914384841918945,5.50276517868042,5.913393974304199,9436702
2026-01-26,5.75584077835083,5.823823928833008,5.561381816864014,5.584589958190918,7664345
2026-01-27,5.812658786773682,5.851774215698242,5.614704132080078,5.75584077835083,6810699
2026-01-28,5.7583818435668945,5.818036079406738,5.648229122161865,5.812658786773682,7481859
2026-01-29,5.284972190856934,5.767902851104736,5.213848114013672,5.757935047149658,9649938
2026-01-30,5.18917989730835,5.316939830780029,5.07377815246582,5.284972190856934,11211342
2026-01-31,4.73114013671875,5.197278022766113,4.459115028381348,5.18917989730835,14157039
2026-02-01,4.644083023071289,4.924345970153809,4.588162899017334,4.73114013671875,19430063
2026-02-02,4.805391788482666,4.8597540855407715,4.519526958465576,4.6436991691589355,11244286
2026-02-03,4.8544487953186035,5.092433929443359,4.571422100067139,4.805391788482666,12537885
2026-02-04,4.713977813720703,5.054330825805664,4.602295875549316,4.8544487953186035,13284373
2026-02-05,4.016317844390869,4.735030174255371,3.991703987121582,4.713977813720703,17337161
2026-02-06,4.530368804931641,4.628236770629883,3.761945962905884,4.016317844390869,17017318
2026-02-07,4.885317802429199,4.888224124908447,4.391572952270508,4.530368804931641,13447566
2026-02-08,4.622035026550293,4.9461989402771,4.578080177307129,4.885317802429199,18154203
2026-02-09,4.577727794647217,4.724686145782471,4.457527160644531,4.621901035308838,8145395
2026-02-10,4.501870155334473,4.6062798500061035,4.421954154968262,4.577727794647217,7517318
2026-02-11,4.55632209777832,4.654791831970215,4.393860816955566,4.501870155334473,11428030
2026-02-12,4.658545017242432,4.781445026397705,4.543274879455566,4.556633949279785,8059330
2026-02-13,5.192231178283691,5.196392059326172,4.575912952423096,4.658545017242432,29790829
2026-02-14,5.266952037811279,5.3535871505737305,5.036739826202393,5.1914448738098145,18595383
2026-02-15,4.89318323135376,5.365977764129639,4.856478214263916,5.266952037811279,11988897
2026-02-16,4.832798957824707,4.927483081817627,4.728792190551758,4.89318323135376,8327361
2026-02-17,4.692674160003662,4.925281047821045,4.62128210067749,4.832798957824707,15555922
