Date,Close,High,Low,Open,Volume
2020-01-01,1.8066400289535522,1.8514169454574585,1.7634199857711792,1.7689260244369507,69723037
2020-01-02,1.7411439418792725,1.8168820142745972,1.7216579914093018,1.8071609735488892,52729126
2020-01-03,1.8097079992294312,1.8265340328216553,1.7125780582427979,1.7409659624099731,61298048
2020-01-04,1.8401329517364502,1.8511120080947876,1.7897419929504395,1.8097349405288696,49108150
2020-01-05,1.8077869415283203,1.8552290201187134,1.8036819696426392,1.8388789892196655,55235942
2020-01-06,1.937466025352478,1.9387680292129517,1.8079839944839478,1.8083250522613525,80941179
2020-01-07,2.114098072052002,2.125786066055298,1.9050769805908203,1.9348360300064087,140921324
2020-01-08,2.183605909347534,2.334433078765869,2.10817289352417,2.113118886947632,192821111
2020-01-09,2.186048984527588,2.2326951026916504,2.114586114883423,2.182257890701294,109938413
2020-01-10,2.223958969116211,2.2586441040039062,2.1618449687957764,2.189126968383789,109888554
2020-01-11,2.2832469940185547,2.3349220752716064,2.22161602973938,2.224940061569214,107902217
2020-01-12,2.2451930046081543,2.310689926147461,2.226564884185791,2.2827680110931396,87342008
2020-01-13,2.192452907562256,2.244438886642456,2.163454055786133,2.243891954421997,78803227
2020-01-14,2.3899269104003906,2.4506969451904297,2.181480884552002,2.1920669078826904,135612258
2020-01-15,2.4049770832061768,2.5679140090942383,2.3610169887542725,2.3835079669952393,149371800
2020-01-16,2.4844789505004883,2.500261068344116,2.2978219985961914,2.4078218936920166,143515776
2020-01-17,2.724108934402466,2.836941957473755,2.4656059741973877,2.4849090576171875,257924221
2020-01-18,2.7741050720214844,2.7885749340057373,2.603804111480713,2.7181010246276855,167529444
2020-01-19,2.6189510822296143,2.8369929790496826,2.5574629306793213,2.77640700340271,175287789
2020-01-20,2.697299003601074,2.7387330532073975,2.552870035171509,2.621630907058716,149645626
2020-01-21,2.6735498905181885,2.735785961151123,2.584949016571045,2.6969220638275146,118493954
2020-01-22,2.6455819606781006,2.6877338886260986,2.6257619857788086,2.6780331134796143,97214236
2020-01-23,2.462109088897705,2.64882493019104,2.4366180896759033,2.646260976791382,128284126
2020-01-24,2.504390001296997,2.5299079418182373,2.374825954437256,2.4654510021209717,121390827
2020-01-25,2.456526041030884,2.511652946472168,2.4289169311523438,2.5048439502716064,96793337
2020-01-26,2.571582078933716,2.5728039741516113,2.4373369216918945,2.4568800926208496,101906615
2020-01-27,2.609652042388916,2.6767070293426514,2.5720040798187256,2.5720040798187256,125100879
2020-01-28,2.655339002609253,2.6681931018829346,2.5965399742126465,2.6108639240264893,130829516
2020-01-29,2.7853240966796875,2.81472110748291,2.6463170051574707,2.6556100845336914,166469457
2020-01-30,2.9129879474639893,2.939984083175659,2.724334955215454,2.782404899597168,189044589
2020-01-31,2.823791027069092,2.9175350666046143,2.782067060470581,2.9175350666046143,132881059
2020-02-01,2.8389530181884766,2.8733699321746826,2.7554190158843994,2.8248519897460938,121185567
2020-02-02,2.832581043243408,2.892693042755127,2.738210916519165,2.8397300243377686,135278751
2020-02-03,2.7746589183807373,2.862968921661377,2.7577741146087646,2.8315110206604004,128902317
2020-02-04,2.7411210536956787,2.800909996032715,2.6864891052246094,2.774677038192749,134721884
2020-02-05,2.8456289768218994,2.874556064605713,2.730700969696045,2.740072011947632,157306879
2020-02-06,2.8846819400787354,2.92970609664917,2.8094120025634766,2.845249891281128,165611492
2020-02-07,3.3085319995880127,3.353101968765259,2.883168935775757,2.8841609954833984,380527539
2020-02-08,3.414457082748413,3.454267978668213,3.1472580432891846,3.299607992172241,305697106
2020-02-09,3.4773130416870117,3.478377103805542,3.2716081142425537,3.412976026535034,227524199
2020-02-10,3.4114840030670166,3.484994888305664,3.2932560443878174,3.4836740493774414,232733529
2020-02-11,3.9755589962005615,3.9755589962005615,3.357999086380005,3.410835027694702,388126746
2020-02-12,4.025118827819824,4.194424152374268,3.868556022644043,3.975200891494751,455111359
2020-02-13,3.8744349479675293,4.091565132141113,3.7681610584259033,4.017292022705078,336049071
2020-02-14,4.41437292098999,4.472705841064453,3.8108561038970947,3.875108003616333,416798319
2020-02-15,4.304660797119141,4.607384204864502,4.1114068031311035,4.41437292098999,498446606
2020-02-16,4.504170894622803,4.830978870391846,4.145688056945801,4.312032222747803,640799699
2020-02-17,4.297008991241455,4.549448013305664,3.882564067840576,4.489747047424316,529297131
2020-02-18,4.543797016143799,4.592680931091309,4.158082008361816,4.296799182891846,431990469
2020-02-19,4.4013261795043945,4.820899963378906,4.357399940490723,4.547123908996582,415141905
2020-02-20,4.271368980407715,4.465522766113281,4.128582954406738,4.398290157318115,404800386
2020-02-21,4.292057991027832,4.4841461181640625,4.211729049682617,4.270018100738525,339638604
2020-02-22,4.1029372215271,4.335811138153076,4.069707870483398,4.294083118438721,303556869
2020-02-23,4.243481159210205,4.356912136077881,4.0876288414001465,4.108078956604004,299278626
2020-02-24,3.913672924041748,4.268898010253906,3.82273006439209,4.241330146789551,343314668
2020-02-25,3.51310396194458,3.9529941082000732,3.51310396194458,3.913309097290039,340819809
2020-02-26,3.600724935531616,3.8260788917541504,3.3406689167022705,3.512078046798706,505501668
2020-02-27,3.9485950469970703,4.110694885253906,3.4586780071258545,3.5982279777526855,492056386
2020-02-28,4.161910057067871,4.19926118850708,3.788724899291992,3.9463140964508057,506674282
2020-02-29,4.108541011810303,4.351399898529053,4.108337879180908,4.163207054138184,452201071
2020-03-01,3.879533052444458,4.20423698425293,3.7942140102386475,4.1057820320129395,423505999
2020-03-02,4.2150068283081055,4.313528060913086,3.8301000595092773,3.8802530765533447,437170132
2020-03-03,4.583631992340088,4.657595157623291,4.1546430587768555,4.214069843292236,518469329
2020-03-04,4.644871234893799,4.9504499435424805,4.563704013824463,4.582993984222412,662474676
2020-03-05,4.721253871917725,4.88531494140625,4.635666847229004,4.642681121826172,542142056
2020-03-06,4.678497791290283,4.7458977699279785,4.570166110992432,4.720170021057129,384700765
2020-03-07,4.344593048095703,4.678994178771973,4.340524196624756,4.675084114074707,375742253
2020-03-08,4.0896711349487305,4.432005882263184,3.9048349857330322,4.346773147583008,554855517
2020-03-09,4.063914775848389,4.3434739112854,3.676137924194336,4.083906173706055,751627574
2020-03-10,4.08493185043335,4.204220771789551,3.9509260654449463,4.094791889190674,531064759
2020-03-11,3.817517042160034,4.106828212738037,3.6006019115448,4.087635040283203,464691611
2020-03-12,2.064779043197632,3.8340680599212646,1.9682929515838623,3.817239999771118,678674595
2020-03-13,2.4211349487304688,2.7146248817443848,1.5068680047988892,2.0634210109710693,905688605
2020-03-14,2.1435179710388184,2.5017430782318115,2.0986850261688232,2.425879955291748,448070726
2020-03-15,2.109210968017578,2.356726884841919,2.0500290393829346,2.143371105194092,440244557
2020-03-16,1.779876947402954,2.1119940280914307,1.5996659994125366,2.1119940280914307,539952973
2020-03-17,1.842805027961731,2.046241044998169,1.757125973701477,1.7784450054168701,402042487
2020-03-18,1.8876999616622925,1.9055830240249634,1.7848320007324219,1.8414939641952515,304298998
2020-03-19,2.2466659545898438,2.343813896179199,1.8831729888916016,1.8920530080795288,447725949
2020-03-20,2.2479000091552734,2.6032700538635254,2.0907459259033203,2.24881911277771,526429075
2020-03-21,2.2716150283813477,2.3314249515533447,2.129991054534912,2.248553991317749,317973845
2020-03-22,1.9888650178909302,2.314800977706909,1.9641350507736206,2.2728090286254883,295425228
2020-03-23,2.23779296875,2.23779296875,1.9494060277938843,1.9896650314331055,354551260
2020-03-24,2.3078970909118652,2.358652114868164,2.199892997741699,2.233726978302002,321474267
2020-03-25,2.2596750259399414,2.3293099403381348,2.2152960300445557,2.309504985809326,257497959
2020-03-26,2.295137882232666,2.295137882232666,2.2282838821411133,2.2592830657958984,209695287
2020-03-27,2.174971103668213,2.335921049118042,2.174971103668213,2.295300006866455,222982485
2020-03-28,2.1367108821868896,2.1801669597625732,2.065829038619995,2.175417900085449,234279603
2020-03-29,2.025167942047119,2.1518259048461914,2.0229790210723877,2.1375839710235596,178728617
2020-03-30,2.153320074081421,2.182231903076172,2.0154800415039062,2.0244650840759277,220332929
2020-03-31,2.2703440189361572,2.277843952178955,2.122720956802368,2.1497719287872314,239526252
2020-04-01,2.2782599925994873,2.2952868938446045,2.1614980697631836,2.2703440189361572,289006168
2020-04-02,2.301708936691284,2.389772891998291,2.2659459114074707,2.2746269702911377,294353542
2020-04-03,2.3050670623779297,2.379148006439209,2.2866909503936768,2.301745891571045,226925452
2020-04-04,2.3262128829956055,2.326719045639038,2.271449089050293,2.3050670623779297,194260780
2020-04-05,2.277324914932251,2.3271450996398926,2.2632040977478027,2.326411008834839,161676431
2020-04-06,2.513413906097412,2.515688896179199,2.2776029109954834,2.277657985687256,325590660
2020-04-07,2.717984914779663,2.8735549449920654,2.524461030960083,2.524461030960083,577910419
2020-04-08,3.139040946960449,3.2404980659484863,2.714643955230713,2.7207040786743164,518682498
2020-04-09,3.3216938972473145,3.4494709968566895,3.1310269832611084,3.140662908554077,734770971
2020-04-10,3.217099905014038,3.3277111053466797,2.9744880199432373,3.3222150802612305,748426338
2020-04-11,3.282313108444214,3.424746036529541,3.0890181064605713,3.217099905014038,653196770
2020-04-12,3.4626119136810303,3.589920997619629,3.186141014099121,3.2870049476623535,712633668
2020-04-13,3.369805097579956,3.467358112335205,3.307966947555542,3.467358112335205,663413131
2020-04-14,3.236891984939575,3.4381539821624756,3.230804920196533,3.3735289573669434,497025727
2020-04-15,3.1290149688720703,3.3065900802612305,3.128572940826416,3.2406930923461914,425648503
2020-04-16,3.4686479568481445,3.5157220363616943,3.0189900398254395,3.1300110816955566,599436392
2020-04-17,3.477046012878418,3.5285449028015137,3.4103970527648926,3.4748311042785645,431088440
2020-04-18,3.783458948135376,3.801482915878296,3.476430892944336,3.478847026824951,517130842
2020-04-19,3.6375679969787598,3.8063039779663086,3.5883378982543945,3.7813539505004883,497819796
2020-04-20,3.458327054977417,3.782010078430176,3.431947946548462,3.6364200115203857,511701400
2020-04-21,3.4762790203094482,3.57875394821167,3.432499885559082,3.454817056655884,386134896
2020-04-22,3.6788148880004883,3.696639060974121,3.460779905319214,3.474642038345337,419768838
2020-04-23,3.7250099182128906,3.822026014328003,3.634202003479004,3.6801540851593018,458394827
2020-04-24,3.804795026779175,3.8946640491485596,3.731252908706665,3.735023021697998,356971612
2020-04-25,3.8030879497528076,3.8878579139709473,3.777780055999756,3.804563045501709,326366096
2020-04-26,3.716778039932251,3.8303370475769043,3.696692943572998,3.8024110794067383,373262888
2020-04-27,3.6418991088867188,3.742609977722168,3.496061086654663,3.720202922821045,418502740
2020-04-28,3.6753249168395996,3.736406087875366,3.595576047897339,3.6429951190948486,336584772
2020-04-29,3.906069040298462,3.9638450145721436,3.646955966949463,3.6787478923797607,479767865
2020-04-30,3.7204771041870117,3.9627981185913086,3.680885076522827,3.9070420265197754,469432714
2020-05-01,3.783184051513672,3.911731004714966,3.716373920440674,3.7204771041870117,387173588
2020-05-02,3.8221828937530518,3.868791103363037,3.767915964126587,3.7818000316619873,312851882
2020-05-03,3.7221689224243164,3.86879301071167,3.667546033859253,3.8237080574035645,332486849
2020-05-04,3.767899990081787,3.825416088104248,3.5401060581207275,3.7209300994873047,400808105
2020-05-05,3.6876931190490723,3.8041610717773438,3.6754629611968994,3.769418954849243,307442156
2020-05-06,3.636457920074463,3.7656490802764893,3.633852005004883,3.6819870471954346,330568230
2020-05-07,3.7540180683135986,3.830075979232788,3.5780999660491943,3.638045072555542,415098619
2020-05-08,3.8221089839935303,3.861372947692871,3.7058749198913574,3.7550249099731445,394360542
2020-05-09,4.040320873260498,4.179734230041504,3.797805070877075,3.8207449913024902,596770802
2020-05-10,3.761324882507324,4.037355899810791,3.6007630825042725,4.037355899810791,614483574
2020-05-11,3.5850648880004883,3.822848081588745,3.409658908843994,3.763223886489868,465004956
2020-05-12,3.6923739910125732,3.7906339168548584,3.559628963470459,3.5884149074554443,358470475
2020-05-13,3.7604238986968994,3.8023691177368164,3.668020009994507,3.6905040740966797,319801650
2020-05-14,3.799386978149414,3.849008083343506,3.703131914138794,3.7569820880889893,376043732
2020-05-15,3.6746530532836914,3.8371920585632324,3.649991035461426,3.7984769344329834,326992724
2020-05-16,3.7600948810577393,3.78499698638916,3.6301538944244385,3.6731860637664795,298753874
2020-05-17,3.7843289375305176,3.8385770320892334,3.7553670406341553,3.7584269046783447,324792191
2020-05-18,3.885345935821533,3.941819906234741,3.782275915145874,3.784677028656006,384696302
2020-05-19,3.922476053237915,3.922658920288086,3.7945010662078857,3.884805917739868,342003354
2020-05-20,4.071049213409424,4.122751235961914,3.920516014099121,3.92220401763916,501477865
2020-05-21,3.8477509021759033,4.149264812469482,3.767086982727051,4.074099063873291,475890242
2020-05-22,4.070281982421875,4.118733882904053,3.812580108642578,3.846107006072998,391293983
2020-05-23,3.9550609588623047,4.0972208976745605,3.926330089569092,4.067676067352295,350387118
2020-05-24,3.836322069168091,4.02267599105835,3.8358569145202637,3.953497886657715,338608148
2020-05-25,3.8699328899383545,3.90187406539917,3.80216908454895,3.827349901199341,319542427
2020-05-26,3.8362770080566406,3.88032603263855,3.788166046142578,3.8683390617370605,294932100
2020-05-27,3.8577029705047607,3.919543981552124,3.816481113433838,3.8362770080566406,303730714
2020-05-28,4.025351047515869,4.03584623336792,3.8404738903045654,3.857870101928711,317138604
2020-05-29,3.9865939617156982,4.107283115386963,3.9589080810546875,4.028436183929443,328730888
2020-05-30,4.1684489250183105,4.16874885559082,3.9480950832366943,3.9881269931793213,356995900
2020-05-31,4.129938125610352,4.259027004241943,4.063654899597168,4.1679911613464355,378972618
2020-06-01,4.380641937255859,4.471899032592773,4.124889850616455,4.1323018074035645,491355312
2020-06-02,4.386834144592285,4.606598854064941,4.215248107910156,4.378785133361816,447755930
2020-06-03,4.490728855133057,4.5350260734558105,4.32145881652832,4.388883113861084,347465695
2020-06-04,4.433020114898682,4.5058488845825195,4.318118095397949,4.489376068115234,318417019
2020-06-05,4.377437114715576,4.488824844360352,4.3590850830078125,4.4333109855651855,298753116
2020-06-06,4.342623233795166,4.412961006164551,4.326351165771484,4.377437114715576,270796645
2020-06-07,4.34993314743042,4.400476932525635,4.238164901733398,4.343420028686523,282338155
2020-06-08,4.45782995223999,4.45782995223999,4.329157829284668,4.34972620010376,283855463
2020-06-09,4.450149059295654,4.483732223510742,4.38678503036499,4.459242820739746,305409412
2020-06-10,4.4203009605407715,4.4513468742370605,4.339416027069092,4.450753211975098,294672252
2020-06-11,3.9712119102478027,4.455309867858887,3.936310052871704,4.420209884643555,352495642
2020-06-12,4.090941905975342,4.178534984588623,3.8941409587860107,3.976335048675537,327861604
2020-06-13,4.11465311050415,4.124667167663574,4.0223870277404785,4.091304779052734,268974930
2020-06-14,3.9550130367279053,4.11690616607666,3.9550130367279053,4.114292144775391,259255316
2020-06-15,3.9339029788970947,3.993211030960083,3.679600954055786,3.9550130367279053,368088618
2020-06-16,4.0487141609191895,4.084105014801025,3.901948928833008,3.9327309131622314,300222404
2020-06-17,4.163669109344482,4.170400142669678,3.995388984680176,4.04899787902832,319675762
2020-06-18,4.168980121612549,4.233524799346924,4.118673801422119,4.163669109344482,299551097
2020-06-19,4.079961776733398,4.188111782073975,4.0538649559021,4.166748046875,285917523
2020-06-20,4.170770168304443,4.213245868682861,4.051276206970215,4.079961776733398,300428191
2020-06-21,4.189149856567383,4.210525989532471,4.153770923614502,4.172563076019287,260111856
2020-06-22,4.4679341316223145,4.470361232757568,4.185729026794434,4.189326763153076,354320997
2020-06-23,4.8062520027160645,4.943842887878418,4.407520771026611,4.464268207550049,524401734
2020-06-24,4.719017028808594,4.9341559410095215,4.547306060791016,4.808690071105957,477169366
2020-06-25,4.814206123352051,4.8244309425354,4.547369956970215,4.714187145233154,417488409
2020-06-26,4.680805206298828,4.860595226287842,4.662483215332031,4.811047077178955,366958108
2020-06-27,4.426551818847656,4.701204776763916,4.373350143432617,4.679469108581543,348981374
2020-06-28,4.563483238220215,4.629578113555908,4.376414775848389,4.426551818847656,329798147
2020-06-29,4.617929935455322,4.6526780128479,4.445292949676514,4.567780017852783,321184231
2020-06-30,4.569189071655273,4.66851806640625,4.554086208343506,4.61474609375,287882848
2020-07-01,4.698256015777588,4.740478992462158,4.530694007873535,4.568796157836914,320994716
2020-07-02,4.846618175506592,4.912622928619385,4.670608043670654,4.709296226501465,429438118
2020-07-03,4.744166851043701,4.90726900100708,4.7294230461120605,4.848127841949463,348151084
2020-07-04,4.804557800292969,4.8491129875183105,4.722372055053711,4.741215229034424,312019710
2020-07-05,4.7421698570251465,4.837005138397217,4.647282123565674,4.808465957641602,319512653
2020-07-06,5.365053176879883,5.385353088378906,4.73743200302124,4.7421698570251465,579868604
2020-07-07,5.712817192077637,5.856581211090088,5.3242411613464355,5.355996131896973,743372951
2020-07-08,6.475725173950195,6.51307487487793,5.633351802825928,5.713980197906494,942253863
2020-07-09,6.104310989379883,6.4820661544799805,5.799435138702393,6.475725173950195,726623133
2020-07-10,6.138474941253662,6.177725791931152,5.750669002532959,6.101553916931152,594988189
2020-07-11,6.119687080383301,6.240691184997559,6.00269079208374,6.138028144836426,434708823
2020-07-12,7.309183120727539,7.317674160003662,6.110083103179932,6.114736080169678,949141174
2020-07-13,7.182291030883789,8.329726219177246,6.928804874420166,7.309183120727539,1478593081
2020-07-14,8.10346508026123,8.25064468383789,7.042455196380615,7.1739420890808105,1180730236
2020-07-15,8.643122673034668,8.743487358093262,7.864115238189697,8.103979110717773,1162846199
2020-07-16,8.337705612182617,8.79524040222168,8.0531587600708,8.63992977142334,1096087198
2020-07-17,8.28039264678955,8.551612854003906,8.216571807861328,8.347770690917969,688997844
2020-07-18,7.959280014038086,8.274662017822266,7.793449878692627,8.274662017822266,733281755
2020-07-19,8.065190315246582,8.16702938079834,7.808193206787109,7.958869934082031,555719580
2020-07-20,7.272983074188232,8.10698127746582,7.2447099685668945,8.06679630279541,674658006
2020-07-21,7.281577110290527,7.6405720710754395,7.061394214630127,7.261944770812988,685213978
2020-07-22,7.466975212097168,7.594724178314209,7.09230899810791,7.278392791748047,641161938
2020-07-23,7.874476909637451,8.03549861907959,7.422850131988525,7.4661688804626465,726843306
2020-07-24,7.432153224945068,7.897801876068115,7.407200813293457,7.874666213989258,560444025
2020-07-25,7.6578240394592285,7.769492149353027,7.406814098358154,7.437191963195801,567102975
2020-07-26,7.49900484085083,7.903680801391602,7.331561088562012,7.656191825866699,693139972
2020-07-27,7.095582962036133,7.494194984436035,6.583508014678955,7.490935802459717,921616285
2020-07-28,7.2234601974487305,7.388029098510742,6.923423767089844,7.091757774353027,592707771
2020-07-29,7.116083145141602,7.468140125274658,7.030922889709473,7.223114967346191,577077884
2020-07-30,7.4169921875,7.555014133453369,7.047039985656738,7.114583969116211,605829268
2020-07-31,7.77291202545166,7.836711883544922,7.4133219718933105,7.4133219718933105,674556974
2020-08-01,8.304458618164062,8.386368751525879,7.649139881134033,7.77291202545166,757545560
2020-08-02,8.27177619934082,8.676111221313477,7.474882125854492,8.308259010314941,1281614849
2020-08-03,9.164758682250977,9.202513694763184,8.178178787231445,8.271557807922363,944680773
2020-08-04,9.821836471557617,9.930109024047852,9.097128868103027,9.164507865905762,1400412714
2020-08-05,9.5587739944458,9.851597785949707,9.419011116027832,9.832139015197754,961098081
2020-08-06,10.140254974365234,10.168722152709961,9.495111465454102,9.554093360900879,930966731
2020-08-07,10.06336498260498,10.188631057739258,9.396868705749512,10.147916793823242,1084341900
2020-08-08,12.689207077026367,13.703143119812012,9.990671157836914,10.079673767089844,2483258217
2020-08-09,13.853204727172852,14.35521411895752,12.130884170532227,12.711090087890625,2749237741
2020-08-10,13.441035270690918,13.94233226776123,12.878403663635254,13.843441009521484,1965617198
2020-08-11,13.105990409851074,13.495758056640625,12.344608306884766,13.45556640625,1621590153
2020-08-12,16.621543884277344,16.749156951904297,12.679354667663574,13.0977783203125,2657494080
2020-08-13,17.32600212097168,18.432138442993164,16.208894729614258,16.642940521240234,3691726917
2020-08-14,16.92643165588379,17.786415100097656,16.492122650146484,17.34869384765625,1797902764
2020-08-15,19.098751068115234,19.578197479248047,16.61625862121582,16.915672302246094,2623596923
2020-08-16,18.80418586730957,19.851821899414062,18.67695426940918,19.11224937438965,1672318397
2020-08-17,16.70554542541504,19.60133934020996,16.421676635742188,18.80418586730957,1851120442
2020-08-18,16.241374969482422,17.662019729614258,15.181785583496094,16.78369140625,3107415351
2020-08-19,16.2399845123291,17.193843841552734,15.113743782043457,16.213159561157227,2269980597
2020-08-20,16.091297149658203,16.728391647338867,15.853572845458984,16.21553611755371,1441868241
2020-08-21,13.80085563659668,16.113767623901367,13.168423652648926,16.09039878845215,2545002567
2020-08-22,15.96019172668457,16.239309310913086,13.829764366149902,13.834607124328613,1966563137
2020-08-23,15.174675941467285,15.96497631072998,14.797929763793945,15.910228729248047,1286304278
2020-08-24,15.18336009979248,15.814520835876465,14.794072151184082,15.157313346862793,1148602183
2020-08-25,14.216811180114746,15.441283226013184,13.760788917541504,15.134720802307129,1396339667
2020-08-26,15.251754760742188,15.594225883483887,14.147561073303223,14.234516143798828,1323937547
2020-08-27,14.497711181640625,15.494385719299316,14.145217895507812,15.22918701171875,1285283437
2020-08-28,15.156061172485352,15.435062408447266,14.309508323669434,14.501261711120605,975535521
2020-08-29,16.56707763671875,16.90587043762207,15.021623611450195,15.167725563049316,1982820767
2020-08-30,16.472963333129883,17.656837463378906,16.442018508911133,16.525114059448242,1833942061
2020-08-31,15.708488464355469,16.92058563232422,15.708488464355469,16.504047393798828,1431004361
2020-09-01,16.121492385864258,16.483070373535156,15.337958335876465,15.67480754852295,1602445973
2020-09-02,14.8973970413208,16.389955520629883,14.27182674407959,16.11862564086914,1440207730
2020-09-03,12.016677856445312,14.981986045837402,11.67977237701416,14.958319664001465,1702199859
2020-09-04,12.492865562438965,12.918801307678223,11.268916130065918,12.011467933654785,1796655505
2020-09-05,10.611472129821777,12.767094612121582,9.522486686706543,12.507908821105957,1906501660
2020-09-06,12.913728713989258,13.173912048339844,9.943312644958496,10.611472129821777,1953997882
2020-09-07,12.426576614379883,13.186553955078125,11.417441368103027,12.885663032531738,1891052112
2020-09-08,11.785032272338867,12.718875885009766,11.26616382598877,12.444644927978516,1393552853
2020-09-09,12.37729263305664,12.623769760131836,11.506570816040039,11.785999298095703,1212963346
2020-09-10,12.551313400268555,13.195425033569336,12.30189037322998,12.37838077545166,4019748249
2020-09-11,12.501497268676758,12.722271919250488,12.059423446655273,12.551313400268555,3397578038
2020-09-12,12.769030570983887,12.770203590393066,12.122137069702148,12.497035026550293,3524744647
2020-09-13,11.993545532226562,13.18435001373291,11.84650993347168,12.769030570983887,3644243871
2020-09-14,12.119579315185547,12.431245803833008,11.728035926818848,11.974480628967285,1249919309
2020-09-15,10.978154182434082,12.214682579040527,10.82880687713623,12.112605094909668,1195560378
2020-09-16,10.761816024780273,11.287084579467773,10.565303802490234,10.975418090820312,1153746184
2020-09-17,10.988880157470703,11.610639572143555,10.542794227600098,10.755890846252441,1259649199
2020-09-18,10.081642150878906,11.154339790344238,9.901496887207031,10.988880157470703,1114418785
2020-09-19,10.147276878356934,10.49340534210205,9.955703735351562,10.065690040588379,873109762
2020-09-20,9.768121719360352,10.582036972045898,9.604192733764648,10.143257141113281,951116672
2020-09-21,8.759941101074219,9.90151596069336,8.617021560668945,9.75564956665039,1586349748
2020-09-22,8.764184951782227,9.076180458068848,8.671488761901855,8.748176574707031,959332861
2020-09-23,7.702259063720703,8.800617218017578,7.497208118438721,8.738750457763672,1571651694
2020-09-24,9.817477226257324,10.348505020141602,7.563651084899902,7.6709208488464355,2513427425
2020-09-25,10.711363792419434,11.121983528137207,9.473030090332031,9.846246719360352,2342555820
2020-09-26,10.341658592224121,10.997270584106445,10.071761131286621,10.719186782836914,1705834656
2020-09-27,10.76908016204834,10.937078475952148,10.000924110412598,10.33487319946289,1452956505
2020-09-28,10.333558082580566,10.998226165771484,10.295668601989746,10.78055191040039,1421267282
2020-09-29,10.115015983581543,10.347912788391113,9.499608039855957,10.297882080078125,1656880792
2020-09-30,9.85120964050293,10.13078498840332,9.629398345947266,10.13078498840332,1235486778
2020-10-01,9.64990520477295,10.373127937316895,9.453802108764648,9.871625900268555,1426296389
2020-10-02,9.22470474243164,9.767682075500488,8.86952018737793,9.636804580688477,1575691671
2020-10-03,9.304492950439453,9.528505325317383,9.150334358215332,9.21754264831543,740099523
2020-10-04,9.40491008758545,9.449482917785645,9.17962646484375,9.313529968261719,733335838
2020-10-05,9.623703002929688,9.698630332946777,9.32040786743164,9.407215118408203,1114063226
2020-10-06,8.779272079467773,9.630041122436523,8.679813385009766,9.627351760864258,1107581245
2020-10-07,8.957850456237793,9.011452674865723,8.465344429016113,8.776006698608398,1011459545
2020-10-08,9.508817672729492,9.620088577270508,8.512158393859863,8.991769790649414,1444612730
2020-10-09,10.346901893615723,10.469217300415039,9.370473861694336,9.523988723754883,1678061807
2020-10-10,10.524792671203613,10.814597129821777,10.391740798950195,10.392461776733398,1370779935
2020-10-11,10.847407341003418,10.966937065124512,10.205854415893555,10.51791000366211,1339565194
2020-10-12,11.452909469604492,11.74736213684082,10.708419799804688,10.83853816986084,1864848583
2020-10-13,10.995448112487793,11.534507751464844,10.722405433654785,11.431758880615234,1460104539
2020-10-14,10.949109077453613,11.287188529968262,10.650033950805664,10.992676734924316,1280567851
2020-10-15,10.737751960754395,10.924160957336426,10.523789405822754,10.924160957336426,1148852514
2020-10-16,10.619549751281738,10.862218856811523,10.319452285766602,10.748080253601074,1066918482
2020-10-17,10.6525239944458,10.708000183105469,10.462655067443848,10.606290817260742,735511418
2020-10-18,10.88071346282959,10.949804306030273,10.57012939453125,10.635855674743652,762577602
2020-10-19,10.886282920837402,11.1292085647583,10.642991065979004,10.890692710876465,910617050
2020-10-20,9.878593444824219,10.898490905761719,9.855631828308105,10.880167961120605,1241598369
2020-10-21,10.804607391357422,11.056619644165039,9.872748374938965,9.877664566040039,1238425755
2020-10-22,11.939334869384766,12.322983741760254,10.73701286315918,10.792309761047363,1543967732
2020-10-23,12.163795471191406,12.244832038879395,11.611319541931152,11.95689582824707,1480801396
2020-10-24,12.731548309326172,12.923665046691895,11.989542007446289,12.163811683654785,1474195506
2020-10-25,12.160058975219727,12.8384428024292,12.014213562011719,12.731548309326172,1292633532
2020-10-26,11.747901916503906,12.429181098937988,11.345295906066895,12.160064697265625,1465017714
2020-10-27,11.973836898803711,12.43364429473877,11.53939437866211,11.747894287109375,1345673430
2020-10-28,11.461742401123047,12.123708724975586,11.2041654586792,11.973844528198242,1236406880
2020-10-29,11.265140533447266,11.774918556213379,11.117264747619629,11.46175765991211,1476177870
2020-10-30,11.098557472229004,11.424288749694824,10.78571891784668,11.265157699584961,1653652915
2020-10-31,11.22083854675293,11.383407592773438,10.937080383300781,11.09855842590332,1447587815
2020-11-01,11.536629676818848,11.566786766052246,11.042797088623047,11.22083854675293,1319631443
2020-11-02,10.797578811645508,11.64116382598877,10.785829544067383,11.53658390045166,1527825758
2020-11-03,10.387001991271973,10.797565460205078,10.132770538330078,10.797565460205078,1696479711
2020-11-04,10.472586631774902,10.62634563446045,9.799592018127441,10.386967658996582,1678488769
2020-11-05,10.990669250488281,11.20097541809082,10.114256858825684,10.472635269165039,1360783363
2020-11-06,12.118071556091309,12.212724685668945,10.919049263000488,10.990538597106934,1475069579
2020-11-07,11.757224082946777,13.376581192016602,11.536380767822266,12.118071556091309,2566987251
2020-11-08,12.656035423278809,12.996488571166992,11.527828216552734,11.757224082946777,1647580702
2020-11-09,12.520734786987305,12.950491905212402,12.110891342163086,12.656037330627441,1644324040
2020-11-10,13.003462791442871,13.242560386657715,12.35169506072998,12.52120304107666,1724813657
2020-11-11,12.807538032531738,13.391085624694824,12.794025421142578,13.00345230102539,1517819145
2020-11-12,12.423222541809082,13.07766056060791,12.308555603027344,12.807455062866211,1400960180
2020-11-13,12.887977600097656,12.99028205871582,12.339468002319336,12.423172950744629,1306004087
2020-11-14,12.576959609985352,12.912339210510254,12.390226364135742,12.887977600097656,997198275
2020-11-15,12.12181282043457,12.633174896240234,11.843888282775879,12.576959609985352,967748061
2020-11-16,12.590789794921875,12.789226531982422,12.032334327697754,12.121809959411621,1052161971
2020-11-17,13.244711875915527,13.313879013061523,12.553354263305664,12.804290771484375,1527160119
2020-11-18,13.592995643615723,14.197213172912598,12.916036605834961,13.244641304016113,2364966937
2020-11-19,13.621882438659668,13.965559959411621,13.066692352294922,13.592887878417969,1523595574
2020-11-20,14.078272819519043,14.395320892333984,13.512831687927246,13.621953010559082,1733532246
2020-11-21,15.355934143066406,15.398048400878906,13.768170356750488,14.078272819519043,2190837254
2020-11-22,14.444801330566406,15.61568832397461,13.914475440979004,15.355934143066406,2199639008
2020-11-23,15.270844459533691,15.37136459350586,14.2534761428833,14.44481372833252,2108675136
2020-11-24,15.620664596557617,16.24774742126465,15.005791664123535,15.270954132080078,2650363423
2020-11-25,14.260965347290039,15.76994514465332,13.930069923400879,15.624322891235352,1779310502
2020-11-26,12.575363159179688,14.44614028930664,11.357887268066406,14.25596809387207,3181022660
2020-11-27,12.490259170532227,12.947359085083008,12.035581588745117,12.586816787719727,1705568925
2020-11-28,13.078346252441406,13.41140365600586,12.38730525970459,12.491617202758789,1408628665
2020-11-29,13.372918128967285,13.399352073669434,12.871095657348633,13.082220077514648,1244611322
2020-11-30,14.225639343261719,14.383355140686035,13.369685173034668,13.369685173034668,1808384178
2020-12-01,13.389534950256348,14.796493530273438,13.245491027832031,14.229063034057617,1850007077
2020-12-02,13.98736572265625,14.134461402893066,13.135579109191895,13.39022445678711,1369209189
2020-12-03,13.97472095489502,14.187238693237305,13.6690673828125,13.989686965942383,1118049762
2020-12-04,12.74124526977539,14.026366233825684,12.614404678344727,13.974773406982422,1281415263
2020-12-05,13.1730375289917,13.3254976272583,12.592731475830078,12.739164352416992,1048597571
2020-12-06,13.49239730834961,13.51590347290039,12.809526443481445,13.173697471618652,1019945503
2020-12-07,13.080948829650879,13.523982048034668,12.908266067504883,13.490456581115723,894451650
2020-12-08,12.145713806152344,13.184557914733887,12.027461051940918,13.081625938415527,1057784369
2020-12-09,12.633390426635742,12.793543815612793,11.629532814025879,12.143372535705566,1305647086
2020-12-10,11.922199249267578,12.649906158447266,11.881067276000977,12.632407188415527,911441756
2020-12-11,11.66010570526123,11.937211990356445,11.45355224609375,11.922837257385254,1028197389
2020-12-12,12.20915699005127,12.327557563781738,11.64249038696289,11.656647682189941,855257539
2020-12-13,12.933703422546387,13.207671165466309,12.051026344299316,12.213312149047852,1038194830
2020-12-14,12.827552795410156,12.965326309204102,12.360072135925293,12.935120582580566,925077262
2020-12-15,12.70547103881836,12.989904403686523,12.494708061218262,12.830951690673828,810207085
2020-12-16,13.45108699798584,13.462574005126953,12.35372543334961,12.703601837158203,1223226479
2020-12-17,13.467132568359375,14.440537452697754,13.174434661865234,13.453590393066406,1827482311
2020-12-18,13.51119327545166,13.986422538757324,13.216130256652832,13.467930793762207,1304911675
2020-12-19,13.492186546325684,13.965012550354004,13.32241153717041,13.509448051452637,1149858506
2020-12-20,13.070074081420898,13.737924575805664,12.800018310546875,13.491289138793945,1142006160
2020-12-21,12.341995239257812,13.251781463623047,12.16659927368164,13.072017669677734,1245762390
2020-12-22,12.793932914733887,12.814679145812988,11.856590270996094,12.336780548095703,1298374631
2020-12-23,10.83131217956543,12.848706245422363,8.509154319763184,12.791275024414062,1924391288
2020-12-24,11.575453758239746,11.66370964050293,9.966835021972656,10.870598793029785,1894113775
2020-12-25,11.546685218811035,11.86294174194336,11.077666282653809,11.57080364227295,1400082282
2020-12-26,10.964874267578125,11.7763032913208,10.678420066833496,11.548478126525879,1419511858
2020-12-27,12.129708290100098,13.041565895080566,10.243766784667969,10.963347434997559,2199716491
2020-12-28,12.62838077545166,12.891690254211426,12.037069320678711,12.14949893951416,1696784037
2020-12-29,11.771124839782715,12.975288391113281,10.837599754333496,12.624724388122559,2021247540
2020-12-30,11.253575325012207,11.926012992858887,11.09719467163086,11.767861366271973,1497541828
2020-12-31,11.270538330078125,11.722368240356445,10.999016761779785,11.250920295715332,1206737630
2021-01-01,11.872554779052734,12.386067390441895,11.118653297424316,11.266761779785156,1376173841
2021-01-02,12.220136642456055,12.363890647888184,11.520288467407227,11.87341022491455,1562557417
2021-01-03,13.650172233581543,13.977095603942871,11.88365364074707,12.22336483001709,2298964833
2021-01-04,13.571063041687012,15.575632095336914,12.597853660583496,13.666396141052246,2926793268
2021-01-05,14.539868354797363,14.901026725769043,13.174111366271973,13.569751739501953,2435517090
2021-01-06,17.155256271362305,17.223899841308594,14.177452087402344,14.550183296203613,3654880010
2021-01-07,16.031967163085938,17.34910011291504,15.225082397460938,17.1586856842041,2848054681
2021-01-08,15.288084983825684,16.152416229248047,14.26329231262207,16.019023895263672,2749568572
2021-01-09,17.607513427734375,17.90487289428711,15.064793586730957,15.279501914978027,2622916177
2021-01-10,16.2474308013916,18.445472717285156,15.615169525146484,17.598928451538086,3058197027
2021-01-11,14.556933403015137,16.246437072753906,12.568740844726562,16.246437072753906,3428738380
2021-01-12,13.915848731994629,15.440449714660645,13.749820709228516,14.550128936767578,2198321176
2021-01-13,15.93009090423584,16.207542419433594,13.428170204162598,13.903968811035156,2265358357
2021-01-14,17.826250076293945,17.83426856994629,15.425721168518066,15.92735767364502,2758638858
2021-01-15,20.709726333618164,21.18670654296875,17.572053909301758,17.866125106811523,6831687993
2021-01-16,20.21839714050293,22.68733787536621,19.720041275024414,20.714908599853516,5499569396
2021-01-17,23.166772842407227,23.61110496520996,19.463830947875977,20.218687057495117,5027606263
2021-01-18,22.03626251220703,23.52741241455078,21.212947845458984,23.200605392456055,3602422029
2021-01-19,20.754093170166016,22.80375862121582,20.581796646118164,22.042205810546875,3077697742
2021-01-20,21.846776962280273,21.929914474487305,19.190357208251953,20.721282958984375,3432961301
2021-01-21,18.424272537231445,21.936092376708984,18.164527893066406,21.848711013793945,3407990168
2021-01-22,21.629497528076172,22.426801681518555,17.384538650512695,18.412506103515625,4292258678
2021-01-23,24.761531829833984,25.4461612701416,21.249544143676758,21.610153198242188,5098945533
2021-01-24,24.701858520507812,24.868953704833984,23.377248764038086,24.771089553833008,3727726940
2021-01-25,23.54012107849121,25.65489387512207,22.73853874206543,24.699432373046875,3740983054
2021-01-26,23.025863647460938,23.952463150024414,21.77118682861328,23.521814346313477,3117612364
2021-01-27,21.07044792175293,23.11281967163086,20.375661849975586,23.033533096313477,3092662315
2021-01-28,23.110902786254883,24.460460662841797,20.628141403198242,21.06085205078125,3652814431
2021-01-29,22.7734432220459,24.179880142211914,22.114721298217773,23.302989959716797,3788470512
2021-01-30,23.59402847290039,23.9493408203125,22.232776641845703,22.773027420043945,2685935167
2021-01-31,22.598434448242188,24.53101348876953,22.17173194885254,23.596187591552734,2692563296
2021-02-01,22.839641571044922,23.149662017822266,21.70425033569336,22.595956802368164,2422414493
2021-02-02,23.713613510131836,24.114852905273438,22.794803619384766,22.839508056640625,2604058586
2021-02-03,25.073034286499023,25.440689086914062,23.57048225402832,23.706806182861328,3147392512
2021-02-04,24.49896240234375,25.972017288208008,22.988582611083984,25.07576560974121,3344787680
2021-02-05,26.363325119018555,26.899293899536133,24.50349998474121,24.50349998474121,3936072394
2021-02-06,25.04932975769043,26.722463607788086,24.468387603759766,26.3489990234375,3146238667
2021-02-07,24.79012107849121,25.27623748779297,23.085792541503906,25.049219131469727,2772921169
2021-02-08,25.45610237121582,25.94103240966797,24.062545776367188,24.781538009643555,3063771708
2021-02-09,27.594215393066406,27.8963623046875,25.004365921020508,25.456987380981445,3700778076
2021-02-10,26.859596252441406,28.602453231811523,25.690353393554688,27.59209442138672,4118325809
2021-02-11,27.874238967895508,28.44580078125,26.31255340576172,26.85723114013672,3098066261
2021-02-12,30.64073944091797,31.38100242614746,26.82828140258789,27.857929229736328,4140041014
2021-02-13,34.10197830200195,34.53685760498047,29.293598175048828,30.647441864013672,5124433887
2021-02-14,33.290321350097656,35.580501556396484,32.4645881652832,34.12268829345703,4767351611
2021-02-15,32.575897216796875,34.81749725341797,28.309467315673828,33.2679443359375,4824452129
2021-02-16,31.973480224609375,33.22939682006836,30.96687889099121,32.528564453125,3794728331
2021-02-17,32.256797790527344,32.587833404541016,30.046857833862305,31.97589874267578,3072709794
2021-02-18,32.44149398803711,33.53372573852539,31.896072387695312,32.25244140625,1726602703
2021-02-19,34.7152099609375,35.406982421875,31.57805061340332,32.45512390136719,2518517791
2021-02-20,34.10981750488281,36.828460693359375,32.63641357421875,34.711280822753906,3095945276
2021-02-21,34.152740478515625,35.23155975341797,33.4279899597168,34.07320785522461,1768919688
2021-02-22,31.530805587768555,34.16166687011719,25.66321563720703,34.15009689331055,3577738647
2021-02-23,25.800342559814453,31.54983139038086,21.19807243347168,31.522872924804688,5101235733
2021-02-24,28.086719512939453,29.178787231445312,24.645511627197266,25.82765007019043,3087989666
2021-02-25,24.668046951293945,28.55682945251465,24.59596061706543,28.073373794555664,2016768740
2021-02-26,25.187313079833984,26.948970794677734,23.761680603027344,24.73423194885254,170549323809
2021-02-27,26.235097885131836,27.390609741210938,24.906770706176758,25.19774627685547,1874410773
2021-02-28,24.663532257080078,26.753889083862305,23.075170516967773,26.23312759399414,2019851813
2021-03-01,27.6070613861084,27.652099609375,24.672752380371094,24.672752380371094,2279573087
2021-03-02,28.51118278503418,30.453392028808594,27.21218490600586,27.610774993896484,2745094103
2021-03-03,29.990028381347656,31.375930786132812,28.253589630126953,28.5073184967041,1999664567
2021-03-04,27.718738555908203,30.525611877441406,27.363000869750977,29.9621524810791,1935423706
2021-03-05,27.87541389465332,28.162181854248047,25.732032775878906,27.709379196166992,1739847948
2021-03-06,28.165103912353516,28.332921981811523,26.40821075439453,27.856069564819336,1130900770
2021-03-07,28.5482120513916,29.017667770385742,27.469318389892578,28.170188903808594,1305530074
2021-03-08,31.69816017150879,31.69816017150879,28.381433486938477,28.562780380249023,2212810142
2021-03-09,31.499252319335938,31.92976188659668,30.454853057861328,31.703248977661133,1630964651
2021-03-10,29.94671630859375,31.74357032775879,29.51637077331543,31.49477195739746,1606531493
2021-03-11,30.07517433166504,30.372329711914062,28.725658416748047,29.90898895263672,1537882621
2021-03-12,28.461523056030273,30.357812881469727,27.858810424804688,30.084863662719727,1435032009
2021-03-13,29.779226303100586,30.534563064575195,27.11136245727539,28.459606170654297,1739486182
2021-03-14,28.789424896240234,30.13971710205078,28.603076934814453,29.771163940429688,1062176149
2021-03-15,27.491762161254883,29.384750366210938,26.904203414916992,28.770273208618164,1557817115
2021-03-16,27.91741943359375,28.13727569580078,26.50393295288086,27.490459442138672,1213205843
2021-03-17,31.0097599029541,31.212373733520508,27.428632736206055,27.919166564941406,2339727784
2021-03-18,29.504812240600586,31.293094635009766,29.177444458007812,31.00084686279297,1427732613
2021-03-19,29.909875869750977,30.521860122680664,28.88075065612793,29.493976593017578,1116478173
2021-03-20,29.676925659179688,31.482114791870117,29.676925659179688,29.90140151977539,1199973273
2021-03-21,29.272838592529297,30.143035888671875,28.733928680419922,29.68050765991211,969809465
2021-03-22,27.398113250732422,29.42911720275879,27.39396095275879,29.278850555419922,1083074169
2021-03-23,26.915058135986328,27.99405860900879,26.759180068969727,27.386091232299805,1124961035
2021-03-24,25.053884506225586,27.895296096801758,24.261390686035156,26.905611038208008,1401912784
2021-03-25,25.696287155151367,26.634075164794922,24.61804962158203,25.02586555480957,1351900684
2021-03-26,27.401567459106445,27.458890914916992,25.456321716308594,25.688573837280273,1139989327
2021-03-27,26.87954330444336,27.505573272705078,26.082782745361328,27.400238037109375,783605885
2021-03-28,26.69699478149414,27.684080123901367,26.231775283813477,26.880783081054688,804341769
2021-03-29,28.052568435668945,28.521728515625,26.47917938232422,26.698057174682617,1122700330
2021-03-30,27.904048919677734,28.5733585357666,27.68008804321289,28.051759719848633,923736996
2021-03-31,29.351137161254883,29.351137161254883,26.68514060974121,27.90324592590332,1419202876
2021-04-01,30.233219146728516,31.190813064575195,29.38402557373047,29.38402557373047,1814724171
2021-04-02,32.53324890136719,32.6786003112793,29.728731155395508,30.21860122680664,1564647602
2021-04-03,29.534889221191406,33.22390365600586,29.49326515197754,32.53227996826172,1713670580
2021-04-04,30.9572811126709,31.589675903320312,29.261474609375,29.527414321899414,1148273070
2021-04-05,32.39665603637695,32.63180923461914,30.010635375976562,30.959606170654297,1463086928
2021-04-06,34.79787826538086,34.952613830566406,31.395437240600586,32.421634674072266,2839348208
2021-04-07,31.17518424987793,35.11281204223633,30.289154052734375,34.79106140136719,2513971688
2021-04-08,32.74489974975586,32.8676872253418,31.049114227294922,31.200307846069336,1227213106
2021-04-09,31.63246726989746,33.2801628112793,31.29725456237793,32.74325942993164,1021522189
2021-04-10,31.899261474609375,33.03373718261719,31.054616928100586,31.62818717956543,1054977271
2021-04-11,33.91918182373047,34.423831939697266,31.76835060119629,31.905027389526367,1365984051
2021-04-12,33.10542678833008,34.1560173034668,31.936511993408203,33.94459533691406,1169762437
2021-04-13,35.456634521484375,35.87331771850586,32.43425750732422,33.086727142333984,1775182127
2021-04-14,41.423709869384766,42.02860641479492,35.124141693115234,35.492862701416016,3821675577
2021-04-15,42.7531623840332,44.40056610107422,39.807830810546875,41.343017578125,3655212066
2021-04-16,42.10155487060547,43.18880081176758,38.755374908447266,42.616180419921875,3017897774
2021-04-17,40.372066497802734,44.06838607788086,40.313541412353516,42.08270263671875,2183873341
2021-04-18,39.06591033935547,40.75344467163086,30.279163360595703,40.403812408447266,4447232523
2021-04-19,35.8793830871582,41.922481536865234,34.96240234375,39.11829376220703,3408804481
2021-04-20,38.95063400268555,39.308162689208984,33.388206481933594,35.71250915527344,3207615683
2021-04-21,36.43635940551758,39.450904846191406,35.97854232788086,38.997623443603516,2055648964
2021-04-22,35.23340606689453,40.7403564453125,33.948368072509766,36.26982498168945,3244017655
2021-04-23,35.05847930908203,35.904380798339844,30.316686630249023,35.202728271484375,3600828195
2021-04-24,31.125198364257812,35.264617919921875,31.059839248657227,35.147560119628906,1642552575
2021-04-25,31.540620803833008,33.400840759277344,30.01256561279297,31.219703674316406,1348819867
2021-04-26,35.135986328125,35.259735107421875,31.41604232788086,31.661457061767578,1676434079
2021-04-27,36.808067321777344,37.60102081298828,34.51911926269531,35.13705062866211,1599200378
2021-04-28,36.2208366394043,37.754398345947266,34.979305267333984,36.78950119018555,1471169508
2021-04-29,36.44501876831055,37.35780334472656,35.06061935424805,36.24348068237305,1371222859
2021-04-30,38.12850570678711,38.74304962158203,35.85038757324219,36.453426361083984,1478967959
2021-05-01,41.11626052856445,41.20891189575195,37.59159851074219,38.1241569519043,1635368353
2021-05-02,39.50485610961914,41.42184066772461,38.742431640625,41.23520278930664,1469982885
2021-05-03,42.05980682373047,42.6722297668457,39.2883186340332,39.47294998168945,1842337157
2021-05-04,45.68613815307617,48.522003173828125,38.9644660949707,42.05381774902344,5428570251
2021-05-05,49.42929458618164,51.173194885253906,44.95347213745117,45.509521484375,4918560956
2021-05-06,47.127403259277344,49.77671813964844,45.55928421020508,49.54652404785156,2972637925
2021-05-07,49.31119918823242,51.911563873291016,45.77369689941406,47.13862609863281,3471006689
2021-05-08,48.60890579223633,50.22362518310547,46.729217529296875,49.158050537109375,2167384860
2021-05-09,52.19869613647461,52.34251022338867,46.25537109375,48.62021255493164,3032923002
2021-05-10,46.46869659423828,52.8760871887207,41.21952819824219,52.24768829345703,3626979218
2021-05-11,48.754764556884766,48.827301025390625,44.69875717163086,46.31553268432617,2581226882
2021-05-12,41.03371047973633,49.789947509765625,41.03371047973633,48.84071731567383,2464290551
2021-05-13,43.0898323059082,44.91990280151367,39.617897033691406,41.67519760131836,3419085326
2021-05-14,46.54690170288086,47.722412109375,42.98478698730469,43.232295989990234,2249865292
2021-05-15,41.498313903808594,47.791072845458984,41.10024642944336,46.54793167114258,2721945963
2021-05-16,40.73714828491211,44.614105224609375,37.96208572387695,41.424678802490234,2323419857
2021-05-17,37.19443893432617,40.695701599121094,35.244754791259766,40.695701599121094,2528181082
2021-05-18,42.54531478881836,44.68650817871094,36.79647445678711,37.10203170776367,2918047922
2021-05-19,26.70195960998535,43.50236511230469,21.2677059173584,42.6378288269043,5200872150
2021-05-20,30.78122901916504,33.00528335571289,22.650379180908203,26.327194213867188,3689669181
2021-05-21,25.577577590942383,31.99160385131836,22.12149429321289,30.68316650390625,2821780834
2021-05-22,23.292158126831055,26.21168327331543,22.397274017333984,25.60400390625,2086100617
2021-05-23,20.008373260498047,24.390321731567383,15.088672637939453,23.32520294189453,3660888535
2021-05-24,26.362958908081055,26.424175262451172,19.7928524017334,19.874528884887695,3012097212
2021-05-25,27.629838943481445,27.629838943481445,23.782350540161133,26.3704833984375,2430723622
2021-05-26,33.9848747253418,34.2037353515625,26.897708892822266,27.54781150817871,3238551222
2021-05-27,31.514713287353516,35.344085693359375,30.16031837463379,33.978294372558594,3009160091
2021-05-28,27.951692581176758,32.17008590698242,26.94420623779297,31.6575927734375,3119953263
2021-05-29,25.398639678955078,29.605016708374023,24.157730102539062,27.91115951538086,2160750314
2021-05-30,26.86960220336914,29.05959129333496,23.835342407226562,25.363481521606445,2131449890
2021-05-31,32.088584899902344,32.088584899902344,25.611696243286133,26.834110260009766,2610739303
2021-06-01,30.699012756347656,32.628273010253906,29.164270401000977,32.116851806640625,1987644783
2021-06-02,30.656301498413086,32.1135368347168,29.693010330200195,30.720298767089844,1436895951
2021-06-03,32.19055938720703,32.86845779418945,30.132158279418945,30.692737579345703,1438073374
2021-06-04,28.87575340270996,32.2041015625,27.320810317993164,32.2041015625,2066403597
2021-06-05,27.12679672241211,30.152372360229492,26.117586135864258,28.851757049560547,1471383889
2021-06-06,27.551576614379883,28.1376953125,26.84964942932129,27.132959365844727,844390913
2021-06-07,24.527210235595703,28.694122314453125,24.337968826293945,27.54482650756836,1350784356
2021-06-08,24.174898147583008,25.094419479370117,21.44936180114746,24.5931396484375,1934263191
2021-06-09,25.5693416595459,25.63924217224121,22.518564224243164,24.10690689086914,1648653604
2021-06-10,23.100679397583008,25.743192672729492,22.810510635375977,25.589344024658203,1193159733
2021-06-11,21.478967666625977,23.36752700805664,21.038066864013672,23.119199752807617,1088965649
2021-06-12,21.686546325683594,22.293996810913086,20.05019760131836,21.482791900634766,1247246126
2021-06-13,23.337600708007812,23.850051879882812,20.4605712890625,21.69763946533203,1327698302
2021-06-14,23.860898971557617,25.208833694458008,22.93352508544922,23.317707061767578,1329108017
2021-06-15,26.084226608276367,26.435876846313477,24.46428108215332,25.468372344970703,1606249957
2021-06-16,23.015077590942383,24.633604049682617,22.925233840942383,24.504098892211914,1151075162
2021-06-17,23.35679054260254,24.433029174804688,22.860382080078125,23.034704208374023,863470684
2021-06-18,21.211151123046875,23.394973754882812,20.61688232421875,23.391653060913086,1115868666
2021-06-19,20.423982620239258,21.941312789916992,20.293960571289062,21.24921417236328,800704738
2021-06-20,21.735416412353516,22.059295654296875,19.147449493408203,20.325836181640625,1081292352
2021-06-21,17.424097061157227,21.849557876586914,17.014158248901367,21.667129516601562,1950854619
2021-06-22,16.80649185180664,18.756935119628906,15.032353401184082,17.384540557861328,2148014388
2021-06-23,18.387203216552734,19.147214889526367,16.207231521606445,16.840993881225586,1526785668
2021-06-24,19.037357330322266,19.504133224487305,17.385278701782227,18.39155387878418,905107228
2021-06-25,16.930967330932617,19.47256851196289,16.83509635925293,19.051490783691406,1099374748
2021-06-26,16.95522117614746,17.4854679107666,15.957305908203125,16.897558212280273,956999857
2021-06-27,18.344139099121094,18.36748504638672,16.628080368041992,16.969867706298828,805522371
2021-06-28,18.773988723754883,19.406272888183594,17.931026458740234,18.381656646728516,925374430
2021-06-29,19.460010528564453,20.533748626708984,18.764087677001953,18.811012268066406,957886998
2021-06-30,19.497236251831055,19.762561798095703,18.179698944091797,19.52372932434082,941628359
2021-07-01,18.273292541503906,19.49896812438965,17.644155502319336,19.49896812438965,779093195
2021-07-02,18.28356170654297,18.52025604248047,17.30550193786621,18.22066879272461,686541946
2021-07-03,18.538818359375,18.886003494262695,17.898075103759766,18.285457611083984,509076297
2021-07-04,19.26283836364746,19.894502639770508,18.02895736694336,18.548805236816406,680268075
2021-07-05,18.37158966064453,19.246891021728516,17.81475257873535,19.246891021728516,698619085
2021-07-06,20.08046531677246,20.240997314453125,18.351877212524414,18.351877212524414,1156986405
2021-07-07,19.764127731323242,21.227630615234375,19.64340591430664,20.091468811035156,1110848445
2021-07-08,18.42205047607422,19.867691040039062,18.166824340820312,19.80890464782715,1058203545
2021-07-09,18.63038444519043,18.858638763427734,17.6376953125,18.36031723022461,816330237
2021-07-10,18.207788467407227,18.95939826965332,17.78170394897461,18.651853561401367,661114024
2021-07-11,18.363967895507812,18.57308578491211,17.88303565979004,18.20570182800293,497212243
2021-07-12,17.55035400390625,18.599475860595703,17.165828704833984,18.36590576171875,594714863
2021-07-13,16.866161346435547,17.760448455810547,16.694175720214844,17.535228729248047,538263708
2021-07-14,16.945682525634766,17.40691375732422,16.039546966552734,16.869373321533203,681837334
2021-07-15,15.681652069091797,17.22502326965332,15.543466567993164,16.938697814941406,740493636
2021-07-16,15.26286506652832,16.321998596191406,15.17061710357666,15.74685287475586,680392108
2021-07-17,15.360055923461914,15.638663291931152,15.049382209777832,15.242046356201172,677124647
2021-07-18,15.502411842346191,16.057231903076172,15.197690963745117,15.363485336303711,574546105
2021-07-19,14.509061813354492,15.598388671875,14.432014465332031,15.486978530883789,670510020
2021-07-20,13.775897026062012,14.746977806091309,13.422879219055176,14.530746459960938,800914402
2021-07-21,15.268477439880371,15.767757415771484,13.474334716796875,13.747906684875488,918763868
2021-07-22,16.085718154907227,16.144622802734375,15.00634765625,15.290892601013184,754697839
2021-07-23,16.51156234741211,16.563308715820312,15.266669273376465,16.0893497467041,681005827
2021-07-24,16.70583152770996,17.133996963500977,16.344289779663086,16.500450134277344,727986313
2021-07-25,16.759658813476562,17.0526123046875,16.188705444335938,16.698148727416992,662123046
2021-07-26,18.08965301513672,19.94782257080078,16.689613342285156,16.75834083557129,1715187654
2021-07-27,19.4996337890625,19.582033157348633,17.625606536865234,18.05086326599121,1093556431
2021-07-28,19.0302734375,19.986303329467773,18.644123077392578,19.52266502380371,1052448400
2021-07-29,19.345849990844727,19.459217071533203,18.638521194458008,19.081388473510742,683047916
2021-07-30,22.315961837768555,22.649574279785156,18.87271499633789,19.377670288085938,1784301053
2021-07-31,22.75370216369629,23.331911087036133,21.28620147705078,22.264617919921875,1206821084
2021-08-01,22.12683868408203,23.91910743713379,21.833097457885742,22.679584503173828,1289766472
2021-08-02,23.480348587036133,23.95513343811035,21.422109603881836,22.08708381652832,1205839586
2021-08-03,23.875957489013672,24.3566837310791,22.1583194732666,23.493396759033203,1505866474
2021-08-04,24.188875198364258,24.97098731994629,22.90483283996582,23.94451904296875,1301126744
2021-08-05,24.050495147705078,24.331344604492188,22.56277084350586,24.195911407470703,1221315372
2021-08-06,23.85933494567871,24.366409301757812,23.106555938720703,24.061424255371094,1229062846
2021-08-07,24.63165283203125,25.099088668823242,23.643022537231445,23.88467788696289,1160693889
2021-08-08,23.045608520507812,24.905963897705078,22.609874725341797,24.684465408325195,1001659430
2021-08-09,24.287246704101562,24.660282135009766,22.093862533569336,23.04239845275879,1065311842
2021-08-10,24.566286087036133,25.477703094482422,23.787742614746094,24.223100662231445,1130326992
2021-08-11,25.9465389251709,27.318159103393555,24.469619750976562,24.54694938659668,1497841555
2021-08-12,24.917234420776367,26.886777877807617,24.146345138549805,25.94180679321289,1230756534
2021-08-13,27.733137130737305,27.75890350341797,24.734994888305664,24.972097396850586,1144930390
2021-08-14,27.15542221069336,27.93221092224121,26.502994537353516,27.74058723449707,1130955982
2021-08-15,27.90401268005371,27.974796295166016,25.950136184692383,27.160842895507812,1030808400
2021-08-16,28.084339141845703,30.47988510131836,27.70220947265625,27.918773651123047,1983160447
2021-08-17,26.15813636779785,30.25987434387207,25.954618453979492,27.966819763183594,1914250031
2021-08-18,25.512895584106445,26.89016342163086,25.005725860595703,26.151649475097656,1595189412
2021-08-19,27.064760208129883,27.064817428588867,24.534896850585938,25.371936798095703,1598899266
2021-08-20,28.701841354370117,28.979713439941406,26.70717430114746,27.060466766357422,1751490161
2021-08-21,27.861591339111328,29.15736961364746,27.672607421875,28.700586318969727,1455243796
2021-08-22,28.022817611694336,28.643653869628906,26.903682708740234,27.86555290222168,1408718304
2021-08-23,28.554101943969727,29.300949096679688,27.831138610839844,28.010875701904297,1598569817
2021-08-24,25.752197265625,28.922616958618164,25.74034881591797,28.595062255859375,1613899032
2021-08-25,26.520479202270508,26.844497680664062,25.38345718383789,25.75829315185547,1415094740
2021-08-26,24.426326751708984,26.936555862426758,24.040708541870117,26.62656021118164,1311934435
2021-08-27,26.018299102783203,26.12194061279297,24.03255844116211,24.417001724243164,1210853844
2021-08-28,25.729089736938477,26.184974670410156,25.398353576660156,26.056413650512695,723391379
2021-08-29,25.813661575317383,26.570941925048828,25.21503257751465,25.739999771118164,806571295
2021-08-30,24.980934143066406,26.493799209594727,24.41466522216797,25.804899215698242,1007561616
2021-08-31,26.750707626342773,27.482952117919922,24.73932647705078,25.02507781982422,1589683012
2021-09-01,29.73518180847168,29.73518180847168,26.132543563842773,26.738431930541992,1847068364
2021-09-02,29.985244750976562,30.86711883544922,28.786727905273438,29.75444793701172,1639033323
2021-09-03,30.784265518188477,31.674488067626953,29.068960189819336,29.97003173828125,1643428629
2021-09-04,29.897823333740234,31.171709060668945,29.473405838012695,30.75564193725586,1159289898
2021-09-05,33.5034294128418,33.5034294128418,29.58090591430664,29.901952743530273,1590082788
2021-09-06,34.78485870361328,36.278076171875,32.81916427612305,33.55744171142578,2570028656
2021-09-07,28.11425018310547,35.337554931640625,24.154762268066406,34.80436706542969,4040870040
2021-09-08,27.15100860595703,29.146535873413086,25.277299880981445,28.13745880126953,2585516285
2021-09-09,27.978628158569336,30.077606201171875,26.52749252319336,26.64719009399414,2031066692
2021-09-10,26.387523651123047,29.514617919921875,25.736425399780273,27.99806785583496,1946136767
2021-09-11,27.041149139404297,27.65158462524414,26.319040298461914,26.370698928833008,1166180450
2021-09-12,29.379243850708008,29.692262649536133,26.435869216918945,27.039567947387695,1462168959
2021-09-13,26.918481826782227,29.899314880371094,25.26575469970703,29.45827865600586,2255860309
2021-09-14,30.746164321899414,30.746164321899414,26.780527114868164,26.963563919067383,2022844880
2021-09-15,30.779600143432617,31.43668556213379,29.685476303100586,30.82306671142578,1966187057
2021-09-16,29.82655143737793,32.08250427246094,29.090736389160156,30.68868637084961,1803464603
2021-09-17,27.694597244262695,30.11134147644043,27.42317771911621,29.819482803344727,1433695398
2021-09-18,28.39057731628418,29.447355270385742,27.41591453552246,27.69526481628418,1042938776
2021-09-19,27.395748138427734,28.732501983642578,26.98116683959961,28.37195587158203,879401513
2021-09-20,23.43109893798828,27.42399787902832,23.167373657226562,27.41705322265625,1886071779
2021-09-21,21.432621002197266,24.33446502685547,20.98163414001465,23.56163215637207,1778536991
2021-09-22,24.493072509765625,24.494504928588867,21.06086540222168,21.403839111328125,1389451521
2021-09-23,25.453983306884766,25.489669799804688,23.434123992919922,24.47455406188965,1217369814
2021-09-24,23.280738830566406,25.505033493041992,21.479660034179688,25.43442726135254,1642781332
2021-09-25,24.52366065979004,24.7224178314209,22.115114212036133,23.27182388305664,1343113784
2021-09-26,24.602155685424805,25.388986587524414,22.432241439819336,24.542102813720703,1923140692
2021-09-27,23.06629753112793,25.43740463256836,23.005184173583984,24.658180236816406,1068472473
2021-09-28,22.101900100708008,23.741060256958008,22.024333953857422,23.029098510742188,1022623443
2021-09-29,22.880529403686523,23.8889102935791,22.043354034423828,22.128995895385742,1000762987
2021-09-30,23.98634910583496,24.383441925048828,22.734821319580078,22.879947662353516,957760691
2021-10-01,26.297439575195312,26.617813110351562,23.614091873168945,24.005281448364258,1269326500
2021-10-02,26.94674301147461,27.800233840942383,25.85490608215332,26.317596435546875,1069727997
2021-10-03,27.559040069580078,28.15077781677246,26.556833267211914,26.923654556274414,962924866
2021-10-04,26.559356689453125,27.651256561279297,25.70303726196289,27.567171096801758,1000028043
2021-10-05,27.24262809753418,27.452245712280273,26.296201705932617,26.59714126586914,923894408
2021-10-06,26.83726692199707,28.15734100341797,25.26749610900879,27.24243927001953,1266748826
2021-10-07,26.834035873413086,27.649625778198242,25.940744400024414,26.805044174194336,1161243659
2021-10-08,26.40096092224121,27.43194007873535,26.20125389099121,26.824756622314453,907071603
2021-10-09,27.417076110839844,27.823101043701172,26.131357192993164,26.35573387145996,901974700
2021-10-10,25.648935317993164,27.446884155273438,25.522945404052734,27.43339729309082,766870491
2021-10-11,25.25881576538086,26.723255157470703,24.675758361816406,25.594345092773438,857342207
2021-10-12,24.623647689819336,25.25246810913086,23.568866729736328,25.25142478942871,1034956366
2021-10-13,25.61174964904785,25.61174964904785,24.212310791015625,24.6435546875,1072082751
2021-10-14,26.647485733032227,27.79987907409668,25.424726486206055,25.640514373779297,1375952551
2021-10-15,26.94454574584961,27.338594436645508,26.028905868530273,26.721534729003906,1233296734
2021-10-16,27.228479385375977,28.598087310791016,26.955415725708008,26.982397079467773,1125841874
2021-10-17,26.54088592529297,27.59567642211914,25.669570922851562,27.217609405517578,780641105
2021-10-18,25.70457649230957,26.732147216796875,25.298381805419922,26.55027961730957,774571489
2021-10-19,25.936241149902344,26.25593376159668,25.405818939208984,25.7224178314209,688010725
2021-10-20,27.419164657592773,27.626245498657227,25.885156631469727,25.927059173583984,1188806763
2021-10-21,28.268346786499023,29.2020206451416,27.324060440063477,27.47498893737793,1635486783
2021-10-22,28.661046981811523,29.999345779418945,28.167055130004883,28.277509689331055,1363344487
2021-10-23,31.459808349609375,31.459808349609375,28.350711822509766,28.6616268157959,1452562680
2021-10-24,29.770856857299805,31.535463333129883,28.76253318786621,31.439424514770508,1032101965
2021-10-25,32.46010971069336,32.90234375,29.542158126831055,29.72087287902832,1527370027
2021-10-26,32.503047943115234,33.785301208496094,31.347049713134766,32.371097564697266,1466770168
2021-10-27,28.88567352294922,33.89748764038086,28.086034774780273,32.53081512451172,2193969162
2021-10-28,30.227046966552734,30.833911895751953,28.72759246826172,28.874521255493164,1545343088
2021-10-29,30.934831619262695,31.95136833190918,30.012399673461914,30.21907615661621,1182578925
2021-10-30,29.78166961669922,31.10163688659668,29.313493728637695,30.915523529052734,838279040
2021-10-31,29.98500633239746,30.590328216552734,28.7630558013916,29.79422378540039,879077591
2021-11-01,31.565237045288086,31.87141227722168,29.208276748657227,30.002561569213867,1143381018
2021-11-02,32.265533447265625,32.49629592895508,31.043903350830078,31.685039520263672,1026698067
2021-11-03,31.99086570739746,32.79161071777344,30.673015594482422,32.2655143737793,1115161872
2021-11-04,31.02092933654785,32.10152816772461,30.289691925048828,31.971288681030273,896897821
2021-11-05,32.917903900146484,33.69630432128906,30.725059509277344,31.02764320373535,1516148850
2021-11-06,32.083438873291016,33.22043991088867,30.807950973510742,32.92768859863281,1023488282
2021-11-07,32.34956359863281,32.61743927001953,31.7766056060791,32.08906173706055,703297413
2021-11-08,34.47759246826172,34.80741500854492,32.26546859741211,32.3597526550293,1362690316
2021-11-09,33.85927200317383,35.6214599609375,33.55655288696289,34.46771240234375,1325328702
2021-11-10,34.34270477294922,38.1613883972168,32.11244583129883,33.82305145263672,2719351718
2021-11-11,34.8371696472168,36.9344367980957,33.49994659423828,34.33991622924805,1920816252
2021-11-12,34.26552200317383,35.45466232299805,32.75325393676758,34.75007247924805,1492228342
2021-11-13,34.0648307800293,34.56132888793945,33.21662902832031,34.2847900390625,789581582
2021-11-14,33.77658462524414,34.415771484375,32.559730529785156,34.03425598144531,693178394
2021-11-15,32.0107536315918,34.509891510009766,32.0107536315918,33.764930725097656,828524194
2021-11-16,29.225008010864258,32.1033821105957,28.177249908447266,32.1033821105957,1712138414
2021-11-17,29.19304847717285,29.715818405151367,28.16440200805664,29.209863662719727,1087871482
2021-11-18,26.525693893432617,29.69279670715332,25.95633888244629,29.20041847229004,1164181259
2021-11-19,28.29111671447754,28.85319709777832,26.155597686767578,26.525697708129883,962308251
2021-11-20,28.334068298339844,28.74301528930664,27.27271842956543,28.297513961791992,796198889
2021-11-21,29.036161422729492,29.285930633544922,27.7321720123291,28.370464324951172,788167849
2021-11-22,26.758991241455078,29.099523544311523,26.350961685180664,29.06560516357422,910918972
2021-11-23,26.93367576599121,27.54949951171875,26.257051467895508,26.785951614379883,856504533
2021-11-24,26.259172439575195,27.169527053833008,25.204622268676758,26.95874786376953,839707098
2021-11-25,26.18510627746582,27.5596923828125,25.382614135742188,25.60611343383789,920707661
2021-11-26,23.856281280517578,26.57120132446289,23.21697235107422,26.3903751373291,1451397540
2021-11-27,24.11475944519043,24.969472885131836,23.832780838012695,23.946802139282227,757714824
2021-11-28,24.823909759521484,24.896841049194336,22.923444747924805,24.13875389099121,836676572
2021-11-29,25.017925262451172,25.51533317565918,24.61510467529297,24.848844528198242,772950069
2021-11-30,25.341773986816406,26.508655548095703,24.225584030151367,25.012086868286133,1001383387
2021-12-01,25.356210708618164,26.9204158782959,25.024314880371094,25.291471481323242,918605444
2021-12-02,24.537094116210938,25.365177154541016,24.26401138305664,25.365177154541016,754628307
2021-12-03,23.291526794433594,25.880491256713867,22.693796157836914,24.566986083984375,1012128906
2021-12-04,20.667728424072266,23.382211685180664,15.549089431762695,23.382211685180664,2372072138
2021-12-05,19.47732162475586,20.948781967163086,18.529468536376953,20.666725158691406,1199283300
2021-12-06,19.884267807006836,19.926729202270508,17.267677307128906,19.497690200805664,1255772873
2021-12-07,21.09157371520996,21.158838272094727,19.753881454467773,19.88286781311035,1154171652
2021-12-08,22.886016845703125,23.102157592773438,20.82253646850586,21.091989517211914,1746207071
2021-12-09,20.306026458740234,23.053564071655273,20.291046142578125,22.8437557220459,1282728787
2021-12-10,18.583904266357422,20.884544372558594,18.516220092773438,20.299955368041992,1073605294
2021-12-11,19.949310302734375,20.168121337890625,18.261465072631836,18.590837478637695,843949544
2021-12-12,20.456584930419922,20.823474884033203,19.278799057006836,19.945531845092773,580366114
2021-12-13,17.77545928955078,20.55698013305664,17.351240158081055,20.45744514465332,906680239
2021-12-14,17.587615966796875,18.57377052307129,17.53154182434082,17.787418365478516,847438318
2021-12-15,19.71448516845703,19.918025970458984,17.320510864257812,18.46222686767578,1012068389
2021-12-16,18.78617286682129,20.310325622558594,18.70233917236328,19.695005416870117,730580557
2021-12-17,18.291275024414062,19.202302932739258,17.79973030090332,18.76231575012207,764761467
2021-12-18,19.518829345703125,19.962373733520508,17.851829528808594,18.292774200439453,828823192
2021-12-19,18.85244369506836,20.32924461364746,18.832582473754883,19.545085906982422,711425525
2021-12-20,18.747501373291016,19.201929092407227,18.059167861938477,18.87470054626465,695392844
2021-12-21,19.454204559326172,19.666597366333008,18.395166397094727,18.757226943969727,591612598
2021-12-22,19.91473960876465,20.804752349853516,19.261857986450195,19.438899993896484,711364881
2021-12-23,22.141969680786133,22.218738555908203,19.617338180541992,19.93218421936035,1116286218
2021-12-24,21.47300910949707,22.648618698120117,21.250202178955078,22.162641525268555,871649697
2021-12-25,22.12022590637207,22.40900421142578,21.374284744262695,21.49117088317871,579575331
2021-12-26,23.00971221923828,23.507705688476562,21.147613525390625,22.111785888671875,1131619033
2021-12-27,22.982036590576172,24.459209442138672,22.7802734375,22.988582611083984,1140446209
2021-12-28,20.391454696655273,23.0139102935791,20.383493423461914,23.0139102935791,1400462512
2021-12-29,19.70285415649414,20.961029052734375,19.57467269897461,20.397626876831055,1191442199
2021-12-30,19.9703426361084,20.418771743774414,19.192333221435547,19.74891471862793,940227826
2021-12-31,19.59232521057129,20.560415267944336,19.136856079101562,19.962461471557617,924042396
2022-01-01,20.665088653564453,20.668949127197266,19.574094772338867,19.593612670898438,673457576
2022-01-02,21.831890106201172,22.12900161743164,20.615718841552734,20.66617774963379,991669491
2022-01-03,23.57390594482422,23.609920501708984,21.346864700317383,21.832073211669922,1570395059
2022-01-04,23.52586555480957,24.387876510620117,22.903562545776367,23.59302520751953,1880544655
2022-01-05,25.44780158996582,27.287588119506836,22.83167266845703,23.525678634643555,4041232729
2022-01-06,25.377212524414062,25.919742584228516,23.54539680480957,25.43660545349121,3194740641
2022-01-07,25.96063995361328,27.132686614990234,22.90793228149414,25.373319625854492,3714503464
2022-01-08,25.47480010986328,27.177169799804688,23.810571670532227,25.962074279785156,2828318535
2022-01-09,27.56621742248535,28.511188507080078,25.29500961303711,25.475780487060547,3305192981
2022-01-10,27.88326644897461,28.38072395324707,25.351890563964844,27.56212043762207,3384889431
2022-01-11,26.690950393676758,28.57093620300293,26.02193260192871,27.890470504760742,2522063090
2022-01-12,26.777944564819336,27.13182258605957,25.77157211303711,26.688264846801758,1991680592
2022-01-13,24.872852325439453,26.77823257446289,24.570558547973633,26.77823257446289,1559977351
2022-01-14,25.781768798828125,25.821067810058594,24.04926300048828,24.874753952026367,1319205919
2022-01-15,25.252832412719727,26.140710830688477,25.24087905883789,25.77488136291504,968706044
2022-01-16,25.55315589904785,26.266250610351562,24.87500762939453,25.250362396240234,955673115
2022-01-17,23.8410587310791,25.598190307617188,23.436006546020508,25.553203582763672,942248766
2022-01-18,23.003719329833984,24.2893009185791,22.17359161376953,23.839618682861328,992141256
2022-01-19,21.653993606567383,23.109703063964844,21.344974517822266,23.003881454467773,1017408544
2022-01-20,20.195138931274414,22.890766143798828,20.195138931274414,21.653717041015625,712920312
2022-01-21,17.426189422607422,20.443946838378906,17.341781616210938,20.2061767578125,1701511646
2022-01-22,15.82758617401123,17.749223709106445,14.593436241149902,17.433748245239258,1835315578
2022-01-23,16.56523323059082,16.744186401367188,15.289765357971191,15.835529327392578,1291236126
2022-01-24,15.584161758422852,16.601947784423828,13.620351791381836,16.574758529663086,1683893370
2022-01-25,15.527324676513672,15.991530418395996,14.691471099853516,15.584380149841309,1111524593
2022-01-26,15.270565032958984,16.635276794433594,14.82795524597168,15.523802757263184,1232890805
2022-01-27,15.18051815032959,15.635826110839844,14.423870086669922,15.26790714263916,940104102
2022-01-28,16.1232852935791,16.211301803588867,14.801682472229004,15.17689323425293,836710758
2022-01-29,16.205904006958008,16.639623641967773,16.009414672851562,16.12401008605957,636807816
2022-01-30,17.76853370666504,17.999835968017578,16.1055965423584,16.209232330322266,1053942921
2022-01-31,17.240427017211914,17.790382385253906,16.627328872680664,17.770357131958008,1092970484
2022-02-01,17.0242919921875,17.78755760192871,16.922941207885742,17.238231658935547,867224795
2022-02-02,15.819188117980957,17.32616424560547,15.727914810180664,17.022890090942383,688131680
2022-02-03,16.178110122680664,16.243289947509766,15.368827819824219,15.812664985656738,703499783
2022-02-04,17.4454402923584,17.4454402923584,16.054845809936523,16.176837921142578,794900304
2022-02-05,17.80269432067871,18.25808334350586,17.451297760009766,17.451297760009766,751330475
2022-02-06,18.039453506469727,18.117868423461914,17.32990264892578,17.80304718017578,524933401
2022-02-07,18.876794815063477,19.323884963989258,17.746797561645508,18.042583465576172,965971035
2022-02-08,18.426355361938477,19.476022720336914,17.821300506591797,18.88332176208496,967552188
2022-02-09,18.64273452758789,18.731529235839844,17.863407135009766,18.418546676635742,595027111
2022-02-10,17.525623321533203,18.736427307128906,17.48549461364746,18.64422035217285,908391839
2022-02-11,16.184280395507812,17.796588897705078,16.019603729248047,17.526592254638672,763347982
2022-02-12,15.951390266418457,16.357929229736328,15.655256271362305,16.1848201751709,626686625
2022-02-13,15.735865592956543,16.30121612548828,15.616374015808105,15.951070785522461,452404673
2022-02-14,15.939895629882812,16.074268341064453,15.285943984985352,15.725197792053223,591985333
2022-02-15,17.319860458374023,17.362409591674805,15.854302406311035,15.938549041748047,664037510
2022-02-16,17.17413330078125,17.35198211669922,16.58258819580078,17.322099685668945,611453253
2022-02-17,15.572244644165039,17.412431716918945,15.555219650268555,17.16320037841797,728506249
2022-02-18,15.232380867004395,16.013790130615234,15.136362075805664,15.58016300201416,606968424
2022-02-19,15.521562576293945,15.602683067321777,14.895210266113281,15.229276657104492,481658064
2022-02-20,14.649103164672852,15.521750450134277,14.49162769317627,15.521750450134277,563513095
2022-02-21,13.538114547729492,15.265115737915039,13.51419734954834,14.649110794067383,891469435
2022-02-22,14.026960372924805,14.13685131072998,13.18057918548584,13.531328201293945,787190111
2022-02-23,13.407191276550293,14.582829475402832,13.407191276550293,14.02634334564209,689391650
2022-02-24,13.267228126525879,13.754166603088379,11.496586799621582,13.402457237243652,1610374417
2022-02-25,14.338565826416016,14.455963134765625,13.16127872467041,13.268253326416016,895644068
2022-02-26,14.690320014953613,14.892526626586914,14.193046569824219,14.338096618652344,720663937
2022-02-27,13.654266357421875,14.817864418029785,13.56932544708252,14.688767433166504,771250377
2022-02-28,15.116470336914062,15.116470336914062,13.430253982543945,13.65306282043457,847661301
2022-03-01,15.334708213806152,15.68760871887207,14.846280097961426,15.117332458496094,879579688
2022-03-02,15.29494857788086,15.812703132629395,15.012807846069336,15.335350036621094,882202397
2022-03-03,14.897106170654297,15.335022926330566,14.550544738769531,15.295241355895996,645474814
2022-03-04,13.714876174926758,14.928227424621582,13.64563274383545,14.898262977600098,741956068
2022-03-05,14.022286415100098,14.227136611938477,13.502817153930664,13.718465805053711,435915276
2022-03-06,13.338134765625,14.094637870788574,13.333985328674316,14.023051261901855,470032067
2022-03-07,12.71272087097168,13.616474151611328,12.513527870178223,13.338630676269531,832604165
2022-03-08,13.077510833740234,13.51270866394043,12.656606674194336,12.712453842163086,783095581
2022-03-09,14.015893936157227,14.358392715454102,13.080608367919922,13.080608367919922,835748199
2022-03-10,13.195725440979004,14.079368591308594,13.053836822509766,14.014789581298828,681196682
2022-03-11,13.07819938659668,13.582839012145996,12.888590812683105,13.19627571105957,602728183
2022-03-12,13.186159133911133,13.427348136901855,13.071296691894531,13.077938079833984,413115366
2022-03-13,12.740457534790039,13.397594451904297,12.66395092010498,13.181357383728027,394434361
2022-03-14,13.401471138000488,13.401471138000488,12.65934944152832,12.739392280578613,597073217
2022-03-15,13.714278221130371,13.753413200378418,12.920025825500488,13.400629997253418,532677812
2022-03-16,14.696399688720703,14.70619010925293,13.694426536560059,13.713659286499023,885932966
2022-03-17,14.421710968017578,14.872303009033203,14.28701400756836,14.69365406036377,634934271
2022-03-18,15.028580665588379,15.218111038208008,14.158987045288086,14.421184539794922,680727320
2022-03-19,14.97515869140625,15.370284080505371,14.885062217712402,15.02804946899414,572066741
2022-03-20,14.552144050598145,15.087616920471191,14.481600761413574,14.978293418884277,489257880
2022-03-21,15.007802963256836,15.21841812133789,14.368825912475586,14.550983428955078,601520896
2022-03-22,15.450860977172852,15.810006141662598,14.994159698486328,15.006114959716797,723788130
2022-03-23,15.800262451171875,15.887228965759277,15.188298225402832,15.451191902160645,623032500
2022-03-24,16.171621322631836,16.37179946899414,15.633796691894531,15.8012056350708,780438729
2022-03-25,15.584914207458496,16.420242309570312,15.530818939208984,16.17235565185547,642184816
2022-03-26,15.821913719177246,15.89773941040039,15.559443473815918,15.585329055786133,419682097
2022-03-27,16.84952735900879,16.84952735900879,15.710041999816895,15.82398796081543,608420929
2022-03-28,16.517032623291016,17.30991554260254,16.506223678588867,16.850780487060547,816293962
2022-03-29,16.973129272460938,17.44858169555664,16.511608123779297,16.511608123779297,721999818
2022-03-30,17.209745407104492,17.51236915588379,16.616619110107422,16.97304344177246,764422646
2022-03-31,16.910993576049805,17.988101959228516,16.730558395385742,17.209388732910156,843648119
2022-04-01,17.312368392944336,17.3363037109375,16.278377532958984,16.914247512817383,716106148
2022-04-02,17.403167724609375,17.831132888793945,17.170976638793945,17.3111572265625,640737307
2022-04-03,18.09421730041504,18.289655685424805,17.221837997436523,17.402095794677734,665179387
2022-04-04,17.474639892578125,18.091960906982422,16.913375854492188,18.091960906982422,687241648
2022-04-05,16.77373504638672,17.609939575195312,16.769649505615234,17.477863311767578,491996331
2022-04-06,15.427790641784668,16.772916793823242,15.409918785095215,16.772916793823242,666421951
2022-04-07,15.775300025939941,15.844579696655273,15.242517471313477,15.429636001586914,445062988
2022-04-08,15.135031700134277,15.883589744567871,15.090307235717773,15.773750305175781,405554238
2022-04-09,15.433225631713867,15.436914443969727,15.133758544921875,15.133758544921875,312899051
2022-04-10,15.34876823425293,15.90619945526123,15.27820873260498,15.432968139648438,340463381
2022-04-11,13.75277042388916,15.340743064880371,13.627220153808594,15.340743064880371,581315504
2022-04-12,13.973590850830078,14.30019760131836,13.698602676391602,13.75503158569336,471710040
2022-04-13,14.183897972106934,14.183897972106934,13.737626075744629,13.973137855529785,427438366
2022-04-14,13.646020889282227,14.303465843200684,13.416516304016113,14.18294620513916,520413124
2022-04-15,14.120528221130371,14.165397644042969,13.646552085876465,13.646552085876465,367068072
2022-04-16,14.150530815124512,14.220606803894043,13.897253036499023,14.11890983581543,293542335
2022-04-17,13.76498794555664,14.589380264282227,13.728515625,14.149578094482422,419449837
2022-04-18,14.037701606750488,14.040467262268066,13.205087661743164,13.765726089477539,610500553
2022-04-19,14.258341789245605,14.375018119812012,13.86673355102539,14.038283348083496,436675774
2022-04-20,14.024039268493652,14.465887069702148,13.768112182617188,14.257329940795898,497690985
2022-04-21,13.588746070861816,14.346668243408203,13.472289085388184,14.022598266601562,503314643
2022-04-22,13.609354019165039,13.852831840515137,13.506431579589844,13.587430953979492,464995123
2022-04-23,13.34372615814209,13.643616676330566,13.32894515991211,13.60913372039795,322384215
2022-04-24,13.287423133850098,13.608301162719727,13.27518081665039,13.341960906982422,299368814
2022-04-25,13.45869255065918,13.487024307250977,12.576231956481934,13.287835121154785,506454272
2022-04-26,12.35457706451416,13.476839065551758,12.267724990844727,13.456977844238281,423158564
2022-04-27,12.733110427856445,12.760887145996094,12.355149269104004,12.356675148010254,393745748
2022-04-28,12.662813186645508,12.961967468261719,12.430997848510742,12.73367691040039,446769326
2022-04-29,11.970266342163086,12.714529991149902,11.905447006225586,12.662095069885254,402626878
2022-04-30,10.997047424316406,12.220436096191406,10.914582252502441,11.970108032226562,467930975
2022-05-01,11.312018394470215,11.452871322631836,10.918277740478516,10.995169639587402,458492853
2022-05-02,11.178779602050781,11.418230056762695,10.849676132202148,11.311846733093262,447451681
2022-05-03,11.121427536010742,11.422041893005371,10.856085777282715,11.178868293762207,405151951
2022-05-04,12.145609855651855,12.146651268005371,11.113728523254395,11.121224403381348,501855323
2022-05-05,10.917400360107422,12.239242553710938,10.738750457763672,12.15383243560791,560835165
2022-05-06,10.799843788146973,10.992020606994629,10.499267578125,10.916577339172363,507557055
2022-05-07,10.23990535736084,10.817171096801758,10.100427627563477,10.79986572265625,354478668
2022-05-08,9.990030288696289,10.345457077026367,9.91851806640625,10.240593910217285,427837348
2022-05-09,8.272896766662598,10.144326210021973,8.272896766662598,9.990724563598633,844443662
2022-05-10,8.584442138671875,9.28757381439209,8.001697540283203,8.26126480102539,1009826814
2022-05-11,6.916926860809326,8.781096458435059,6.6637468338012695,8.58212661743164,1336413447
2022-05-12,6.569270133972168,7.313296794891357,5.636349201202393,6.916128158569336,1089927473
2022-05-13,7.147284984588623,7.6599531173706055,6.502946853637695,6.564114093780518,589902811
2022-05-14,7.28469181060791,7.402194976806641,6.6694159507751465,7.14788818359375,450075972
2022-05-15,7.941104888916016,7.941104888916016,7.040398120880127,7.283320903778076,411663290
2022-05-16,7.418417930603027,7.9511799812316895,7.210753917694092,7.941707134246826,480158959
2022-05-17,7.725452899932861,7.93930196762085,7.349662780761719,7.418784141540527,414870183
2022-05-18,6.82554292678833,7.782838821411133,6.82554292678833,7.723491191864014,386732705
2022-05-19,7.219192981719971,7.2307939529418945,6.700192928314209,6.823423862457275,393038744
2022-05-20,6.890322208404541,7.3242950439453125,6.781771183013916,7.218545913696289,356158269
2022-05-21,7.058111190795898,7.09395694732666,6.8126630783081055,6.890174865722656,215156643
2022-05-22,7.356995105743408,7.372898101806641,6.9408440589904785,7.057962894439697,343644776
2022-05-23,7.028613090515137,7.6444621086120605,7.028613090515137,7.353769779205322,364150236
2022-05-24,7.234004974365234,7.273584842681885,6.780584812164307,7.02945613861084,359116085
2022-05-25,6.97707986831665,7.367349147796631,6.97707986831665,7.234352111816406,316751503
2022-05-26,6.608133792877197,7.071606159210205,6.286396026611328,6.977542877197266,399231340
2022-05-27,6.273192882537842,6.683801174163818,6.24489688873291,6.604459762573242,439109477
2022-05-28,6.5723958015441895,6.608084201812744,6.2390217781066895,6.400118827819824,280587302
2022-05-29,6.7126288414001465,6.730378150939941,6.362384796142578,6.571950912475586,241144985
2022-05-30,7.45792293548584,7.494534015655518,6.669195175170898,6.712597846984863,424820426
2022-05-31,7.594669818878174,7.7024688720703125,7.239634990692139,7.457581996917725,416173199
2022-06-01,6.926414966583252,7.737067222595215,6.816001892089844,7.594356060028076,439198099
2022-06-02,7.20100212097168,7.222725868225098,6.8298821449279785,6.925086975097656,327692504
2022-06-03,6.862430095672607,7.2060770988464355,6.737372875213623,7.20137882232666,324805175
2022-06-04,7.396090030670166,7.396269798278809,6.7246479988098145,6.862783908843994,335525067
2022-06-05,7.636984825134277,7.757662773132324,7.2721381187438965,7.395718097686768,447662494
2022-06-06,7.966335773468018,8.12834358215332,7.640011787414551,7.641483783721924,544566724
2022-06-07,8.732022285461426,8.862457275390625,7.381661891937256,7.966163158416748,783405590
2022-06-08,8.71743106842041,8.895214080810547,8.291090965270996,8.729510307312012,835016889
2022-06-09,9.276540756225586,9.510599136352539,8.522969245910645,8.717196464538574,853947380
2022-06-10,8.04669189453125,9.446919441223145,8.044195175170898,9.27537727355957,788272163
2022-06-11,7.016141891479492,8.388423919677734,7.006442070007324,8.047171592712402,676308704
2022-06-12,6.341506004333496,7.124019145965576,6.341506004333496,7.019007205963135,604052364
2022-06-13,5.887118816375732,6.3355817794799805,5.362585067749023,6.3355817794799805,1117019087
2022-06-14,6.759265899658203,6.759265899658203,5.42495584487915,5.887932777404785,1079297776
2022-06-15,7.3247151374816895,7.325584888458252,5.879551887512207,6.755828857421875,1323297403
2022-06-16,6.336337089538574,7.439241886138916,6.26547908782959,7.3253021240234375,771427672
2022-06-17,6.363194942474365,6.681856155395508,6.3157172203063965,6.339170932769775,457007726
2022-06-18,5.93533992767334,6.44793176651001,5.468388080596924,6.363166809082031,687553866
2022-06-19,6.599023818969727,6.771440029144287,5.855213165283203,5.934256076812744,601264611
2022-06-20,7.002992153167725,7.2296671867370605,6.342740058898926,6.598651885986328,579457556
2022-06-21,6.838943004608154,7.51121187210083,6.791204929351807,7.001051902770996,564144709
2022-06-22,6.633892059326172,6.996027946472168,6.495509147644043,6.841256141662598,511830198
2022-06-23,7.001298904418945,7.051574230194092,6.630451202392578,6.632840156555176,468966988
2022-06-24,7.2897748947143555,7.407026767730713,6.973169803619385,7.000053882598877,490076184
2022-06-25,7.2714080810546875,7.354170799255371,6.85017204284668,7.289408206939697,415497327
2022-06-26,6.745378017425537,7.4360809326171875,6.745378017425537,7.269507884979248,398652494
2022-06-27,6.558154106140137,6.975704193115234,6.454806804656982,6.745522975921631,438799500
2022-06-28,6.322357177734375,7.1139349937438965,6.307325839996338,6.557034015655518,579844184
2022-06-29,6.2102251052856445,6.464076042175293,6.164092063903809,6.321934223175049,421149462
2022-06-30,6.252963066101074,6.267037868499756,5.912168979644775,6.212119102478027,415261665
2022-07-01,6.069790840148926,6.398651123046875,5.965123176574707,6.259728908538818,400896573
2022-07-02,6.2256269454956055,6.256488800048828,5.998281955718994,6.071210861206055,277852598
2022-07-03,6.2058610916137695,6.227151870727539,6.039977073669434,6.2256760597229,227563150
2022-07-04,6.431877136230469,6.436119079589844,6.044299125671387,6.205780982971191,322954397
2022-07-05,6.321958065032959,6.530323028564453,6.085315227508545,6.430785179138184,419399616
2022-07-06,6.338929176330566,6.398843765258789,6.204379081726074,6.322923183441162,315746134
2022-07-07,6.641354084014893,6.732624053955078,6.328318119049072,6.3390021324157715,367211104
2022-07-08,6.379156112670898,6.799308776855469,6.368546009063721,6.641743183135986,451097653
2022-07-09,6.503009796142578,6.565051078796387,6.369832992553711,6.377673149108887,266693099
2022-07-10,6.201322078704834,6.502923965454102,6.13559103012085,6.502923965454102,253993464
2022-07-11,6.044690132141113,6.408665180206299,6.013864994049072,6.199717044830322,332832973
2022-07-12,5.968434810638428,6.214405059814453,5.962837219238281,6.045106887817383,283612258
2022-07-13,6.177943229675293,6.177943229675293,5.797760963439941,5.968955993652344,366277512
2022-07-14,6.268181800842285,6.362946033477783,6.021015167236328,6.177791118621826,362658524
2022-07-15,6.327785015106201,6.408965110778809,6.156274795532227,6.268887042999268,474454032
2022-07-16,6.577694892883301,6.590450763702393,6.168974876403809,6.3264641761779785,406059382
2022-07-17,6.348729133605957,6.686875820159912,6.348729133605957,6.578771114349365,343875998
2022-07-18,7.059539794921875,7.107564926147461,6.349365234375,6.349365234375,604498081
2022-07-19,7.256052017211914,7.351061820983887,6.767446041107178,7.058082103729248,965096349
2022-07-20,6.872341156005859,7.542949199676514,6.856620788574219,7.256248950958252,924916658
2022-07-21,6.9986982345581055,7.033629894256592,6.679327964782715,6.872701168060303,510889171
2022-07-22,6.8113532066345215,7.262417793273926,6.7856550216674805,6.998692989349365,426516733
2022-07-23,6.857292175292969,7.014700889587402,6.639447212219238,6.808558940887451,310278867
2022-07-24,7.106037139892578,7.22807502746582,6.855188846588135,6.857542991638184,352606308
2022-07-25,6.465126037597656,7.126420021057129,6.464518070220947,7.105142116546631,390303184
2022-07-26,6.341288089752197,6.466142177581787,6.108874797821045,6.465733051300049,333467733
2022-07-27,6.855407238006592,6.855407238006592,6.208546161651611,6.341616153717041,401815185
2022-07-28,7.219182014465332,7.270936012268066,6.743344783782959,6.854925155639648,542452305
2022-07-29,7.912095069885254,8.080802917480469,7.1406989097595215,7.219807147979736,1076677435
2022-07-30,7.80338716506958,8.182770729064941,7.722158908843994,7.9126057624816895,689235259
2022-07-31,7.666137218475342,8.044997215270996,7.618495941162109,7.803756237030029,512120158
2022-08-01,7.58688497543335,7.859982967376709,7.438838005065918,7.66585111618042,396160997
2022-08-02,7.208191871643066,7.6275248527526855,7.065155029296875,7.585700035095215,500287896
2022-08-03,7.2863311767578125,7.607055187225342,7.083025932312012,7.207655906677246,399411639
2022-08-04,7.356004238128662,7.52058219909668,7.212827205657959,7.286241054534912,350200323
2022-08-05,7.864570140838623,7.864871025085449,7.354142189025879,7.3556318283081055,424650728
2022-08-06,7.802283763885498,8.056251525878906,7.774902820587158,7.864605903625488,306506476
2022-08-07,8.307045936584473,8.322843551635742,7.705105781555176,7.802618026733398,325633780
2022-08-08,8.645899772644043,8.744956016540527,8.247957229614258,8.30830192565918,588721150
2022-08-09,8.758238792419434,8.845670700073242,8.328161239624023,8.646273612976074,700512734
2022-08-10,9.055891036987305,9.277164459228516,8.342562675476074,8.758382797241211,726441773
2022-08-11,8.965302467346191,9.191803932189941,8.876846313476562,9.056351661682129,543927632
2022-08-12,9.333063125610352,9.433210372924805,8.846563339233398,8.965484619140625,587617790
2022-08-13,9.13301944732666,9.443099975585938,9.09428882598877,9.333374977111816,323111277
2022-08-14,8.774847984313965,9.328932762145996,8.748855590820312,9.134112358093262,354594648
2022-08-15,8.659610748291016,9.036210060119629,8.544588088989258,8.775111198425293,446923193
2022-08-16,8.466906547546387,8.798547744750977,8.432184219360352,8.656641960144043,333550977
2022-08-17,8.04944133758545,8.717686653137207,8.024941444396973,8.466153144836426,364758557
2022-08-18,7.6731181144714355,8.225582122802734,7.6731181144714355,8.05225658416748,325697241
2022-08-19,6.907883167266846,7.682405948638916,6.869187831878662,7.672063827514648,574970118
2022-08-20,6.905580997467041,7.182308197021484,6.714445114135742,6.907833099365234,392152176
2022-08-21,7.087409019470215,7.161334037780762,6.891922950744629,6.903629779815674,278557395
2022-08-22,7.034696102142334,7.087028980255127,6.711141109466553,7.087028980255127,408080045
2022-08-23,7.244895935058594,7.302295207977295,6.808317184448242,7.03518009185791,338299201
2022-08-24,7.135585784912109,7.334590911865234,7.038022041320801,7.244221210479736,313605362
2022-08-25,7.133749008178711,7.359222888946533,7.033878803253174,7.135801792144775,339331474
2022-08-26,6.486523151397705,7.1446661949157715,6.457808017730713,7.13336706161499,437835378
2022-08-27,6.537517070770264,6.596444129943848,6.442803859710693,6.488365173339844,289710107
2022-08-28,6.263700008392334,6.617247104644775,6.263700008392334,6.537076950073242,241509685
2022-08-29,6.703226089477539,6.713137149810791,6.233270168304443,6.263864040374756,286209662
2022-08-30,6.557106971740723,6.807119846343994,6.399362087249756,6.702887058258057,287659512
2022-08-31,6.630672931671143,6.857229232788086,6.557651996612549,6.557651996612549,301706318
2022-09-01,6.895674228668213,6.906227111816406,6.493841171264648,6.630817890167236,298893582
2022-09-02,6.923276901245117,7.195792198181152,6.823530197143555,6.895484924316406,369826125
2022-09-03,6.8400068283081055,6.954608917236328,6.762595176696777,6.923130989074707,193659641
2022-09-04,7.145918846130371,7.2397308349609375,6.822626113891602,6.84132719039917,319007195
2022-09-05,7.364040851593018,7.373016834259033,7.123855113983154,7.146876811981201,346372541
2022-09-06,6.672347068786621,7.4958930015563965,6.649172782897949,7.367952823638916,422172006
2022-09-07,7.082168102264404,7.129893779754639,6.614328861236572,6.672108173370361,403145196
2022-09-08,7.407059192657471,7.485748767852783,7.024925231933594,7.082159996032715,459545133
2022-09-09,7.747072219848633,8.068074226379395,7.402716159820557,7.407398223876953,608623868
2022-09-10,7.913443088531494,7.994568824768066,7.665165901184082,7.747343063354492,501829894
2022-09-11,8.01537799835205,8.074114799499512,7.76839017868042,7.912856101989746,462463233
2022-09-12,7.747560977935791,8.205896377563477,7.658631801605225,8.01516056060791,561306502
2022-09-13,7.128942012786865,7.9092559814453125,7.028608798980713,7.748167991638184,545307327
2022-09-14,7.4550018310546875,7.514469146728516,7.028608798980713,7.0593671798706055,519880723
2022-09-15,7.545806884765625,7.5545430183410645,7.068078994750977,7.4550981521606445,590123542
2022-09-16,7.644145965576172,7.77003812789917,7.4625749588012695,7.547735214233398,586326710
2022-09-17,8.10516357421875,8.111810684204102,7.645545959472656,7.645545959472656,493373473
2022-09-18,7.507727146148682,8.11257266998291,7.480624198913574,8.104674339294434,496639815
2022-09-19,7.312716960906982,7.657934188842773,7.040731906890869,7.5075531005859375,610741633
2022-09-20,6.8872880935668945,7.321587085723877,6.8521270751953125,7.313592910766602,436363328
2022-09-21,6.712920188903809,7.266077995300293,6.56181001663208,6.887510776519775,595676851
2022-09-22,7.118292808532715,7.13597297668457,6.6595540046691895,6.709178924560547,366028510
2022-09-23,7.4476189613342285,7.470164775848389,6.999837875366211,7.117976188659668,590954959
2022-09-24,7.636966228485107,7.838726997375488,7.3881402015686035,7.448049068450928,564857605
2022-09-25,7.865859031677246,8.044041633605957,7.617792129516602,7.636949062347412,728802182
2022-09-26,7.928506851196289,7.928506851196289,7.513716220855713,7.867844104766846,578734763
2022-09-27,8.074233055114746,8.361769676208496,7.6913018226623535,7.9289469718933105,825910889
2022-09-28,7.814181804656982,8.487457275390625,7.807555198669434,8.072157859802246,1260949567
2022-09-29,7.901172161102295,7.903052806854248,7.61085319519043,7.815075874328613,627183784
2022-09-30,7.581145763397217,7.9022908210754395,7.538801193237305,7.900195121765137,453812571
2022-10-01,7.387452125549316,7.635414123535156,7.340569972991943,7.580986976623535,313342364
2022-10-02,7.13367223739624,7.527274131774902,7.13367223739624,7.387756824493408,348896692
2022-10-03,7.335093021392822,7.343180179595947,7.050136089324951,7.133913993835449,393949539
2022-10-04,7.72127103805542,7.814188003540039,7.33105993270874,7.334407806396484,540171366
2022-10-05,7.875545024871826,7.924385070800781,7.6135969161987305,7.722797870635986,506547946
2022-10-06,7.637218952178955,7.924415111541748,7.624973773956299,7.8757500648498535,354916187
2022-10-07,7.606438159942627,7.774411201477051,7.507266044616699,7.637426853179932,341473353
2022-10-08,7.448554992675781,7.642691135406494,7.3669538497924805,7.606507778167725,213415795
2022-10-09,7.62626314163208,7.64442777633667,7.429464817047119,7.4486870765686035,218511751
2022-10-10,7.381631851196289,7.704925060272217,7.381631851196289,7.626418113708496,360785213
2022-10-11,7.128554821014404,7.380251884460449,7.098556041717529,7.380011081695557,370831094
2022-10-12,7.149956226348877,7.259040832519531,7.114388942718506,7.128163814544678,239903639
2022-10-13,7.038730144500732,7.153892993927002,6.466564178466797,7.149816036224365,606725817
2022-10-14,6.896554946899414,7.2375168800354,6.82896614074707,7.038768768310547,357573357
2022-10-15,6.886902809143066,6.969837188720703,6.84959602355957,6.8963541984558105,229143245
2022-10-16,7.175411224365234,7.209513187408447,6.8874430656433105,6.8874430656433105,275585897
2022-10-17,7.333412170410156,7.364247798919678,7.082194805145264,7.17503023147583,291126056
2022-10-18,7.117894172668457,7.355862140655518,6.985401153564453,7.333384990692139,306384605
2022-10-19,6.778677940368652,7.128212928771973,6.763998031616211,7.118269920349121,264522194
2022-10-20,6.666734218597412,6.900876045227051,6.636650085449219,6.778483867645264,295976255
2022-10-21,6.813488960266113,6.827141761779785,6.4759840965271,6.666709899902344,349080808
2022-10-22,6.870748996734619,6.919462203979492,6.743587017059326,6.813622951507568,210286893
2022-10-23,7.0656352043151855,7.076757907867432,6.822564125061035,6.870715141296387,277671221
2022-10-24,6.913847923278809,7.077613830566406,6.8204240798950195,7.06621789932251,283071961
2022-10-25,7.080036163330078,7.252595901489258,6.837187767028809,6.913774013519287,425923401
2022-10-26,7.15816593170166,7.2711567878723145,7.055004119873047,7.078426837921143,399910779
2022-10-27,6.908006191253662,7.3436689376831055,6.900428771972656,7.158775806427002,393970742
2022-10-28,7.116174221038818,7.192223072052002,6.871152877807617,6.907835960388184,323382513
2022-10-29,7.613306999206543,7.62319803237915,7.106682777404785,7.116168022155762,572994142
2022-10-30,7.788180828094482,7.902490139007568,7.5220232009887695,7.614597797393799,646321400
2022-10-31,7.861647129058838,8.273307800292969,7.689859867095947,7.787580966949463,707745428
2022-11-01,7.6939520835876465,7.907289981842041,7.6450018882751465,7.861278057098389,343248748
2022-11-02,7.427645206451416,7.963852882385254,7.374965190887451,7.693583965301514,597535371
2022-11-03,7.714237213134766,7.969922065734863,7.413905143737793,7.429279804229736,570345039
2022-11-04,8.741551399230957,8.82374382019043,7.681057929992676,7.714415073394775,875763181
2022-11-05,8.665481567382812,8.95098876953125,8.5965576171875,8.739730834960938,565422087
2022-11-06,8.121048927307129,8.75299072265625,8.121048927307129,8.666112899780273,450043210
2022-11-07,8.895980834960938,9.195428848266602,7.935222148895264,8.121368408203125,794535707
2022-11-08,7.6830339431762695,9.370527267456055,6.94361686706543,8.898021697998047,2077581693
2022-11-09,6.224503040313721,7.838143825531006,5.908777236938477,7.6841511726379395,1413894903
2022-11-10,7.214661121368408,7.448554039001465,6.150979042053223,6.225304126739502,912193881
2022-11-11,7.009961128234863,7.29903507232666,6.634491920471191,7.212369918823242,542122769
2022-11-12,6.259308815002441,7.022933006286621,6.2333221435546875,7.011410236358643,581782556
2022-11-13,6.072445869445801,6.512321949005127,6.008448123931885,6.259706974029541,350792861
2022-11-14,6.264420986175537,6.3903961181640625,5.724954128265381,6.072439193725586,472780935
2022-11-15,6.419929027557373,6.632349967956543,6.233527183532715,6.265048027038574,383323246
2022-11-16,6.187088966369629,6.540194988250732,6.115243911743164,6.4192280769348145,318753451
2022-11-17,6.234342098236084,6.324176788330078,6.069089889526367,6.187695026397705,256205193
2022-11-18,6.185774803161621,6.384612083435059,6.0839080810546875,6.2346367835998535,259437209
2022-11-19,6.1502180099487305,6.209248065948486,6.03428316116333,6.185103893280029,174771461
2022-11-20,5.771728038787842,6.23275089263916,5.754195213317871,6.150191783905029,246506038
2022-11-21,5.869119167327881,5.869119167327881,5.579586982727051,5.771162033081055,331896669
2022-11-22,6.397805213928223,6.4243621826171875,5.860540866851807,5.869015216827393,485261194
2022-11-23,6.7013068199157715,6.777371883392334,6.355515003204346,6.398486137390137,432646324
2022-11-24,6.831646919250488,6.9233269691467285,6.622970104217529,6.702620029449463,336491229
2022-11-25,6.842341899871826,6.955313205718994,6.692127227783203,6.830993175506592,260032725
2022-11-26,7.146820068359375,7.2477240562438965,6.83758020401001,6.841486930847168,337919893
2022-11-27,6.902108192443848,7.234347820281982,6.896105766296387,7.146823883056641,235405276
2022-11-28,7.207573890686035,7.282071113586426,6.574075222015381,6.9018778800964355,507275274
2022-11-29,7.320946216583252,7.484158992767334,7.162414073944092,7.207840919494629,375464137
2022-11-30,7.680302143096924,7.722124099731445,7.316408157348633,7.321052074432373,388756121
2022-12-01,7.687326908111572,7.776895999908447,7.506113052368164,7.680264949798584,352481290
2022-12-02,7.615397930145264,7.698988914489746,7.53887414932251,7.686768054962158,282578344
2022-12-03,7.2436041831970215,7.613798141479492,7.237539768218994,7.6134209632873535,209127717
2022-12-04,7.446814060211182,7.446814060211182,7.23245096206665,7.24379301071167,196343544
2022-12-05,7.2758378982543945,7.572995185852051,7.192525863647461,7.446703910827637,256807181
2022-12-06,7.13372802734375,7.326529026031494,7.009521961212158,7.275937080383301,253542935
2022-12-07,6.887232780456543,7.137811183929443,6.799818992614746,7.133811950683594,238394478
2022-12-08,7.00632381439209,7.050512790679932,6.804716110229492,6.886989116668701,198390377
2022-12-09,6.8592848777771,7.04099702835083,6.81676721572876,7.006228923797607,163188841
2022-12-10,6.852805137634277,6.90778923034668,6.752900123596191,6.859463214874268,138343803
2022-12-11,6.714855194091797,6.945766925811768,6.707303047180176,6.852853775024414,131226762
2022-12-12,6.691596984863281,6.714347839355469,6.547488212585449,6.714347839355469,191902698
2022-12-13,6.9113569259643555,7.012321949005127,6.502252101898193,6.691421031951904,305694512
2022-12-14,6.728827953338623,6.937373161315918,6.719816207885742,6.911609172821045,208545519
2022-12-15,6.4513630867004395,6.729551792144775,6.426652908325195,6.728448867797852,201528818
2022-12-16,5.900253772735596,6.532924175262451,5.829366207122803,6.4515700340271,283856110
2022-12-17,6.029943943023682,6.041706085205078,5.8241047859191895,5.899213790893555,192779241
2022-12-18,5.963430881500244,6.04965877532959,5.950809001922607,6.030755996704102,113833897
2022-12-19,5.790945053100586,6.043170928955078,5.7454729080200195,5.96391487121582,214083722
2022-12-20,6.020202159881592,6.100415229797363,5.7779459953308105,5.7916741371154785,209312651
2022-12-21,5.98125696182251,6.031951904296875,5.900968074798584,6.0200419425964355,149997846
2022-12-22,6.0027689933776855,6.023396015167236,5.8801751136779785,5.9816670417785645,175920137
2022-12-23,5.942527770996094,6.043664932250977,5.935083866119385,6.002421855926514,157847820
2022-12-24,5.920003890991211,5.959383010864258,5.901504039764404,5.942561149597168,111387083
2022-12-25,5.985958099365234,5.986300945281982,5.9059858322143555,5.920001029968262,140351136
2022-12-26,6.0376691818237305,6.038186073303223,5.953303813934326,5.9861321449279785,128325031
2022-12-27,5.899226188659668,6.050971984863281,5.878011226654053,6.03778076171875,151421212
2022-12-28,5.676936149597168,5.90510892868042,5.655508995056152,5.89914608001709,188630493
2022-12-29,5.603007793426514,5.71335506439209,5.5325927734375,5.676999092102051,193768237
2022-12-30,5.467444896697998,5.626317024230957,5.440182209014893,5.602757930755615,187032495
2022-12-31,5.568657875061035,5.609038829803467,5.413768768310547,5.467851161956787,144422398
2023-01-01,5.622443199157715,5.628169059753418,5.517974853515625,5.568981170654297,109175362
2023-01-02,5.687626838684082,5.737174987792969,5.567814826965332,5.622763156890869,179768004
2023-01-03,5.622096061706543,5.707482814788818,5.585216999053955,5.687882900238037,182318187
2023-01-04,5.804031848907471,5.837051868438721,5.615959167480469,5.62194299697876,205745250
2023-01-05,5.647834777832031,5.807827949523926,5.632116794586182,5.804405212402344,166950331
2023-01-06,5.7108001708984375,5.717915058135986,5.558207035064697,5.648924827575684,166922602
2023-01-07,5.829194068908691,5.831510066986084,5.698310852050781,5.710935115814209,140003552
2023-01-08,5.933166027069092,5.933835029602051,5.773165225982666,5.829421043395996,149233597
2023-01-09,6.072278022766113,6.235387802124023,5.933032989501953,5.933032989501953,336692626
2023-01-10,6.153703212738037,6.267262935638428,6.010840892791748,6.071435928344727,211548969
2023-01-11,6.285185813903809,6.285185813903809,6.030919075012207,6.154053211212158,212708693
2023-01-12,6.381331920623779,6.396510124206543,6.15306282043457,6.362483978271484,336590126
2023-01-13,6.601778984069824,6.602921962738037,6.282705783843994,6.381975173950195,266139656
2023-01-14,6.860321998596191,7.085987091064453,6.598348140716553,6.601118087768555,576671317
2023-01-15,6.6939568519592285,6.902145862579346,6.622989177703857,6.861233234405518,392031356
2023-01-16,6.66686487197876,6.92589807510376,6.476940155029297,6.693841934204102,395021461
2023-01-17,6.820442199707031,6.949216842651367,6.605624198913574,6.667509078979492,368037968
2023-01-18,6.350072860717773,6.9672532081604,6.343377113342285,6.81898307800293,443456872
2023-01-19,6.513941764831543,6.527883052825928,6.336029052734375,6.3496880531311035,218670715
2023-01-20,6.95069694519043,6.951216220855713,6.431886196136475,6.513628959655762,258845710
2023-01-21,6.870330810546875,7.093824863433838,6.868216037750244,6.951276779174805,372198330
2023-01-22,6.985128879547119,7.2177839279174805,6.825183868408203,6.871549129486084,397275394
2023-01-23,7.026174068450928,7.203010082244873,6.95261287689209,6.984896183013916,382722730
2023-01-24,6.659311771392822,7.181534767150879,6.641408920288086,7.0242791175842285,314688181
2023-01-25,6.960362911224365,7.068706035614014,6.550489902496338,6.660114765167236,340184050
2023-01-26,7.174172878265381,7.253158092498779,6.858986854553223,6.959551811218262,383773795
2023-01-27,7.371270179748535,7.4733171463012695,6.999093055725098,7.174018859863281,409716317
2023-01-28,7.207572937011719,7.483154773712158,7.149631977081299,7.371503829956055,247360344
2023-01-29,7.387718200683594,7.449573040008545,7.1650309562683105,7.207568168640137,311604961
2023-01-30,6.906291961669922,7.418731212615967,6.8287482261657715,7.387609958648682,308344397
2023-01-31,6.952308177947998,7.05896520614624,6.88529109954834,6.907165050506592,219036836
2023-02-01,7.216623783111572,7.25618314743042,6.706571102142334,6.951572895050049,312466639
2023-02-02,7.102139949798584,7.465997219085693,7.101432800292969,7.215411186218262,336269815
2023-02-03,7.290623188018799,7.320489883422852,7.039196014404297,7.102088928222656,276486581
2023-02-04,7.238030910491943,7.341148853302002,7.147762775421143,7.290507793426514,211742392
2023-02-05,6.984615802764893,7.247060775756836,6.907526016235352,7.238217830657959,227421226
2023-02-06,6.832168102264404,7.044710159301758,6.801389217376709,6.985622882843018,216553530
2023-02-07,7.198653221130371,7.203533172607422,6.827384948730469,6.832104206085205,265944829
2023-02-08,7.121416091918945,7.2649431228637695,6.998036861419678,7.198792934417725,307753754
2023-02-09,6.98314094543457,7.7503662109375,6.910068035125732,7.122513771057129,1103183457
2023-02-10,6.902423858642578,7.079967021942139,6.843377113342285,6.983057022094727,451207831
2023-02-11,7.006326198577881,7.024775981903076,6.872811794281006,6.902574062347412,202145744
2023-02-12,6.807923793792725,7.057351112365723,6.747715950012207,7.006134033203125,241644536
2023-02-13,6.67165994644165,6.831329822540283,6.476461887359619,6.8075761795043945,357135687
2023-02-14,6.806429862976074,6.8168511390686035,6.558812141418457,6.671267032623291,280517342
2023-02-15,7.270598888397217,7.285592079162598,6.739752769470215,6.806295871734619,340072775
2023-02-16,7.0281548500061035,7.45108699798584,7.024787902832031,7.270508766174316,518185252
2023-02-17,7.66677188873291,7.671968936920166,6.9958038330078125,7.027318954467773,715233660
2023-02-18,8.00831413269043,8.21724796295166,7.526206016540527,7.665935039520264,844845498
2023-02-19,7.99688720703125,8.242552757263184,7.857913017272949,8.007542610168457,595712725
2023-02-20,8.00644588470459,8.33823299407959,7.80829381942749,8.002281188964844,541991760
2023-02-21,7.636673927307129,8.059000015258789,7.54863977432251,8.0072603225708,407354867
2023-02-22,7.708319187164307,7.710072040557861,7.334482192993164,7.636991024017334,453992830
2023-02-23,7.936591148376465,8.156232833862305,7.680718898773193,7.708201885223389,637551320
2023-02-24,7.45567512512207,8.109539031982422,7.3291521072387695,7.935275077819824,526136614
2023-02-25,7.376634120941162,7.4732561111450195,7.2098069190979,7.456675052642822,311632712
2023-02-26,7.491860866546631,7.5292510986328125,7.316312789916992,7.3762640953063965,235447983
2023-02-27,7.27908992767334,7.496460914611816,7.170918941497803,7.491158962249756,298939373
2023-02-28,7.1926960945129395,7.413753032684326,7.140398025512695,7.279601097106934,304916168
2023-03-01,7.52876615524292,7.52876615524292,7.170287132263184,7.193329811096191,297633777
2023-03-02,7.267749786376953,7.562863826751709,7.187427997589111,7.528773784637451,268246764
2023-03-03,6.948713779449463,7.271391868591309,6.748424053192139,7.267648220062256,346250431
2023-03-04,6.852447032928467,6.996817111968994,6.739046096801758,6.948976039886475,216105874
2023-03-05,6.94422721862793,7.004214763641357,6.824522972106934,6.852968215942383,191609356
2023-03-06,6.862199783325195,6.966588020324707,6.836516857147217,6.944293022155762,222624936
2023-03-07,6.871420860290527,6.9654059410095215,6.697965145111084,6.862202167510986,256141888
2023-03-08,6.584420204162598,6.924242973327637,6.548698902130127,6.87109899520874,302742595
2023-03-09,6.158695220947266,6.675148963928223,6.063872814178467,6.584458827972412,314151909
2023-03-10,6.225045204162598,6.261226177215576,5.949132919311523,6.158603191375732,336133866
2023-03-11,6.207980155944824,6.391979217529297,6.000500202178955,6.224761009216309,335637067
2023-03-12,6.589978218078613,6.589978218078613,6.1287841796875,6.20744514465332,266096727
2023-03-13,6.776379108428955,6.896907806396484,6.429993152618408,6.589325904846191,398871384
2023-03-14,6.975945949554443,7.197958946228027,6.664549827575684,6.776573181152344,465219170
2023-03-15,6.55108118057251,7.1173810958862305,6.437794208526611,6.976572036743164,395492432
2023-03-16,6.674513816833496,6.685502052307129,6.500079154968262,6.553657054901123,226614246
2023-03-17,7.225374221801758,7.258519172668457,6.630300045013428,6.6747870445251465,375125654
2023-03-18,6.933574199676514,7.298580169677734,6.920907020568848,7.225621223449707,314031396
2023-03-19,7.102636814117432,7.2861151695251465,6.934313774108887,6.934313774108887,249180738
2023-03-20,7.057743072509766,7.407197952270508,6.985550880432129,7.102431774139404,489903739
2023-03-21,7.407576084136963,7.433137893676758,6.89748477935791,7.059238910675049,366308905
2023-03-22,7.180304050445557,7.697200775146484,7.0700459480285645,7.406498908996582,586895392
2023-03-23,7.621306896209717,7.629281044006348,7.119134902954102,7.17984676361084,329204523
2023-03-24,7.206892013549805,7.646345138549805,7.152146816253662,7.62053108215332,295497990
2023-03-25,7.084826946258545,7.251605987548828,6.994295120239258,7.20620584487915,193197164
2023-03-26,7.262111186981201,7.284111976623535,7.06675910949707,7.085594177246094,165218457
2023-03-27,6.872753143310547,7.271117210388184,6.804008960723877,7.262615203857422,230593321
2023-03-28,6.955334186553955,7.02065896987915,6.77236795425415,6.8729681968688965,211056975
2023-03-29,7.382523059844971,7.458693027496338,6.94170618057251,6.954264163970947,297994491
2023-03-30,7.232709884643555,7.528229236602783,7.1701250076293945,7.382503986358643,279488316
2023-03-31,7.594569206237793,7.655243873596191,7.231266021728516,7.232532024383545,340384822
2023-04-01,7.47448205947876,7.6271820068359375,7.459664821624756,7.595728874206543,183579045
2023-04-02,7.259294033050537,7.55074405670166,7.224246025085449,7.55074405670166,188792643
2023-04-03,7.239348888397217,7.427126884460449,7.073146820068359,7.258941173553467,295585843
2023-04-04,7.379016876220703,7.469361782073975,7.224438190460205,7.239153861999512,248607211
2023-04-05,7.325242042541504,7.59671688079834,7.264023780822754,7.378652095794678,290799350
2023-04-06,7.200003147125244,7.326025009155273,7.143192768096924,7.3251872062683105,194248285
2023-04-07,7.277441024780273,7.292250156402588,7.124457836151123,7.199889183044434,134349449
2023-04-08,7.137541770935059,7.293132781982422,7.102263927459717,7.276711940765381,114126743
2023-04-09,7.212092876434326,7.249704837799072,7.077762126922607,7.137648105621338,114928203
2023-04-10,7.344665050506592,7.3631181716918945,7.150139808654785,7.211944103240967,169897201
2023-04-11,7.313779830932617,7.443352222442627,7.29626989364624,7.345083236694336,188835268
2023-04-12,7.250481128692627,7.361101150512695,7.132033824920654,7.313990116119385,195602304
2023-04-13,7.464562892913818,7.524202823638916,7.188986778259277,7.234310150146484,227523492
2023-04-14,7.752357006072998,7.878274917602539,7.465260028839111,7.465260028839111,416438491
2023-04-15,8.013286590576172,8.045050621032715,7.638179779052734,7.752528190612793,303168438
2023-04-16,8.136897087097168,8.159004211425781,7.927694797515869,8.013524055480957,284062027
2023-04-17,8.164322853088379,8.268686294555664,7.92443323135376,8.136602401733398,460381261
2023-04-18,8.576398849487305,8.728160858154297,8.063427925109863,8.165422439575195,512634725
2023-04-19,7.770359992980957,8.583635330200195,7.723606109619141,8.575544357299805,543475883
2023-04-20,7.51875114440918,7.947649955749512,7.494381904602051,7.768971920013428,392775059
2023-04-21,7.117650032043457,7.583001136779785,7.043487071990967,7.5189619064331055,340540634
2023-04-22,7.179794788360596,7.224733829498291,7.093589782714844,7.117654800415039,179657711
2023-04-23,7.079930782318115,7.180260181427002,6.923752784729004,7.179872989654541,208419900
2023-04-24,7.076444149017334,7.25297212600708,7.03875207901001,7.0797858238220215,222800034
2023-04-25,7.27154016494751,7.290139198303223,6.972247123718262,7.076402187347412,197437029
2023-04-26,7.00423002243042,7.4979071617126465,6.806466102600098,7.271366119384766,358341934
2023-04-27,7.170403957366943,7.219644069671631,6.996944904327393,7.004421234130859,773383672
2023-04-28,7.050134181976318,7.181178092956543,6.994153022766113,7.17070198059082,236637129
2023-04-29,7.187723159790039,7.210640907287598,7.012752056121826,7.049953937530518,155603225
2023-04-30,7.052085876464844,7.29624605178833,7.052085876464844,7.187104225158691,171483704
2023-05-01,6.901027202606201,7.07949686050415,6.819187164306641,7.050922870635986,202483666
2023-05-02,6.986553192138672,7.001067161560059,6.820350170135498,6.901148796081543,147462616
2023-05-03,7.123072147369385,7.143795013427734,6.839698791503906,6.9864091873168945,195763187
2023-05-04,6.997713088989258,7.154839038848877,6.970983028411865,7.123426914215088,130913715
2023-05-05,7.2359209060668945,7.277870178222656,6.977313995361328,6.997682094573975,190358641
2023-05-06,6.943518161773682,7.2735700607299805,6.914403915405273,7.235846042633057,162574254
2023-05-07,6.909634113311768,6.990841865539551,6.9005351066589355,6.94332218170166,116709453
2023-05-08,6.591795921325684,6.916244029998779,6.471394062042236,6.909173011779785,254538831
2023-05-09,6.52426290512085,6.627127170562744,6.47652006149292,6.591693878173828,135768009
2023-05-10,6.5959038734436035,6.688794136047363,6.382472991943359,6.524275779724121,204285549
2023-05-11,6.366950988769531,6.595966815948486,6.267055988311768,6.595966815948486,187932434
2023-05-12,6.621963977813721,6.6270952224731445,6.2548909187316895,6.367117881774902,174685170
2023-05-13,6.50039005279541,6.624627113342285,6.495942115783691,6.622492790222168,107475509
2023-05-14,6.543808937072754,6.60560417175293,6.464654922485352,6.500216960906982,89462586
2023-05-15,6.6380510330200195,6.700585842132568,6.476562976837158,6.544105052947998,138944472
2023-05-16,6.659043788909912,6.7149977684021,6.56699800491333,6.6379570960998535,137961090
2023-05-17,6.753897190093994,6.797799110412598,6.5607428550720215,6.658660888671875,168939576
2023-05-18,6.534811973571777,6.758718967437744,6.459140777587891,6.753479957580566,140449712
2023-05-19,6.508409023284912,6.547082901000977,6.47805118560791,6.535009860992432,102133168
2023-05-20,6.512510776519775,6.538308143615723,6.482776165008545,6.50869083404541,69018310
2023-05-21,6.429470062255859,6.540746212005615,6.38234806060791,6.5121750831604,90814391
2023-05-22,6.52993106842041,6.583351135253906,6.365190029144287,6.428994178771973,139651618
2023-05-23,6.50832986831665,6.6307268142700195,6.488480091094971,6.530066013336182,106788577
2023-05-24,6.327065944671631,6.509243965148926,6.240495204925537,6.508349895477295,145479790
2023-05-25,6.279226779937744,6.3388471603393555,6.206401824951172,6.327334880828857,110856339
2023-05-26,6.352190971374512,6.378975868225098,6.2493720054626465,6.279365062713623,103191434
2023-05-27,6.440199851989746,6.440199851989746,6.346855163574219,6.351569175720215,78479262
2023-05-28,6.638851165771484,6.653573036193848,6.427712917327881,6.440157890319824,119525335
2023-05-29,6.640285015106201,6.661598205566406,6.5450568199157715,6.6386871337890625,124828903
2023-05-30,6.613655090332031,6.660110950469971,6.549343109130859,6.639901161193848,125036323
2023-05-31,6.480094909667969,6.629203796386719,6.433348178863525,6.613376140594482,126487861
2023-06-01,6.346456050872803,6.506302833557129,6.34234094619751,6.480183124542236,119523184
2023-06-02,6.456369876861572,6.478118896484375,6.327394962310791,6.34666109085083,113702809
2023-06-03,6.416921138763428,6.457748889923096,6.381110191345215,6.4564900398254395,73090216
2023-06-04,6.456024169921875,6.527440071105957,6.40241813659668,6.416903972625732,85885836
2023-06-05,6.0659499168396,6.483293056488037,6.024292945861816,6.455809116363525,208202410
2023-06-06,6.260660171508789,6.304471015930176,6.022430896759033,6.06594705581665,185444688
2023-06-07,5.914066791534424,6.261897087097168,5.862957954406738,6.2602949142456055,160767208
2023-06-08,5.995314121246338,6.0332159996032715,5.900790214538574,5.913884162902832,99184600
2023-06-09,5.986426830291748,6.07220983505249,5.937986850738525,5.995561122894287,92158776
2023-06-10,5.241125106811523,5.997457981109619,4.980165958404541,5.986423015594482,526078781
2023-06-11,5.173130989074707,5.245555877685547,5.1170878410339355,5.240856170654297,135111698
2023-06-12,5.163537979125977,5.1886091232299805,5.045679092407227,5.1732258796691895,138650535
2023-06-13,5.293571949005127,5.376275062561035,5.123007774353027,5.1635518074035645,137509652
2023-06-14,5.242557048797607,5.487329006195068,5.173376083374023,5.293535232543945,185859006
2023-06-15,5.30604887008667,5.398788928985596,5.176105976104736,5.242735862731934,149056861
2023-06-16,5.319080829620361,5.377121925354004,5.175273895263672,5.306131839752197,115615767
2023-06-17,5.283658027648926,5.381583213806152,5.246589183807373,5.319244861602783,99730831
2023-06-18,5.161345958709717,5.293396949768066,5.16032600402832,5.283245086669922,102460234
2023-06-19,5.1191558837890625,5.173816204071045,5.023810863494873,5.16119909286499,126273788
2023-06-20,5.263209819793701,5.267868995666504,5.010992050170898,5.119935035705566,156987980
2023-06-21,5.563837051391602,5.576784133911133,5.252809047698975,5.263519763946533,205902871
2023-06-22,5.5680670738220215,5.785705089569092,5.54114294052124,5.563149929046631,208397242
2023-06-23,6.059010028839111,6.127710819244385,5.564657211303711,5.567982196807861,267367868
2023-06-24,6.136025905609131,6.1637959480285645,5.980313777923584,6.0599870681762695,158040287
2023-06-25,6.150530815124512,6.351616859436035,6.0991058349609375,6.136147975921631,171279411
2023-06-26,6.066921234130859,6.241480827331543,6.036485195159912,6.150455951690674,188779622
2023-06-27,6.198840141296387,6.242961883544922,6.056919097900391,6.066298961639404,172477998
2023-06-28,5.821579933166504,6.199192047119141,5.789371013641357,6.199094772338867,198238757
2023-06-29,5.9014787673950195,6.144045829772949,5.803522109985352,5.821743011474609,196418758
2023-06-30,6.3084540367126465,6.416555881500244,5.866758823394775,5.900431156158447,393934018
2023-07-01,6.497599124908447,6.507081031799316,6.158452033996582,6.308571815490723,256361613
2023-07-02,6.530424118041992,6.542820930480957,6.3755412101745605,6.497800827026367,237259540
2023-07-03,6.620471954345703,6.677140235900879,6.487559795379639,6.530455112457275,203177968
2023-07-04,6.526224136352539,6.622889041900635,6.428555011749268,6.620316982269287,166595461
2023-07-05,6.30457878112793,6.560704231262207,6.240610122680664,6.526516914367676,188222944
2023-07-06,6.091969966888428,6.49544095993042,6.091969966888428,6.304771900177002,202108838
2023-07-07,6.154138088226318,6.2125420570373535,6.053390026092529,6.092577934265137,135071054
2023-07-08,6.193655967712402,6.209586143493652,6.1092610359191895,6.154234886169434,100745387
2023-07-09,6.148781776428223,6.234523773193359,6.135863780975342,6.193630218505859,91096690
2023-07-10,6.168487071990967,6.283438205718994,6.050355911254883,6.148634910583496,141129350
2023-07-11,6.204080104827881,6.228000164031982,6.140872001647949,6.168666839599609,87991356
2023-07-12,6.2490739822387695,6.326198101043701,6.2040228843688965,6.2040228843688965,127951075
2023-07-13,7.092254161834717,7.092254161834717,6.225927829742432,6.249083995819092,348983524
2023-07-14,6.9449357986450195,7.307501792907715,6.735441207885742,7.091519832611084,397701801
2023-07-15,6.915660858154297,7.012141227722168,6.852272987365723,6.946206092834473,160863023
2023-07-16,6.616024971008301,6.918647766113281,6.608549118041992,6.915881156921387,165245026
2023-07-17,7.191557884216309,7.2302680015563965,6.527315139770508,6.616044044494629,426365381
2023-07-18,6.923120021820068,7.2856221199035645,6.858763217926025,7.191413879394531,415484020
2023-07-19,6.917884826660156,7.034389019012451,6.796350955963135,6.922605991363525,244366331
2023-07-20,8.342902183532715,8.342902183532715,6.796350955963135,6.9177961349487305,1340159906
2023-07-21,8.142471313476562,8.382515907287598,8.081622123718262,8.34203052520752,590804403
2023-07-22,7.869027137756348,8.250190734863281,7.842010974884033,8.141176223754883,393677563
2023-07-23,7.895740032196045,8.062042236328125,7.848306179046631,7.870645999908447,226085148
2023-07-24,7.590983867645264,7.895249843597412,7.530029773712158,7.895249843597412,318734106
2023-07-25,7.4025959968566895,7.633493900299072,7.378264904022217,7.591040134429932,211171478
2023-07-26,7.753373146057129,7.8159499168396,7.312085151672363,7.40288782119751,344200685
2023-07-27,7.988918781280518,8.078426361083984,7.711304187774658,7.752411842346191,358551805
2023-07-28,7.801767826080322,8.060602188110352,7.801050186157227,7.988424777984619,202440235
2023-07-29,7.852121829986572,7.874852180480957,7.739381790161133,7.801164150238037,139851311
2023-07-30,7.5561699867248535,7.853650093078613,7.450922966003418,7.852007865905762,191427934
2023-07-31,7.544678211212158,7.682759761810303,7.470114231109619,7.556188106536865,207369511
2023-08-01,7.628017902374268,7.628017902374268,7.358786106109619,7.544260025024414,232268252
2023-08-02,7.349018096923828,7.697526931762695,7.3473219871521,7.627111911773682,256118824
2023-08-03,7.125888824462891,7.39345121383667,7.112916946411133,7.3493571281433105,211917322
2023-08-04,7.132810115814209,7.239910125732422,7.03703498840332,7.125502109527588,195205922
2023-08-05,7.220318794250488,7.225706100463867,7.1020121574401855,7.132656097412109,131374587
2023-08-06,7.1017937660217285,7.252173900604248,7.084693908691406,7.2201128005981445,132458989
2023-08-07,7.296730041503906,7.349380016326904,6.9973039627075195,7.1016411781311035,221515032
2023-08-08,7.450203895568848,7.503108978271484,7.295584201812744,7.297016143798828,261043379
2023-08-09,7.694713115692139,7.862716197967529,7.386916160583496,7.450658798217773,630088444
2023-08-10,7.608376979827881,7.705417156219482,7.568157196044922,7.6936540603637695,207600389
2023-08-11,7.484983921051025,7.626849174499512,7.412113189697266,7.608368873596191,137822792
2023-08-12,7.439908027648926,7.523573875427246,7.3962531089782715,7.485297203063965,114131085
2023-08-13,7.369263172149658,7.5418009757995605,7.339324951171875,7.439867973327637,149615460
2023-08-14,7.414638042449951,7.601899147033691,7.323840141296387,7.368957996368408,211644082
2023-08-15,7.039225101470947,7.418262004852295,6.96796989440918,7.414547920227051,269056737
2023-08-16,6.753678798675537,7.057772159576416,6.655511856079102,7.039368152618408,269877959
2023-08-17,6.209252834320068,6.852884769439697,5.89454984664917,6.753921985626221,430830557
2023-08-18,6.170827865600586,6.269668102264404,6.100881099700928,6.210072040557861,253807909
2023-08-19,6.172726154327393,6.254903793334961,6.133235931396484,6.171358108520508,144297324
2023-08-20,6.216061115264893,6.227668762207031,6.129395008087158,6.173062801361084,114581311
2023-08-21,6.179046154022217,6.243002891540527,6.087779998779297,6.216259956359863,184724506
2023-08-22,6.108273029327393,6.238885879516602,5.958381175994873,6.1794562339782715,202497001
2023-08-23,6.345688819885254,6.420750141143799,6.10858678817749,6.10858678817749,195705371
2023-08-24,6.077850818634033,6.360294818878174,6.016817092895508,6.345841884613037,161660399
2023-08-25,6.007421016693115,6.081770896911621,5.932309150695801,6.0781707763671875,161052215
2023-08-26,6.002890110015869,6.033336162567139,5.966024875640869,6.007842063903809,99248480
2023-08-27,6.023508071899414,6.0359930992126465,5.9645562171936035,6.003002166748047,88471317
2023-08-28,5.978857040405273,6.023979187011719,5.894219875335693,6.023434162139893,146306006
2023-08-29,6.192354202270508,6.289259910583496,5.859785079956055,5.9787678718566895,228799176
2023-08-30,5.937586784362793,6.196891784667969,5.912936210632324,6.192354202270508,145867706
2023-08-31,5.875496864318848,6.051632881164551,5.798701763153076,5.937490940093994,184716326
2023-09-01,5.933749198913574,6.022887229919434,5.83946418762207,5.875308990478516,175504949
2023-09-02,5.966878890991211,5.988725185394287,5.9076828956604,5.933976173400879,90715242
2023-09-03,6.025086879730225,6.051942825317383,5.953656196594238,5.967240810394287,103897670
2023-09-04,6.0111541748046875,6.143789768218994,5.963781833648682,6.025191783905029,134425665
2023-09-05,6.135129928588867,6.144128799438477,5.927571773529053,6.011254787445068,130728241
2023-09-06,6.293778896331787,6.309278964996338,6.11600399017334,6.135210037231445,189270155
2023-09-07,6.384524822235107,6.4461469650268555,6.211489200592041,6.293697834014893,151084672
2023-09-08,6.27710485458374,6.388906955718994,6.18887996673584,6.38436222076416,112409151
2023-09-09,6.16731595993042,6.281607151031494,6.166738986968994,6.277040958404541,72841579
2023-09-10,6.017714023590088,6.168023109436035,5.984661102294922,6.1674580574035645,133943336
2023-09-11,5.823768138885498,6.026423931121826,5.760214805603027,6.017727851867676,170606718
2023-09-12,5.9593892097473145,6.0377020835876465,5.8164567947387695,5.823766231536865,145302161
2023-09-13,6.021813869476318,6.047970771789551,5.938476085662842,5.959651947021484,136798403
2023-09-14,6.153502941131592,6.203810214996338,6.0179948806762695,6.021799087524414,135392362
2023-09-15,6.36220121383667,6.363574028015137,6.113072872161865,6.153450965881348,122671586
2023-09-16,6.283411979675293,6.406363010406494,6.2027130126953125,6.362059116363525,104260909
2023-09-17,6.143582820892334,6.283102035522461,6.092554092407227,6.283102035522461,91847802
2023-09-18,6.5657548904418945,6.803361892700195,6.122247219085693,6.143876075744629,344933504
2023-09-19,6.863012790679932,6.932013988494873,6.542952060699463,6.565842151641846,246297612
2023-09-20,6.910942077636719,7.008670806884766,6.765099048614502,6.8620429039001465,219394013
2023-09-21,6.682000160217285,6.926135063171387,6.633869171142578,6.910778045654297,185760116
2023-09-22,6.939219951629639,6.953512191772461,6.634861946105957,6.679679870605469,165417232
2023-09-23,7.1928229331970215,7.211606025695801,6.9379777908325195,6.939809799194336,262777665
2023-09-24,6.989484786987305,7.236172199249268,6.981841087341309,7.1929731369018555,166551130
2023-09-25,7.484897136688232,7.495351791381836,6.953980922698975,6.988705158233643,262742575
2023-09-26,7.363938808441162,7.549048900604248,7.263105869293213,7.484570026397705,210855209
2023-09-27,7.642251014709473,7.8234171867370605,7.286083221435547,7.363495826721191,364494378
2023-09-28,7.822662830352783,7.999269008636475,7.587073802947998,7.642066955566406,339484086
2023-09-29,7.954563140869141,8.044210433959961,7.693887233734131,7.8223958015441895,238679058
2023-09-30,8.180992126464844,8.246541976928711,7.951024055480957,7.954434871673584,267527894
2023-10-01,8.047098159790039,8.236618041992188,7.80671501159668,8.180946350097656,292177704
2023-10-02,7.471463203430176,8.077347755432129,7.4148101806640625,8.046419143676758,368441675
2023-10-03,7.419229030609131,7.711099147796631,7.391942977905273,7.470973014831543,283659403
2023-10-04,7.679328918457031,7.741462230682373,7.27867317199707,7.419530868530273,297567464
2023-10-05,7.474690914154053,7.767576217651367,7.474690914154053,7.679605960845947,201986079
2023-10-06,7.652021884918213,7.73701810836792,7.47031307220459,7.474508762359619,172180524
2023-10-07,7.532812118530273,7.674979209899902,7.494783878326416,7.652009963989258,139264476
2023-10-08,7.69350004196167,7.894826889038086,7.521255016326904,7.533135890960693,236631640
2023-10-09,7.283275127410889,7.693662166595459,7.217802047729492,7.693662166595459,259756652
2023-10-10,7.266600131988525,7.3694047927856445,7.198162078857422,7.283233165740967,178412540
2023-10-11,7.393107891082764,7.413392066955566,7.172318935394287,7.266533851623535,205922750
2023-10-12,7.201082229614258,7.4030890464782715,7.1297688484191895,7.39296293258667,181954738
2023-10-13,7.259515762329102,7.366612911224365,7.133205890655518,7.201073169708252,196017223
2023-10-14,7.322572231292725,7.359321117401123,7.2261128425598145,7.259679794311523,96862815
2023-10-15,7.422249794006348,7.530235767364502,7.301857948303223,7.322925090789795,147073216
2023-10-16,7.539670944213867,7.736898899078369,7.422501087188721,7.422501087188721,261897427
2023-10-17,7.332848072052002,7.550541877746582,7.299335956573486,7.539125919342041,164985669
2023-10-18,7.3619208335876465,7.47028112411499,7.299077033996582,7.3326849937438965,150034960
2023-10-19,7.3109822273254395,7.420115947723389,7.263082027435303,7.36171293258667,143494390
2023-10-20,7.581277847290039,7.68657112121582,7.282461166381836,7.311013221740723,216886149
2023-10-21,8.90384578704834,9.125328063964844,7.5393757820129395,7.581029891967773,802185950
2023-10-22,10.132683753967285,10.166531562805176,8.874204635620117,8.904644966125488,1068818174
2023-10-23,10.546121597290039,10.905618667602539,9.835515975952148,10.368067741394043,1504664712
2023-10-24,10.394031524658203,11.023963928222656,9.8414945602417,10.545737266540527,1070416055
2023-10-25,11.026677131652832,11.610102653503418,10.363656997680664,10.393536567687988,1220132695
2023-10-26,10.929611206054688,11.32233715057373,10.44686508178711,11.026559829711914,753017604
2023-10-27,11.204940795898438,11.365532875061035,10.663597106933594,10.929754257202148,851123699
2023-10-28,10.925374031066895,11.594693183898926,10.879768371582031,11.204375267028809,561267315
2023-10-29,11.103344917297363,11.256047248840332,10.813075065612793,10.925806999206543,409439965
2023-10-30,11.237469673156738,11.6390380859375,10.934321403503418,11.100871086120605,623788293
2023-10-31,11.37502670288086,11.923242568969727,11.047531127929688,11.237017631530762,812962667
2023-11-01,11.624006271362305,11.715620994567871,10.73907470703125,11.373188018798828,733607053
2023-11-02,11.004575729370117,11.703694343566895,10.8971586227417,11.62542724609375,566080359
2023-11-03,11.484772682189941,11.562373161315918,10.637041091918945,11.00499439239502,565613053
2023-11-04,11.49703598022461,11.606757164001465,11.215262413024902,11.483939170837402,342056656
2023-11-05,12.227702140808105,12.48479175567627,11.401623725891113,11.497302055358887,795814450
2023-11-06,13.009284019470215,13.197270393371582,12.171920776367188,12.226930618286133,757695242
2023-11-07,13.068292617797852,13.25248908996582,12.59795093536377,13.005666732788086,870526793
2023-11-08,14.93785572052002,14.93785572052002,12.910887718200684,13.066696166992188,1005098859
2023-11-09,14.635876655578613,15.870617866516113,14.068531036376953,14.937724113464355,1596172473
2023-11-10,15.509591102600098,15.591740608215332,14.226293563842773,14.634550094604492,1143584462
2023-11-11,16.422510147094727,16.526731491088867,14.812256813049316,15.508254051208496,1161712114
2023-11-12,16.001081466674805,16.461442947387695,15.599924087524414,16.424089431762695,869502682
2023-11-13,14.407805442810059,16.256441116333008,14.39018726348877,16.00384521484375,860588317
2023-11-14,13.968098640441895,14.887002944946289,13.557037353515625,14.405027389526367,969166361
2023-11-15,15.017497062683105,15.312110900878906,13.969076156616211,13.969076156616211,791466905
2023-11-16,13.88802433013916,15.170623779296875,13.665895462036133,15.019618034362793,885340024
2023-11-17,13.68433952331543,14.238204956054688,12.952098846435547,13.888394355773926,751633448
2023-11-18,13.74829387664795,13.784717559814453,13.040725708007812,13.68793773651123,473907572
2023-11-19,14.939276695251465,15.017291069030762,13.429086685180664,13.749320030212402,678152582
2023-11-20,14.465622901916504,15.371983528137207,14.426511764526367,14.93897533416748,709689300
2023-11-21,13.5319185256958,14.650261878967285,13.424551010131836,14.467403411865234,812724915
2023-11-22,14.236408233642578,14.596335411071777,13.406854629516602,13.513437271118164,663443199
2023-11-23,14.402031898498535,14.789417266845703,14.172412872314453,14.232728004455566,587203129
2023-11-24,14.46033000946045,14.758118629455566,14.28989315032959,14.402276992797852,484485830
2023-11-25,14.756277084350586,14.934152603149414,14.44787311553955,14.460831642150879,401143324
2023-11-26,14.789013862609863,15.283394813537598,14.563508987426758,14.757086753845215,534766653
2023-11-27,14.20132827758789,15.242313385009766,13.937414169311523,14.787519454956055,629034297
2023-11-28,14.519681930541992,14.672588348388672,13.832695960998535,14.200359344482422,602325961
2023-11-29,14.511725425720215,14.959171295166016,14.450840950012207,14.519965171813965,535989113
2023-11-30,14.404431343078613,14.794313430786133,14.309826850891113,14.51296329498291,519218596
2023-12-01,14.98322868347168,15.015857696533203,14.309394836425781,14.404644966125488,515864142
2023-12-02,15.994240760803223,16.168455123901367,14.940643310546875,14.982871055603027,693342917
2023-12-03,15.7426118850708,16.249324798583984,15.74077320098877,15.993650436401367,549786104
2023-12-04,15.764348983764648,16.350549697875977,15.466705322265625,15.741615295410156,981896557
2023-12-05,15.720780372619629,16.020591735839844,15.222803115844727,15.769146919250488,656438313
2023-12-06,15.29030704498291,16.122791290283203,15.29030704498291,15.721412658691406,702626733
2023-12-07,15.712053298950195,15.781214714050293,14.827383041381836,15.292208671569824,778907366
2023-12-08,16.942026138305664,17.103321075439453,15.595531463623047,15.711419105529785,988810739
2023-12-09,16.218416213989258,17.26832389831543,16.160245895385742,16.938854217529297,865532067
2023-12-10,16.333545684814453,16.432838439941406,15.888251304626465,16.221242904663086,458733835
2023-12-11,14.765364646911621,16.421165466308594,14.312495231628418,16.33810806274414,1146416406
2023-12-12,14.521307945251465,15.114489555358887,14.226643562316895,14.765403747558594,604737208
2023-12-13,14.778791427612305,14.915492057800293,13.975855827331543,14.521306037902832,643456906
2023-12-14,15.393107414245605,15.512604713439941,14.668207168579102,14.77792739868164,716806418
2023-12-15,14.327272415161133,15.393260955810547,14.327272415161133,15.393260955810547,489878330
2023-12-16,14.318156242370605,14.76237678527832,14.198896408081055,14.32780933380127,369999033
2023-12-17,14.020898818969727,14.344747543334961,13.949809074401855,14.31942081451416,336120331
2023-12-18,14.645723342895508,14.64920425415039,13.704800605773926,14.018386840820312,691112282
2023-12-19,14.095596313476562,14.779111862182617,13.983527183532715,14.647416114807129,412165750
2023-12-20,14.225022315979004,14.781496047973633,14.026620864868164,14.095105171203613,446154609
2023-12-21,15.286552429199219,15.286552429199219,14.20758056640625,14.227266311645508,612613684
2023-12-22,15.497312545776367,15.6690673828125,15.128263473510742,15.287428855895996,598902011
2023-12-23,15.687339782714844,15.86966323852539,14.965622901916504,15.496829986572266,560613729
2023-12-24,15.31032657623291,15.918647766113281,15.255575180053711,15.688363075256348,571354195
2023-12-25,15.608394622802734,15.702865600585938,15.181657791137695,15.308767318725586,459143712
2023-12-26,15.090892791748047,15.853294372558594,14.599259376525879,15.607924461364746,590842109
2023-12-27,16.672073364257812,16.672073364257812,14.708950996398926,15.091047286987305,795330265
2023-12-28,16.051332473754883,17.543703079223633,16.040952682495117,16.67852210998535,1136588734
2023-12-29,15.533926010131836,16.20697593688965,15.256011962890625,16.048738479614258,641252306
2023-12-30,15.19324779510498,15.612436294555664,15.080486297607422,15.533536911010742,304404383
2023-12-31,14.946123123168945,15.481535911560059,14.901456832885742,15.19114875793457,346636245
2024-01-01,15.535808563232422,15.559929847717285,14.874287605285645,14.946928024291992,319817917
2024-01-02,15.165292739868164,16.04694938659668,15.118124008178711,15.53764820098877,500000291
2024-01-03,14.150558471679688,15.548996925354004,13.309148788452148,15.165781021118164,861494361
2024-01-04,14.5540189743042,14.75055980682373,14.032012939453125,14.150727272033691,428122958
2024-01-05,14.065112113952637,14.642992973327637,13.85768985748291,14.554085731506348,591619366
2024-01-06,13.42838191986084,14.094762802124023,13.267943382263184,14.067513465881348,379600087
2024-01-07,13.140296936035156,13.714838027954102,13.05752182006836,13.426657676696777,310835368
2024-01-08,14.156993865966797,14.38736343383789,12.648887634277344,13.141215324401855,553717423
2024-01-09,13.705975532531738,14.242671966552734,13.395683288574219,14.157729148864746,546517541
2024-01-10,15.031819343566895,15.310247421264648,13.595141410827637,13.706121444702148,661542902
2024-01-11,15.032686233520508,15.656933784484863,14.633432388305664,15.035154342651367,697822804
2024-01-12,14.134305000305176,15.281560897827148,13.765815734863281,15.031190872192383,577192494
2024-01-13,14.364034652709961,14.421743392944336,13.853371620178223,14.131388664245605,299419280
2024-01-14,14.79709243774414,15.354286193847656,14.301936149597168,14.36369514465332,663453857
2024-01-15,15.195074081420898,15.995445251464844,14.77641773223877,14.792351722717285,707218360
2024-01-16,15.261761665344238,15.34381103515625,14.789871215820312,15.193633079528809,387299706
2024-01-17,15.730317115783691,16.33771514892578,15.261645317077637,15.26165771484375,803102010
2024-01-18,14.649992942810059,15.745418548583984,14.2490234375,15.732048034667969,610064426
2024-01-19,16.04130744934082,16.320892333984375,14.486666679382324,14.649868965148926,826092587
2024-01-20,15.742375373840332,16.52505874633789,15.686576843261719,16.043941497802734,732056419
2024-01-21,15.391012191772461,15.878677368164062,15.391012191772461,15.742951393127441,324358693
2024-01-22,14.544947624206543,15.890238761901855,14.520672798156738,15.391611099243164,708261898
2024-01-23,14.274681091308594,14.858843803405762,13.594902992248535,14.544541358947754,616651164
2024-01-24,14.23513412475586,14.411541938781738,13.927311897277832,14.27546215057373,416405212
2024-01-25,13.757712364196777,14.235353469848633,13.533995628356934,14.235353469848633,335499608
2024-01-26,14.195534706115723,14.279745101928711,13.648445129394531,13.757756233215332,349862980
2024-01-27,14.34029769897461,14.390691757202148,14.103151321411133,14.195385932922363,227717439
2024-01-28,14.517561912536621,14.687256813049316,14.234009742736816,14.341546058654785,330708266
2024-01-29,14.988256454467773,15.063239097595215,14.299774169921875,14.509693145751953,460964052
2024-01-30,15.467368125915527,15.773016929626465,14.913154602050781,14.988558769226074,539457495
2024-01-31,15.39860725402832,16.026805877685547,15.107112884521484,15.46727180480957,741461692
2024-02-01,17.184246063232422,17.35688591003418,15.167569160461426,15.399762153625488,1236597577
2024-02-02,17.791160583496094,18.833101272583008,17.183263778686523,17.183263778686523,1568486381
2024-02-03,17.661924362182617,18.096162796020508,17.535743713378906,17.790956497192383,650741970
2024-02-04,18.17605972290039,18.620283126831055,17.56816864013672,17.66180419921875,702727905
2024-02-05,19.131561279296875,19.684988021850586,17.853174209594727,18.175743103027344,1106380674
2024-02-06,18.29801368713379,19.265439987182617,18.29292869567871,19.13190460205078,675104330
2024-02-07,18.85492515563965,19.043725967407227,18.1020565032959,18.297542572021484,579755784
2024-02-08,18.231304168701172,19.239654541015625,18.06330108642578,18.853782653808594,615473559
2024-02-09,18.46788215637207,18.60782241821289,18.08283042907715,18.230295181274414,565029386
2024-02-10,19.091100692749023,19.091100692749023,18.04984474182129,18.46775245666504,429015962
2024-02-11,20.12895965576172,20.6483097076416,18.88140869140625,19.08588218688965,862425647
2024-02-12,20.491962432861328,20.822092056274414,19.815120697021484,20.13029670715332,848502024
2024-02-13,19.88628387451172,20.576597213745117,19.606748580932617,20.489805221557617,613499013
2024-02-14,20.277942657470703,20.419578552246094,19.745403289794922,19.887086868286133,543487979
2024-02-15,19.94938087463379,20.510305404663086,19.707740783691406,20.277700424194336,544567670
2024-02-16,19.57235336303711,20.30176544189453,19.276447296142578,19.94908905029297,489684939
2024-02-17,20.03460693359375,20.247217178344727,19.303455352783203,19.572494506835938,427306998
2024-02-18,20.096508026123047,20.343292236328125,19.806690216064453,20.03436279296875,356118168
2024-02-19,19.820606231689453,20.21760368347168,19.698467254638672,20.098554611206055,454015884
2024-02-20,19.295194625854492,19.869354248046875,18.706750869750977,19.82036018371582,568223480
2024-02-21,18.58225440979004,19.295188903808594,18.048803329467773,19.295188903808594,495965298
2024-02-22,18.112953186035156,18.999244689941406,18.090539932250977,18.583707809448242,426909233
2024-02-23,17.939098358154297,18.25124168395996,17.66600227355957,18.112075805664062,438465711
2024-02-24,18.52635955810547,18.550090789794922,17.7943115234375,17.9390926361084,274343168
2024-02-25,18.704635620117188,18.822856903076172,18.390518188476562,18.526796340942383,249814543
2024-02-26,19.116256713867188,19.2612247467041,18.174182891845703,18.70410919189453,452194269
2024-02-27,19.036426544189453,19.352935791015625,18.77648162841797,19.115615844726562,477370753
2024-02-28,19.431785583496094,20.623516082763672,18.48804473876953,19.035030364990234,1212477258
2024-02-29,19.287715911865234,20.415945053100586,18.855533599853516,19.434070587158203,832935352
2024-03-01,20.0609073638916,20.084226608276367,19.284038543701172,19.284038543701172,478178080
2024-03-02,21.421598434448242,21.67681121826172,20.02598762512207,20.061025619506836,882798169
2024-03-03,20.513017654418945,21.489763259887695,20.0821590423584,21.42127799987793,649140532
2024-03-04,20.44875717163086,20.86111068725586,19.916492462158203,20.51277732849121,722955368
2024-03-05,19.010520935058594,20.992366790771484,17.208717346191406,20.4491024017334,1277388781
2024-03-06,20.075965881347656,20.145967483520508,18.427453994750977,19.012067794799805,709851913
2024-03-07,20.127426147460938,20.339584350585938,19.64303970336914,20.075965881347656,534632276
2024-03-08,19.741352081298828,20.39038848876953,19.321224212646484,20.126859664916992,590191572
2024-03-09,20.028526306152344,20.343549728393555,19.71990394592285,19.741384506225586,414335240
2024-03-10,21.75461196899414,21.94320297241211,19.520349502563477,20.028533935546875,696612444
2024-03-11,21.289613723754883,22.82524871826172,20.967533111572266,21.753538131713867,1265727284
2024-03-12,20.66677474975586,21.323486328125,19.74997901916504,21.290363311767578,824857503
2024-03-13,20.7681884765625,20.947208404541016,20.26191520690918,20.665733337402344,571777047
2024-03-14,20.906293869018555,21.926925659179688,20.01376724243164,20.768911361694336,1248029437
2024-03-15,19.60538673400879,20.97629737854004,18.68145179748535,20.906373977661133,993744389
2024-03-16,18.12628936767578,19.816816329956055,17.858531951904297,19.605741500854492,655756726
2024-03-17,18.674497604370117,18.798864364624023,17.463088989257812,18.12628936767578,546519270
2024-03-18,18.32435417175293,19.473478317260742,18.07137107849121,18.674497604370117,728929956
2024-03-19,16.809295654296875,18.44158172607422,16.539562225341797,18.32435417175293,935598926
2024-03-20,18.406482696533203,18.49754524230957,16.33765983581543,16.809295654296875,781775324
2024-03-21,18.43138313293457,18.885072708129883,17.947351455688477,18.406482696533203,552786830
2024-03-22,18.290664672851562,18.54477882385254,17.362171173095703,18.43284797668457,497883211
2024-03-23,18.07221794128418,18.463712692260742,17.945194244384766,18.29317283630371,331799170
2024-03-24,18.532669067382812,18.622695922851562,17.998680114746094,18.072227478027344,269868132
2024-03-25,19.359712600708008,19.47170066833496,18.396909713745117,18.532669067382812,441562578
2024-03-26,20.01067543029785,20.70880126953125,19.35177230834961,19.359712600708008,584522231
2024-03-27,19.302181243896484,20.1717529296875,19.018234252929688,20.01068687438965,482866400
2024-03-28,19.16071319580078,19.769563674926758,19.058643341064453,19.30185317993164,383326987
2024-03-29,18.993438720703125,19.279991149902344,18.761672973632812,19.1602725982666,323576664
2024-03-30,18.943042755126953,19.294198989868164,18.8089542388916,18.993350982666016,299629003
2024-03-31,19.137727737426758,19.335132598876953,18.905736923217773,18.943029403686523,295415721
2024-04-01,18.38026237487793,19.268688201904297,17.885051727294922,19.137741088867188,434693139
2024-04-02,17.963333129882812,18.471210479736328,17.54703140258789,18.380250930786133,682013854
2024-04-03,17.706615447998047,18.284156799316406,17.419818878173828,17.963058471679688,402877117
2024-04-04,17.793916702270508,18.24907112121582,17.430511474609375,17.706623077392578,360515168
2024-04-05,17.347497940063477,17.796274185180664,16.901479721069336,17.793903350830078,359156924
2024-04-06,17.57422637939453,17.657634735107422,17.293745040893555,17.347497940063477,215699150
2024-04-07,17.922143936157227,17.935413360595703,17.51726722717285,17.57422637939453,236284729
2024-04-08,18.100648880004883,18.651395797729492,17.570819854736328,17.92213249206543,411741273
2024-04-09,17.36273765563965,18.161100387573242,17.280458450317383,18.100597381591797,351149960
2024-04-10,17.42534637451172,17.567617416381836,16.989839553833008,17.36273765563965,369699835
2024-04-11,17.550020217895508,17.611204147338867,17.03974723815918,17.42537498474121,266199104
2024-04-12,15.157100677490234,17.85430908203125,14.031359672546387,17.550020217895508,943280038
2024-04-13,13.3458251953125,15.38916015625,11.99967098236084,15.157198905944824,1021815308
2024-04-14,14.119750022888184,14.230466842651367,12.781405448913574,13.3458251953125,727188553
2024-04-15,13.582572937011719,14.655649185180664,13.28430461883545,14.119806289672852,563637578
2024-04-16,13.488032341003418,13.795145034790039,12.858682632446289,13.582938194274902,420986231
2024-04-17,13.135204315185547,13.600729942321777,12.787416458129883,13.48802661895752,376238309
2024-04-18,13.89305305480957,13.954026222229004,12.852895736694336,13.135266304016113,348386193
2024-04-19,13.966599464416504,14.09622573852539,12.80741024017334,13.89305305480957,480090077
2024-04-20,14.964591979980469,15.033140182495117,13.791419982910156,13.966575622558594,316011013
2024-04-21,15.080411911010742,15.096563339233398,14.594050407409668,14.964591979980469,253842937
2024-04-22,15.465097427368164,16.014923095703125,15.046110153198242,15.080377578735352,402180030
2024-04-23,15.196627616882324,15.568509101867676,15.133588790893555,15.465097427368164,286424072
2024-04-24,14.537848472595215,15.62138557434082,14.376786231994629,15.196627616882324,389775170
2024-04-25,14.599360466003418,14.881219863891602,14.379462242126465,14.53818416595459,338321602
2024-04-26,14.480972290039062,14.907397270202637,14.383587837219238,14.599360466003418,284590210
2024-04-27,14.252129554748535,14.510931968688965,13.892359733581543,14.480972290039062,307273968
2024-04-28,13.808069229125977,14.42255687713623,13.759086608886719,14.252129554748535,216493199
2024-04-29,14.073784828186035,14.16159439086914,13.75177001953125,13.808037757873535,277693637
2024-04-30,13.13352108001709,14.189181327819824,12.831116676330566,14.073822021484375,352023291
2024-05-01,13.344388008117676,13.415224075317383,12.4508638381958,13.133502960205078,445362231
2024-05-02,13.59581470489502,13.764080047607422,12.950907707214355,13.344223976135254,267992086
2024-05-03,14.109475135803223,14.20153522491455,13.488728523254395,13.59581470489502,259541877
2024-05-04,14.31827163696289,14.466255187988281,14.01676082611084,14.109318733215332,235116388
2024-05-05,14.375481605529785,14.645101547241211,14.133519172668457,14.318087577819824,190221873
2024-05-06,14.50192928314209,15.149190902709961,14.299753189086914,14.375450134277344,327871724
2024-05-07,14.01184368133545,14.70867919921875,14.01162338256836,14.501947402954102,287437444
2024-05-08,13.899291038513184,14.083839416503906,13.718222618103027,14.011879920959473,288578177
2024-05-09,14.23800277709961,14.355130195617676,13.873662948608398,13.899291038513184,274558746
2024-05-10,13.568572998046875,14.35779857635498,13.511829376220703,14.238020896911621,274927954
2024-05-11,13.301305770874023,13.796143531799316,13.296911239624023,13.56857681274414,178142021
2024-05-12,13.546971321105957,13.578140258789062,13.300753593444824,13.301321029663086,148721859
2024-05-13,13.378436088562012,13.651914596557617,13.093815803527832,13.54695987701416,270312590
2024-05-14,12.975332260131836,13.570034980773926,12.958799362182617,13.378436088562012,307433873
2024-05-15,13.888160705566406,13.932564735412598,12.852518081665039,12.975312232971191,334698566
2024-05-16,15.509692192077637,15.821798324584961,13.565376281738281,13.888228416442871,768021706
2024-05-17,16.252931594848633,16.721471786499023,15.50969409942627,15.50969409942627,1042969872
2024-05-18,16.31100845336914,16.543102264404297,16.074989318847656,16.252887725830078,450272670
2024-05-19,16.581558227539062,17.08928108215332,16.31101417541504,16.31101417541504,641616268
2024-05-20,17.277952194213867,17.422252655029297,16.41546630859375,16.581558227539062,824464152
2024-05-21,16.735185623168945,17.410146713256836,16.543306350708008,17.277971267700195,633488502
2024-05-22,16.347694396972656,16.90926742553711,16.216976165771484,16.735435485839844,483145571
2024-05-23,16.605215072631836,16.785688400268555,15.579686164855957,16.347694396972656,686601809
2024-05-24,17.247709274291992,17.739299774169922,16.572744369506836,16.605215072631836,860300760
2024-05-25,17.441204071044922,17.45404624938965,16.94019317626953,17.247716903686523,337765481
2024-05-26,17.046470642089844,17.876766204833984,17.02984619140625,17.441211700439453,404129461
2024-05-27,18.778060913085938,18.82194709777832,16.909748077392578,17.046470642089844,704861560
2024-05-28,18.52767562866211,18.796405792236328,17.893945693969727,18.778074264526367,708852334
2024-05-29,18.452091217041016,19.163124084472656,18.056615829467773,18.52767562866211,595061486
2024-05-30,17.944950103759766,19.159082412719727,17.819229125976562,18.452104568481445,526063170
2024-05-31,18.422332763671875,18.695404052734375,17.486282348632812,17.944950103759766,448722915
2024-06-01,18.41452407836914,18.644102096557617,18.273914337158203,18.422243118286133,269013473
2024-06-02,18.148576736450195,18.53378677368164,18.07832145690918,18.41452407836914,271283314
2024-06-03,17.613609313964844,18.330148696899414,17.555862426757812,18.1485595703125,400610531
2024-06-04,17.72248077392578,17.8302001953125,17.51177215576172,17.61363410949707,324500129
2024-06-05,17.738054275512695,18.05718994140625,17.634641647338867,17.72248077392578,353065835
2024-06-06,17.268896102905273,17.763635635375977,17.136850357055664,17.738054275512695,410216703
2024-06-07,16.32770347595215,17.68723487854004,15.567102432250977,17.268896102905273,568559896
2024-06-08,15.944519996643066,16.40069007873535,15.734892845153809,16.326549530029297,298164921
2024-06-09,16.357593536376953,16.364234924316406,15.91950511932373,15.944357872009277,230054857
2024-06-10,15.89479923248291,16.37598419189453,15.785758972167969,16.35753059387207,329815113
2024-06-11,14.996339797973633,15.89627456665039,14.6956787109375,15.895237922668457,459267280
2024-06-12,16.001293182373047,16.224266052246094,14.769211769104004,14.995444297790527,449317940
2024-06-13,15.136268615722656,16.02467918395996,15.085171699523926,16.001806259155273,326760126
2024-06-14,14.741475105285645,15.438286781311035,14.48660945892334,15.135367393493652,358610741
2024-06-15,14.858819961547852,15.090065002441406,14.715335845947266,14.739990234375,212655249
2024-06-16,15.126066207885742,15.2034912109375,14.594244956970215,14.858386993408203,205762702
2024-06-17,14.534425735473633,15.192699432373047,14.062858581542969,15.125911712646484,347472612
2024-06-18,13.96777057647705,14.58327579498291,13.119523048400879,14.533722877502441,537842068
2024-06-19,14.334752082824707,14.482510566711426,13.924068450927734,13.96690845489502,271728905
2024-06-20,14.259183883666992,14.820920944213867,14.209382057189941,14.334752082824707,270709807
2024-06-21,13.862212181091309,14.576876640319824,13.862212181091309,14.258193969726562,336220670
2024-06-22,13.48008918762207,13.89426326751709,13.48008918762207,13.861446380615234,188504812
2024-06-23,13.177005767822266,13.663207054138184,13.15416431427002,13.479683876037598,188198887
2024-06-24,13.614714622497559,13.665404319763184,12.849995613098145,13.177666664123535,416898044
2024-06-25,14.195656776428223,14.273918151855469,13.582100868225098,13.614340782165527,283801977
2024-06-26,13.904292106628418,14.274323463439941,13.872239112854004,14.195709228515625,213713267
2024-06-27,14.387674331665039,14.521854400634766,13.597926139831543,13.904524803161621,292630617
2024-06-28,13.75875473022461,14.555310249328613,13.748739242553711,14.387800216674805,276493674
2024-06-29,13.511537551879883,14.130751609802246,13.483731269836426,13.758665084838867,189101546
2024-06-30,14.260198593139648,14.305947303771973,13.452871322631836,13.511879920959473,213330707
2024-07-01,14.327778816223145,14.542048454284668,14.232126235961914,14.258776664733887,252194482
2024-07-02,14.404244422912598,14.717906951904297,14.251063346862793,14.327308654785156,269740901
2024-07-03,13.620819091796875,14.551860809326172,13.575737953186035,14.403264999389648,469740295
2024-07-04,12.553675651550293,13.712814331054688,12.553675651550293,13.615341186523438,526876637
2024-07-05,12.305855751037598,12.5511474609375,11.161290168762207,12.5511474609375,711287457
2024-07-06,13.201163291931152,13.262130737304688,12.220009803771973,12.306089401245117,269207422
2024-07-07,12.351334571838379,13.198487281799316,12.309900283813477,13.198487281799316,243663129
2024-07-08,13.114887237548828,13.5100679397583,11.82588005065918,12.352208137512207,475712040
2024-07-09,12.820453643798828,13.263107299804688,12.752654075622559,13.114839553833008,364986619
2024-07-10,12.796518325805664,13.143470764160156,12.707423210144043,12.822996139526367,280522697
2024-07-11,12.350228309631348,13.108009338378906,12.314945220947266,12.795904159545898,315921152
2024-07-12,12.738323211669922,12.809008598327637,12.251700401306152,12.34994888305664,292274926
2024-07-13,13.021286964416504,13.103643417358398,12.71727466583252,12.738263130187988,215830414
2024-07-14,13.426870346069336,13.514665603637695,12.918180465698242,13.021419525146484,279400255
2024-07-15,14.422126770019531,14.483896255493164,13.423406600952148,13.428810119628906,373310473
2024-07-16,14.221345901489258,14.60416030883789,13.846369743347168,14.419722557067871,385605505
2024-07-17,13.754619598388672,14.497535705566406,13.745590209960938,14.221266746520996,309881695
2024-07-18,13.600837707519531,13.976606369018555,13.434306144714355,13.753578186035156,290769371
2024-07-19,14.075929641723633,14.13770866394043,13.382308006286621,13.600456237792969,305963751
2024-07-20,14.26817512512207,14.32972240447998,13.886573791503906,14.075899124145508,226135145
2024-07-21,14.806570053100586,15.000847816467285,13.98023796081543,14.26818561553955,395306788
2024-07-22,13.929006576538086,14.859349250793457,13.829578399658203,14.806427001953125,289965228
2024-07-23,13.919931411743164,14.139090538024902,13.541321754455566,13.929094314575195,269095937
2024-07-24,13.395511627197266,13.938982009887695,13.277823448181152,13.920039176940918,233124473
2024-07-25,12.946199417114258,13.437110900878906,12.503412246704102,13.395669937133789,301105500
2024-07-26,13.54045295715332,13.631189346313477,12.927762985229492,12.946199417114258,212601622
2024-07-27,13.567426681518555,13.869378089904785,13.318658828735352,13.540304183959961,231771370
2024-07-28,13.293225288391113,13.635148048400879,13.212786674499512,13.567426681518555,157751665
2024-07-29,13.543046951293945,13.889019966125488,13.293144226074219,13.293230056762695,255822065
2024-07-30,13.140531539916992,13.779858589172363,13.02108383178711,13.542949676513672,240565544
2024-07-31,12.82884693145752,13.376241683959961,12.789825439453125,13.140620231628418,239679257
2024-08-01,12.89976692199707,13.076332092285156,12.200796127319336,12.829081535339355,272062327
2024-08-02,11.917962074279785,12.916152954101562,11.787346839904785,12.899447441101074,314138916
2024-08-03,11.70133113861084,12.110445976257324,11.374035835266113,11.917908668518066,241776944
2024-08-04,10.871526718139648,11.762271881103516,10.534318923950195,11.70077896118164,278122991
2024-08-05,9.501569747924805,10.944942474365234,8.137648582458496,10.871435165405273,1142261467
2024-08-06,10.0545654296875,10.449228286743164,9.495055198669434,9.501448631286621,396728365
2024-08-07,9.485442161560059,10.4685640335083,9.456437110900879,10.054842948913574,302644187
2024-08-08,10.736471176147461,10.798641204833984,9.389754295349121,9.485437393188477,288589316
2024-08-09,10.548673629760742,10.744385719299316,10.180597305297852,10.736425399780273,212990056
2024-08-10,10.554250717163086,10.700221061706543,10.490249633789062,10.548673629760742,152251901
2024-08-11,10.008923530578613,10.826677322387695,9.977005958557129,10.554383277893066,180957481
2024-08-12,10.557686805725098,10.733485221862793,9.962285041809082,10.008916854858398,262337289
2024-08-13,10.576763153076172,10.67758846282959,10.121599197387695,10.55764389038086,217110440
2024-08-14,10.401407241821289,10.71323013305664,10.250441551208496,10.576813697814941,206092648
2024-08-15,10.173847198486328,10.680227279663086,10.01650333404541,10.401407241821289,229323491
2024-08-16,10.143065452575684,10.3893404006958,9.951396942138672,10.173847198486328,197406574
2024-08-17,10.150433540344238,10.168416023254395,10.048598289489746,10.143065452575684,115805727
2024-08-18,10.095947265625,10.458497047424316,10.073819160461426,10.150433540344238,152329338
2024-08-19,10.183764457702637,10.186885833740234,9.967269897460938,10.095891952514648,172655809
2024-08-20,10.245038986206055,10.536776542663574,10.067704200744629,10.184026718139648,189707066
2024-08-21,11.214466094970703,11.366964340209961,10.185591697692871,10.245125770568848,266210718
2024-08-22,11.467951774597168,11.608884811401367,11.186467170715332,11.214466094970703,242400239
2024-08-23,12.062475204467773,12.187732696533203,11.467907905578613,11.467951774597168,267007311
2024-08-24,12.347853660583496,12.535622596740723,11.922675132751465,12.062450408935547,208071001
2024-08-25,12.108485221862793,12.351366996765137,11.97705078125,12.347844123840332,208578445
2024-08-26,11.854799270629883,12.678086280822754,11.854799270629883,12.108505249023438,297094202
2024-08-27,11.170317649841309,12.044462203979492,10.968033790588379,11.854829788208008,265972965
2024-08-28,11.181870460510254,11.692720413208008,10.98044490814209,11.170317649841309,281750355
2024-08-29,10.937602996826172,11.452714920043945,10.847126960754395,11.18185806274414,192295246
2024-08-30,11.119160652160645,11.184162139892578,10.535093307495117,10.93757152557373,203280697
2024-08-31,11.024574279785156,11.194512367248535,10.961421966552734,11.119154930114746,111938448
2024-09-01,10.372398376464844,11.025275230407715,10.269527435302734,11.024554252624512,163852806
2024-09-02,10.761754989624023,10.811654090881348,10.34278678894043,10.372398376464844,165089220
2024-09-03,10.314515113830566,10.86128044128418,10.224671363830566,10.761734008789062,177508453
2024-09-04,10.335187911987305,10.485757827758789,9.946290969848633,10.314717292785645,230264779
2024-09-05,10.016019821166992,10.386664390563965,9.927684783935547,10.335188865661621,166788090
2024-09-06,9.575072288513184,10.171409606933594,9.337709426879883,10.016039848327637,275351521
2024-09-07,10.018677711486816,10.15163803100586,9.567692756652832,9.575072288513184,162278968
2024-09-08,10.335866928100586,10.445469856262207,9.98128604888916,10.018677711486816,161848162
2024-09-09,10.545119285583496,10.804430961608887,10.296896934509277,10.335866928100586,260723237
2024-09-10,10.597155570983887,10.711577415466309,10.352102279663086,10.544769287109375,186992740
2024-09-11,10.406829833984375,10.59736442565918,10.196114540100098,10.597155570983887,197449932
2024-09-12,10.786038398742676,10.797333717346191,10.400274276733398,10.406829833984375,175795054
2024-09-13,11.458701133728027,11.545028686523438,10.655502319335938,10.786038398742676,262157503
2024-09-14,11.297834396362305,11.469806671142578,11.259657859802246,11.458690643310547,135369032
2024-09-15,10.823186874389648,11.349872589111328,10.820045471191406,11.297843933105469,137514241
2024-09-16,10.554821014404297,10.823189735412598,10.42856502532959,10.823186874389648,202971092
2024-09-17,10.627530097961426,10.910009384155273,10.45042610168457,10.554814338684082,202234601
2024-09-18,10.853248596191406,10.853248596191406,10.308819770812988,10.627530097961426,227369163
2024-09-19,11.205124855041504,11.389837265014648,10.853318214416504,10.853318214416504,268298751
2024-09-20,11.426664352416992,11.725863456726074,11.136523246765137,11.205124855041504,264736260
2024-09-21,11.51356315612793,11.537297248840332,11.227472305297852,11.426664352416992,160550928
2024-09-22,11.132943153381348,11.535246849060059,10.874297142028809,11.513554573059082,184692439
2024-09-23,11.398932456970215,11.583003044128418,10.969532012939453,11.132881164550781,246653492
2024-09-24,12.162094116210938,12.217344284057617,11.217415809631348,11.398948669433594,307571799
2024-09-25,12.111525535583496,12.540008544921875,12.088472366333008,12.16183853149414,319449283
2024-09-26,12.551836967468262,12.727975845336914,11.896232604980469,12.111525535583496,356223097
2024-09-27,12.680974960327148,12.870658874511719,12.468423843383789,12.55159854888916,323611124
2024-09-28,12.943387985229492,12.961899757385254,12.408324241638184,12.680974960327148,269071613
2024-09-29,12.48232364654541,12.966425895690918,12.452469825744629,12.943346977233887,218137120
2024-09-30,11.85057258605957,12.482575416564941,11.782835006713867,12.48232364654541,274422925
2024-10-01,11.025396347045898,12.237958908081055,10.939773559570312,11.85063362121582,424150401
2024-10-02,10.662163734436035,11.299097061157227,10.494516372680664,11.025368690490723,368791526
2024-10-03,10.650412559509277,10.855036735534668,10.376425743103027,10.662192344665527,317041167
2024-10-04,11.068582534790039,11.22384262084961,10.612095832824707,10.650394439697266,253154369
2024-10-05,11.261728286743164,11.371917724609375,11.014540672302246,11.068582534790039,173569781
2024-10-06,11.276307106018066,11.382131576538086,11.169724464416504,11.261728286743164,190937920
2024-10-07,11.160425186157227,11.708335876464844,11.149279594421387,11.276803016662598,297457488
2024-10-08,10.825778007507324,11.27587604522705,10.802026748657227,11.160249710083008,247319378
2024-10-09,10.529767990112305,10.947110176086426,10.424873352050781,10.825807571411133,245132633
2024-10-10,10.538860321044922,10.716479301452637,10.271653175354004,10.52972412109375,241793671
2024-10-11,10.898591995239258,11.013775825500488,10.507064819335938,10.538849830627441,211372452
2024-10-12,11.0164155960083,11.131552696228027,10.847723960876465,10.898591995239258,179211166
2024-10-13,10.731656074523926,11.060730934143066,10.636665344238281,11.016341209411621,179090693
2024-10-14,11.26422119140625,11.311012268066406,10.615804672241211,10.731656074523926,260457834
2024-10-15,11.436711311340332,11.65633487701416,10.961629867553711,11.264203071594238,383457428
2024-10-16,11.238662719726562,11.500997543334961,11.093914985656738,11.436676025390625,228762428
2024-10-17,11.021685600280762,11.338802337646484,10.871143341064453,11.238662719726562,188551247
2024-10-18,11.477060317993164,11.487777709960938,10.987104415893555,11.02193546295166,205269384
2024-10-19,11.42170238494873,11.588594436645508,11.309085845947266,11.477060317993164,131526055
2024-10-20,11.962789535522461,12.015083312988281,11.29038143157959,11.421721458435059,203541679
2024-10-21,11.709382057189941,12.00901985168457,11.563398361206055,11.962789535522461,211544360
2024-10-22,11.966221809387207,12.306395530700684,11.624059677124023,11.709382057189941,336070700
2024-10-23,11.24693775177002,11.985514640808105,11.032395362854004,11.966221809387207,245788917
2024-10-24,11.59044075012207,11.62044620513916,11.230501174926758,11.326855659484863,201993438
2024-10-25,11.09341812133789,12.068778038024902,10.868555068969727,11.590865135192871,406106538
2024-10-26,11.00280475616455,11.362091064453125,10.834426879882812,11.093274116516113,251606285
2024-10-27,10.980671882629395,11.1443452835083,10.859156608581543,11.002785682678223,149703512
2024-10-28,11.178171157836914,11.216483116149902,10.723155975341797,10.980671882629395,248215951
2024-10-29,11.788102149963379,11.788113594055176,11.15477180480957,11.178133010864258,264676457
2024-10-30,12.394707679748535,12.433547973632812,11.682046890258789,11.788434028625488,324062861
2024-10-31,11.422245979309082,12.412105560302734,11.332402229309082,12.394707679748535,280885201
2024-11-01,11.265908241271973,11.701598167419434,11.182896614074707,11.422303199768066,305584671
2024-11-02,11.174641609191895,11.384263038635254,11.101263999938965,11.265892028808594,199878120
2024-11-03,10.764084815979004,11.214405059814453,10.537811279296875,11.174641609191895,279022372
2024-11-04,10.2481689453125,10.884852409362793,10.108696937561035,10.764057159423828,283380682
2024-11-05,10.842791557312012,10.921979904174805,10.2019681930542,10.2481689453125,245012518
2024-11-06,12.168525695800781,12.291268348693848,10.82515811920166,10.84281063079834,561632526
2024-11-07,12.606694221496582,12.677818298339844,12.090215682983398,12.168517112731934,418031721
2024-11-08,13.718581199645996,13.74239444732666,12.551811218261719,12.606698989868164,593832536
2024-11-09,13.762722969055176,13.804889678955078,13.310078620910645,13.71864128112793,399927256
2024-11-10,14.289252281188965,14.836310386657715,13.707151412963867,13.762983322143555,883029552
2024-11-11,14.895793914794922,14.903121948242188,13.672368049621582,14.289202690124512,920385060
2024-11-12,14.004612922668457,15.316909790039062,13.716687202453613,14.895793914794922,1120172988
2024-11-13,13.475764274597168,14.371114730834961,13.103652954101562,14.00414752960205,910258164
2024-11-14,12.971002578735352,13.812694549560547,12.856063842773438,13.47575855255127,689991231
2024-11-15,13.84998893737793,13.884851455688477,12.746133804321289,12.971158981323242,645867168
2024-11-16,14.526206016540527,14.770939826965332,13.76286506652832,13.824383735656738,756646648
2024-11-17,13.778284072875977,14.855191230773926,13.598990440368652,14.526206016540527,641164136
2024-11-18,15.22088623046875,15.96382999420166,13.777181625366211,13.778369903564453,1002271157
2024-11-19,14.646309852600098,15.404451370239258,14.480917930603027,15.220763206481934,618752857
2024-11-20,14.247101783752441,15.288311958312988,14.07448673248291,14.646294593811035,719119033
2024-11-21,14.908040046691895,15.36253833770752,13.879337310791016,14.247103691101074,781024436
2024-11-22,16.531856536865234,16.55234146118164,14.75843620300293,14.908306121826172,1153932720
2024-11-23,17.38550567626953,18.247535705566406,16.34809684753418,16.531831741333008,1521291265
2024-11-24,17.94485855102539,18.285884857177734,16.251710891723633,17.385408401489258,1141728333
2024-11-25,17.387096405029297,19.00322723388672,17.18935203552246,17.944644927978516,1289484781
2024-11-26,17.338844299316406,17.800683975219727,16.255496978759766,17.386852264404297,879962495
2024-11-27,18.696128845214844,18.97032356262207,17.021699905395508,17.338848114013672,946737979
2024-11-28,17.960947036743164,18.699745178222656,17.528181076049805,18.69670867919922,627681116
2024-11-29,18.2906436920166,18.383203506469727,17.555191040039062,17.96095085144043,522913952
2024-11-30,19.022661209106445,19.402557373046875,17.980148315429688,18.2898006439209,726534738
2024-12-01,18.889429092407227,19.075044631958008,18.47825813293457,19.022445678710938,638179234
2024-12-02,25.091211318969727,26.50433349609375,18.658784866333008,18.889631271362305,8935516000
2024-12-03,24.2171630859375,26.10818862915039,22.991727828979492,25.091636657714844,3344542573
2024-12-04,24.105140686035156,26.315021514892578,23.68952751159668,24.21832275390625,2233316427
2024-12-05,23.40096664428711,24.731903076171875,23.051584243774414,24.1053466796875,1655548492
2024-12-06,25.811050415039062,25.923297882080078,22.894182205200195,23.172365188598633,1464133424
2024-12-07,24.800466537475586,26.771257400512695,24.497116088867188,25.811050415039062,1206894646
2024-12-08,26.144575119018555,27.36673355102539,24.727243423461914,24.992809295654297,1667077604
2024-12-09,22.34653663635254,27.26143455505371,20.42302131652832,26.14444351196289,3032910891
2024-12-10,22.216991424560547,23.72846221923828,20.381397247314453,22.346227645874023,2284650070
2024-12-11,24.093059539794922,24.300079345703125,21.222572326660156,22.216453552246094,1251318584
2024-12-12,29.28685188293457,29.372716903686523,23.959087371826172,24.093076705932617,3621233210
2024-12-13,29.024141311645508,30.80512809753418,27.62576675415039,29.284948348999023,2694601058
2024-12-14,29.112491607666016,30.688148498535156,28.79515266418457,29.024141311645508,2225370019
2024-12-15,29.2235107421875,29.743661880493164,28.064306259155273,29.112117767333984,1417091998
2024-12-16,28.744182586669922,30.723875045776367,28.45172119140625,29.224504470825195,2177945359
2024-12-17,27.823747634887695,28.975662231445312,27.458477020263672,28.744182586669922,1448603677
2024-12-18,24.89114761352539,28.2781925201416,24.796968460083008,27.824840545654297,1830073362
2024-12-19,22.892488479614258,25.54539680480957,21.836851119995117,24.891292572021484,2183321673
2024-12-20,23.364501953125,23.641067504882812,20.062328338623047,22.89216423034668,2000689009
2024-12-21,22.126737594604492,24.886436462402344,21.84805679321289,23.364578247070312,1290476904
2024-12-22,22.04706573486328,22.685020446777344,21.375946044921875,22.126169204711914,760283071
2024-12-23,24.479013442993164,24.894193649291992,21.54749870300293,22.047758102416992,1418414647
2024-12-24,25.439577102661133,25.9332275390625,23.591999053955078,24.47906494140625,1325641262
2024-12-25,24.431169509887695,25.53032112121582,24.21030616760254,25.439491271972656,815332957
2024-12-26,22.65229034423828,24.640653610229492,22.4621639251709,24.430788040161133,756276597
2024-12-27,21.529094696044922,23.62131690979004,21.397489547729492,22.652193069458008,829602107
2024-12-28,21.966081619262695,22.28091049194336,21.05872344970703,21.529010772705078,729747342
2024-12-29,20.938785552978516,21.96608543395996,20.775402069091797,21.96608543395996,456858346
2024-12-30,20.583473205566406,21.73308563232422,20.104463577270508,20.938501358032227,728410628
2024-12-31,20.001365661621094,21.073659896850586,19.856895446777344,20.583101272583008,597468330
2025-01-01,21.67484474182129,21.77120018005371,19.707378387451172,20.001163482666016,670017230
2025-01-02,22.040437698364258,22.829362869262695,21.672687530517578,21.674785614013672,893194042
2025-01-03,23.39835548400879,23.855545043945312,21.691131591796875,22.03972625732422,902211829
2025-01-04,23.613359451293945,23.980871200561523,22.910024642944336,23.398448944091797,605411727
2025-01-05,23.63523292541504,23.771909713745117,22.903310775756836,23.612783432006836,503863576
2025-01-06,23.81981086730957,24.716794967651367,23.06023597717285,23.634838104248047,947119470
2025-01-07,21.39488410949707,23.832096099853516,21.260679244995117,23.820362091064453,982938164
2025-01-08,20.45516014099121,21.67677879333496,19.706830978393555,21.394777297973633,897360357
2025-01-09,19.645790100097656,20.698904037475586,19.206344604492188,20.455177307128906,722680069
2025-01-10,20.266521453857422,20.495519638061523,19.591350555419922,19.645750045776367,680376562
2025-01-11,20.192392349243164,20.66607666015625,19.85101318359375,20.266447067260742,382790796
2025-01-12,19.837339401245117,20.297443389892578,19.613027572631836,20.192604064941406,364944821
2025-01-13,19.361106872558594,20.375051498413086,17.954565048217773,19.837339401245117,883044871
2025-01-14,20.310087203979492,20.474609375,19.277204513549805,19.36130142211914,471632306
2025-01-15,22.114240646362305,22.12666130065918,20.12194061279297,20.310041427612305,771864744
2025-01-16,23.005603790283203,23.7116641998291,21.343748092651367,22.1141414642334,985313277
2025-01-17,25.112716674804688,25.198850631713867,23.004961013793945,23.005523681640625,830368719
2025-01-18,24.112377166748047,25.61128807067871,23.414684295654297,25.112756729125977,985292868
2025-01-19,24.2492733001709,26.564298629760742,22.2674560546875,24.11290168762207,2207793074
2025-01-20,25.068965911865234,26.791934967041016,23.4840145111084,24.2491512298584,2772617759
2025-01-21,26.594463348388672,27.026363372802734,23.723478317260742,25.068876266479492,1503292294
2025-01-22,25.2911434173584,27.01178741455078,25.231618881225586,26.595422744750977,682045028
2025-01-23,25.655147552490234,26.09185028076172,24.02610206604004,25.290746688842773,1122706692
2025-01-24,25.189668655395508,26.382143020629883,24.96661376953125,25.654977798461914,753379589
2025-01-25,24.92470932006836,25.392475128173828,24.753358840942383,25.189733505249023,432619000
2025-01-26,24.911712646484375,26.35795783996582,24.898754119873047,24.92491912841797,559922551
2025-01-27,24.14933967590332,25.08004379272461,22.235393524169922,24.9117431640625,1167837939
2025-01-28,22.615997314453125,24.623937606811523,22.415651321411133,24.14975357055664,620292730
2025-01-29,23.62223243713379,24.423309326171875,22.37776756286621,22.615798950195312,742845725
2025-01-30,24.47380828857422,25.159801483154297,23.471900939941406,23.622867584228516,592604517
2025-01-31,25.148338317871094,26.263757705688477,24.18324851989746,24.473424911499023,778500220
2025-02-01,23.048158645629883,25.9173641204834,22.836584091186523,25.14853286743164,634426010
2025-02-02,20.42749786376953,23.294618606567383,19.59543228149414,23.048139572143555,1251773899
2025-02-03,21.643274307250977,21.977678298950195,16.348777770996094,20.428348541259766,2756991354
2025-02-04,20.0632381439209,21.690210342407227,19.371164321899414,21.643417358398438,1048262867
2025-02-05,19.204370498657227,20.2470645904541,19.028745651245117,20.063220977783203,624337905
2025-02-06,18.59428596496582,19.890478134155273,18.489131927490234,19.204143524169922,523730063
2025-02-07,18.386972427368164,19.787992477416992,17.839513778686523,18.594465255737305,604860660
2025-02-08,18.464569091796875,18.581850051879883,17.926759719848633,18.38692855834961,311371217
2025-02-09,18.30515480041504,18.966943740844727,17.4949893951416,18.46430778503418,402859007
2025-02-10,18.766145706176758,19.090980529785156,17.722257614135742,18.304838180541992,427544711
2025-02-11,18.642301559448242,19.76460838317871,18.31439208984375,18.766422271728516,495570806
2025-02-12,19.180673599243164,19.44901466369629,17.807748794555664,18.642303466796875,613343794
2025-02-13,18.558940887451172,19.314369201660156,18.243806838989258,19.181020736694336,371819159
2025-02-14,19.41437530517578,19.812788009643555,18.484304428100586,18.558338165283203,444394414
2025-02-15,18.98305892944336,19.630155563354492,18.77332878112793,19.41385269165039,279323677
2025-02-16,18.70529556274414,19.23417091369629,18.623245239257812,18.983190536499023,271286026
2025-02-17,19.099895477294922,19.77117347717285,18.504398345947266,18.705150604248047,501421048
2025-02-18,17.83260726928711,19.171762466430664,17.315549850463867,19.099872589111328,546007440
2025-02-19,17.978578567504883,18.150611877441406,17.482805252075195,17.832786560058594,361053756
2025-02-20,18.298744201660156,18.442869186401367,17.85224723815918,17.978527069091797,399718267
2025-02-21,17.39421272277832,19.02232551574707,17.143821716308594,18.29822540283203,670200126
2025-02-22,17.76429557800293,18.015968322753906,17.35405158996582,17.39421272277832,326060251
2025-02-23,17.6387882232666,18.118183135986328,17.454648971557617,17.7639102935791,260701498
2025-02-24,15.247294425964355,17.723520278930664,15.196682929992676,17.637786865234375,658369317
2025-02-25,15.29446029663086,15.542108535766602,14.164986610412598,15.247688293457031,1116730684
2025-02-26,15.207539558410645,15.6930513381958,14.721742630004883,15.294646263122559,664108244
2025-02-27,15.106882095336914,15.73945140838623,14.809857368469238,15.207530975341797,362959025
2025-02-28,14.81668758392334,15.140673637390137,13.476812362670898,15.10644245147705,638932904
2025-03-01,14.788805961608887,15.121204376220703,14.244669914245605,14.81674575805664,315668142
2025-03-02,17.41300392150879,17.450847625732422,14.444910049438477,14.788805961608887,852155445
2025-03-03,14.450200080871582,17.422916412353516,14.418973922729492,17.41324234008789,750905984
2025-03-04,14.875398635864258,15.289105415344238,13.172624588012695,14.450187683105469,855095310
2025-03-05,16.462270736694336,16.56216812133789,14.658366203308105,14.875064849853516,868379407
2025-03-06,17.070051193237305,17.621931076049805,16.413612365722656,16.462299346923828,1078605152
2025-03-07,15.938858985900879,17.469846725463867,15.782978057861328,17.07008171081543,1180712381
2025-03-08,15.251073837280273,15.997062683105469,15.156147003173828,15.93886661529541,425972812
2025-03-09,13.77341079711914,15.335953712463379,13.65831184387207,15.25107192993164,472696909
2025-03-10,12.69313907623291,14.512513160705566,12.474601745605469,13.77341079711914,728406483
2025-03-11,13.099883079528809,13.622076034545898,11.94257926940918,12.692466735839844,816961576
2025-03-12,13.482376098632812,13.773078918457031,12.667600631713867,13.099726676940918,583352599
2025-03-13,13.027454376220703,13.541891098022461,12.741003036499023,13.482376098632812,364752318
2025-03-14,13.679569244384766,14.650102615356445,13.01618480682373,13.027454376220703,987360764
2025-03-15,14.037820816040039,14.227458953857422,13.668221473693848,13.678984642028809,322037634
2025-03-16,13.371051788330078,14.165285110473633,13.240715026855469,14.03771686553955,285275119
2025-03-17,14.035404205322266,14.21088695526123,13.365700721740723,13.370881080627441,341264522
2025-03-18,13.92329216003418,14.223532676696777,13.499043464660645,14.035332679748535,324927311
2025-03-19,15.012786865234375,15.018282890319824,13.794672966003418,13.92329216003418,522294649
2025-03-20,14.215102195739746,15.105804443359375,14.104474067687988,15.014127731323242,323567352
2025-03-21,13.95905876159668,14.37282657623291,13.847296714782715,14.21510124206543,221482760
2025-03-22,14.22672176361084,14.485215187072754,13.949766159057617,13.9591646194458,193855290
2025-03-23,14.435689926147461,14.470629692077637,14.226696968078613,14.226696968078613,219487165
2025-03-24,15.089212417602539,15.32787799835205,14.180116653442383,14.435345649719238,412387400
2025-03-25,15.455079078674316,15.582963943481445,14.894515991210938,15.08984661102295,325368585
2025-03-26,15.259174346923828,15.990032196044922,14.98615837097168,15.456178665161133,371764957
2025-03-27,15.507801055908203,15.771846771240234,15.19495677947998,15.258923530578613,337839460
2025-03-28,14.244855880737305,15.561384201049805,14.030012130737305,15.507880210876465,395430631
2025-03-29,13.545989036560059,14.391704559326172,13.403438568115234,14.244378089904785,264280829
2025-03-30,13.387308120727539,13.84270191192627,13.225685119628906,13.545899391174316,237053891
2025-03-31,13.512476921081543,13.69515609741211,12.989530563354492,13.387336730957031,315365161
2025-04-01,14.042898178100586,14.367353439331055,13.5032377243042,13.512476921081543,326570058
2025-04-02,12.934548377990723,14.283526420593262,12.833842277526855,14.042898178100586,644842107
2025-04-03,12.879012107849121,13.295575141906738,12.329806327819824,12.934733390808105,486341955
2025-04-04,12.934565544128418,13.170368194580078,12.390082359313965,12.878987312316895,459540540
2025-04-05,12.846267700195312,13.031200408935547,12.58227825164795,12.934462547302246,178210090
2025-04-06,11.25341510772705,12.929146766662598,11.027206420898438,12.846222877502441,399832301
2025-04-07,11.451340675354004,11.788345336914062,10.19619369506836,11.25341510772705,955842354
2025-04-08,10.9085111618042,11.844194412231445,10.809950828552246,11.451391220092773,419471778
2025-04-09,12.657184600830078,12.800328254699707,10.47804069519043,10.90865707397461,761221440
2025-04-10,12.07532024383545,12.65727710723877,11.726917266845703,12.65727710723877,396656016
2025-04-11,12.661982536315918,12.872617721557617,12.038867950439453,12.075382232666016,334568981
2025-04-12,13.146659851074219,13.26894760131836,12.481487274169922,12.661953926086426,261308485
2025-04-13,12.6239013671875,13.20571231842041,12.480043411254883,13.14670181274414,297272524
2025-04-14,12.622772216796875,13.22470474243164,12.59218978881836,12.623799324035645,315378129
2025-04-15,12.235984802246094,12.805367469787598,12.230387687683105,12.623078346252441,306887087
2025-04-16,12.357337951660156,12.510177612304688,11.96965503692627,12.23603630065918,297247643
2025-04-17,12.517427444458008,12.690652847290039,12.218425750732422,12.357084274291992,244865843
2025-04-18,12.562503814697266,12.707058906555176,12.416664123535156,12.517548561096191,158967314
2025-04-19,12.937108039855957,13.027256965637207,12.546541213989258,12.562503814697266,161547702
2025-04-20,13.27574634552002,13.567761421203613,12.888043403625488,12.936899185180664,254348045
2025-04-21,13.106670379638672,13.68026065826416,12.997052192687988,13.27574634552002,305016868
2025-04-22,14.139148712158203,14.15064811706543,12.95560073852539,13.106579780578613,427134691
2025-04-23,15.005440711975098,15.226228713989258,14.043895721435547,14.138943672180176,542540507
2025-04-24,15.044060707092285,15.111536979675293,14.183257102966309,15.00546646118164,420514365
2025-04-25,14.929082870483398,15.339580535888672,14.737112998962402,15.044149398803711,437349649
2025-04-26,14.875073432922363,15.240860939025879,14.727187156677246,14.929201126098633,266073846
2025-04-27,14.588580131530762,15.072090148925781,14.42035961151123,14.875176429748535,274127467
2025-04-28,15.01733112335205,15.098552703857422,14.286677360534668,14.588236808776855,379268687
2025-04-29,14.613898277282715,15.224578857421875,14.501120567321777,15.017324447631836,299723458
2025-04-30,14.29294204711914,14.732857704162598,13.885998725891113,14.613883018493652,286969867
2025-05-01,14.75207805633545,15.02629280090332,14.29261302947998,14.2930269241333,323454941
2025-05-02,14.6611967086792,15.011055946350098,14.53016185760498,14.75255012512207,309929654
2025-05-03,14.260993003845215,14.665719032287598,14.207695007324219,14.661189079284668,201628037
2025-05-04,13.859743118286133,14.354964256286621,13.8451509475708,14.260686874389648,191482386
2025-05-05,13.646458625793457,14.154820442199707,13.50048828125,13.859807014465332,275507863
2025-05-06,13.830133438110352,13.873090744018555,13.222562789916992,13.646458625793457,264140161
2025-05-07,13.819287300109863,14.067219734191895,13.488747596740723,13.829939842224121,247032743
2025-05-08,15.849824905395508,15.93652629852295,13.81813907623291,13.818178176879883,618036599
2025-05-09,16.011110305786133,16.691730499267578,15.60124683380127,15.849909782409668,751144767
2025-05-10,17.34076690673828,17.42261505126953,15.897950172424316,16.011335372924805,620129218
2025-05-11,17.063989639282227,17.36441421508789,16.336931228637695,17.340391159057617,591163726
2025-05-12,16.732389450073242,17.892364501953125,16.158239364624023,17.064071655273438,790304801
2025-05-13,17.432764053344727,17.78870964050293,16.076160430908203,16.732389450073242,644300503
2025-05-14,17.01301383972168,17.49659538269043,16.71763801574707,17.43267250061035,493123628
2025-05-15,16.003477096557617,17.18041229248047,15.732940673828125,17.013023376464844,558670360
2025-05-16,15.755204200744629,16.494943618774414,15.648833274841309,16.004150390625,397263663
2025-05-17,15.320246696472168,15.760971069335938,15.115089416503906,15.755104064941406,358580958
2025-05-18,15.922525405883789,16.363126754760742,15.041558265686035,15.320459365844727,502277058
2025-05-19,15.799415588378906,15.960365295410156,14.870426177978516,15.922525405883789,538027678
2025-05-20,15.6917085647583,16.379098892211914,15.267698287963867,15.79931354522705,528975136
2025-05-21,16.12407684326172,16.457889556884766,15.57288932800293,15.6917085647583,718788922
2025-05-22,16.736061096191406,16.87770652770996,16.074617385864258,16.12419891357422,604067032
2025-05-23,15.521185874938965,17.137393951416016,15.459900856018066,16.735530853271484,733081164
2025-05-24,15.355583190917969,15.8966646194458,15.26587963104248,15.521185874938965,324600216
2025-05-25,15.526289939880371,15.547592163085938,14.90377426147461,15.355573654174805,308484013
2025-05-26,15.527997970581055,15.93619155883789,15.439311027526855,15.526289939880371,322257921
2025-05-27,15.918099403381348,16.110109329223633,15.195240020751953,15.527997970581055,361520447
2025-05-28,15.665416717529297,16.13788414001465,15.327399253845215,15.917821884155273,327643278
2025-05-29,15.040348052978516,16.175519943237305,15.038724899291992,15.665864944458008,479661352
2025-05-30,13.899076461791992,15.107035636901855,13.87475299835205,15.040336608886719,693319716
2025-05-31,13.976826667785645,14.178274154663086,13.446073532104492,13.89899730682373,438698223
2025-06-01,14.062182426452637,14.119718551635742,13.632993698120117,13.976844787597656,274486723
2025-06-02,14.092877388000488,14.111964225769043,13.618180274963379,14.062182426452637,283219559
2025-06-03,14.115714073181152,14.425639152526855,14.017438888549805,14.092881202697754,344059775
2025-06-04,13.850793838500977,14.464346885681152,13.751371383666992,14.115657806396484,249133779
2025-06-05,12.922351837158203,14.031489372253418,12.68183708190918,13.850838661193848,438765014
2025-06-06,13.581302642822266,13.638745307922363,12.878641128540039,12.922356605529785,338081573
2025-06-07,13.836443901062012,14.082703590393066,13.510598182678223,13.581315040588379,234471484
2025-06-08,13.717120170593262,13.963918685913086,13.578298568725586,13.836423873901367,181386799
2025-06-09,14.361599922180176,14.385820388793945,13.56507682800293,13.717023849487305,276022760
2025-06-10,15.427643775939941,15.492620468139648,14.34074878692627,14.361599922180176,564367410
2025-06-11,14.90967082977295,15.64050579071045,14.798277854919434,15.427742004394531,513745332
2025-06-12,14.025967597961426,14.91075325012207,13.870741844177246,14.90967082977295,476641270
2025-06-13,13.436464309692383,14.026015281677246,12.813789367675781,14.026015281677246,672406626
2025-06-14,13.166606903076172,13.443733215332031,12.871607780456543,13.436620712280273,226563235
2025-06-15,13.296910285949707,13.314410209655762,13.014958381652832,13.166620254516602,195955927
2025-06-16,13.574793815612793,14.14445972442627,13.194231986999512,13.296910285949707,371019927
2025-06-17,13.007805824279785,13.765875816345215,12.837238311767578,13.574804306030273,466749364
2025-06-18,13.103866577148438,13.213550567626953,12.657727241516113,13.007871627807617,357135409
2025-06-19,13.074892044067383,13.362924575805664,12.933841705322266,13.103774070739746,290807257
2025-06-20,12.51447582244873,13.270346641540527,12.327030181884766,13.074919700622559,358060222
2025-06-21,11.985239028930664,12.726534843444824,11.776225090026855,12.51447582244873,322141364
2025-06-22,11.652458190917969,12.166029930114746,11.0082368850708,11.986448287963867,626649288
2025-06-23,12.874313354492188,12.91619873046875,11.455294609069824,11.652578353881836,544556269
2025-06-24,13.408498764038086,13.722312927246094,12.812163352966309,12.874421119689941,570667319
2025-06-25,13.136893272399902,13.489498138427734,13.015178680419922,13.40908432006836,379871936
2025-06-26,12.929868698120117,13.537347793579102,12.906155586242676,13.136893272399902,309442233
2025-06-27,13.060314178466797,13.204341888427734,12.75594711303711,12.929862022399902,262161395
2025-06-28,13.39917278289795,13.439176559448242,13.01707935333252,13.060050964355469,190754304
2025-06-29,13.725419998168945,13.837636947631836,13.257943153381348,13.39918327331543,234924590
2025-06-30,13.38076400756836,13.740310668945312,13.1399507522583,13.725419998168945,370047007
2025-07-01,12.896029472351074,13.420132637023926,12.81210708618164,13.380266189575195,275498720
2025-07-02,13.559239387512207,13.838497161865234,12.7755765914917,12.89601993560791,439521701
2025-07-03,13.668498992919922,14.028029441833496,13.450904846191406,13.559228897094727,435068408
2025-07-04,13.169758796691895,13.757813453674316,12.968308448791504,13.668498992919922,316984914
2025-07-05,13.229538917541504,13.263463973999023,13.017115592956543,13.169702529907227,153310516
2025-07-06,13.494132041931152,13.680948257446289,13.115331649780273,13.22953987121582,221744747
2025-07-07,13.428613662719727,13.682707786560059,13.265763282775879,13.49415111541748,297875545
2025-07-08,13.96792984008789,13.980143547058105,13.208902359008789,13.428586959838867,321781054
2025-07-09,14.253814697265625,14.354907035827637,13.824827194213867,13.96792984008789,501444137
2025-07-10,15.239021301269531,15.321435928344727,14.162206649780273,14.253814697265625,582819496
2025-07-11,15.298432350158691,15.834834098815918,15.06379222869873,15.238970756530762,803097126
2025-07-12,15.09860897064209,15.466806411743164,14.732000350952148,15.298432350158691,374446370
2025-07-13,15.646004676818848,15.9246826171875,15.06334114074707,15.09860897064209,458285505
2025-07-14,15.777632713317871,16.420507431030273,15.633966445922852,15.646004676818848,746693598
2025-07-15,16.092302322387695,16.154226303100586,15.177321434020996,15.777676582336426,739042029
2025-07-16,16.674169540405273,17.0117130279541,15.83807373046875,16.093048095703125,904010866
2025-07-17,17.997987747192383,18.054662704467773,16.355257034301758,16.674169540405273,977566814
2025-07-18,17.843006134033203,19.080799102783203,17.382516860961914,17.997425079345703,1445759901
2025-07-19,18.41661834716797,18.539112091064453,17.597972869873047,17.842519760131836,629040826
2025-07-20,19.30514907836914,19.78963851928711,18.345531463623047,18.416608810424805,1153258010
2025-07-21,19.532302856445312,20.235979080200195,19.043912887573242,19.30514907836914,1064166148
2025-07-22,19.663110733032227,19.935165405273438,18.673250198364258,19.532302856445312,1085236698
2025-07-23,18.185083389282227,19.691198348999023,17.600730895996094,19.66313934326172,924309700
2025-07-24,17.907915115356445,18.65234375,17.221303939819336,18.184709548950195,800891414
2025-07-25,18.29102325439453,18.45374870300293,17.331472396850586,17.907915115356445,780433456
2025-07-26,18.406492233276367,18.570951461791992,18.19313621520996,18.290897369384766,455030721
2025-07-27,19.234554290771484,19.27501106262207,18.378137588500977,18.406496047973633,590595857
2025-07-28,18.037017822265625,19.541828155517578,18.025259017944336,19.234678268432617,675519833
2025-07-29,17.822280883789062,18.609115600585938,17.509807586669922,18.03728485107422,664415032
2025-07-30,17.715185165405273,17.91929054260254,16.885568618774414,17.822280883789062,616970187
2025-07-31,16.955446243286133,18.214069366455078,16.890682220458984,17.7152156829834,605981043
2025-08-01,16.101533889770508,17.014402389526367,15.758098602294922,16.954233169555664,1036914835
2025-08-02,15.651691436767578,16.236696243286133,15.46423053741455,16.10142707824707,495759864
2025-08-03,16.299955368041992,16.35841941833496,15.521000862121582,15.651691436767578,316398400
2025-08-04,17.103120803833008,17.181243896484375,16.286441802978516,16.299997329711914,486662113
2025-08-05,16.38486671447754,17.109827041625977,16.108394622802734,17.10308074951172,556612821
2025-08-06,16.68630599975586,16.884077072143555,16.060617446899414,16.385103225708008,358947457
2025-08-07,18.46993637084961,18.483678817749023,16.599483489990234,16.686296463012695,894383315
2025-08-08,19.895051956176758,19.957372665405273,18.137020111083984,18.46993064880371,1419317520
2025-08-09,21.93036460876465,21.94300651550293,19.804473876953125,19.89468765258789,1477363572
2025-08-10,22.102489471435547,22.61202049255371,21.22233009338379,21.930374145507812,1661730595
2025-08-11,21.119766235351562,22.548227310180664,20.874250411987305,22.1024227142334,1292163260
2025-08-12,23.522558212280273,24.0731201171875,21.059091567993164,21.119802474975586,2108631924
2025-08-13,24.000789642333984,24.657821655273438,23.28087043762207,23.522558212280273,2162305354
2025-08-14,22.479764938354492,24.27507781982422,21.91804313659668,24.002452850341797,2013471000
2025-08-15,21.75300407409668,23.02439308166504,21.4353084564209,22.479997634887695,1160731112
2025-08-16,22.652238845825195,22.950401306152344,21.44015884399414,21.752809524536133,987201586
2025-08-17,25.688791275024414,26.22469711303711,22.405393600463867,22.652366638183594,2449416880
2025-08-18,25.75943946838379,26.676715850830078,24.413923263549805,25.68795394897461,3360323981
2025-08-19,23.518341064453125,25.78093910217285,23.49547576904297,25.75946807861328,2372746788
2025-08-20,26.36775016784668,26.85666847229004,23.406177520751953,23.518508911132812,2975824470
2025-08-21,24.78521728515625,26.51304817199707,24.662166595458984,26.3680477142334,2030657214
2025-08-22,26.746482849121094,27.735258102416992,24.165956497192383,24.7853946685791,3394107927
2025-08-23,26.278017044067383,26.773052215576172,25.55670928955078,26.746089935302734,1489813562
2025-08-24,25.82159423828125,26.567134857177734,25.315187454223633,26.277395248413086,1682690001
2025-08-25,23.395715713500977,26.385013580322266,23.172521591186523,25.822294235229492,2146873839
2025-08-26,24.399843215942383,24.717517852783203,22.90843963623047,23.39513397216797,1709868832
2025-08-27,23.757827758789062,24.626983642578125,23.644817352294922,24.39978790283203,1506080838
2025-08-28,25.18048667907715,25.89582633972168,23.600099563598633,23.759517669677734,2580094417
2025-08-29,23.433656692504883,25.192163467407227,23.15446662902832,25.18034553527832,1874061841
2025-08-30,23.497806549072266,23.505321502685547,22.896635055541992,23.433847427368164,698362677
2025-08-31,23.22403335571289,24.01214599609375,23.22342872619629,23.497879028320312,886417775
2025-09-01,22.481395721435547,23.824735641479492,22.17880630493164,23.223468780517578,1336339788
2025-09-02,23.480976104736328,23.571842193603516,22.372440338134766,22.4833984375,1191125537
2025-09-03,23.69241714477539,23.890018463134766,23.22915267944336,23.481006622314453,831944457
2025-09-04,22.3513240814209,23.939865112304688,22.224376678466797,23.69241714477539,906230758
2025-09-05,22.29143714904785,23.182537078857422,22.06454086303711,22.351045608520508,1326920043
2025-09-06,22.205257415771484,22.48929786682129,21.8975887298584,22.29143714904785,556781221
2025-09-07,22.465261459350586,22.569889068603516,22.139944076538086,22.205257415771484,482577447
2025-09-08,23.050865173339844,23.269760131835938,22.267208099365234,22.465402603149414,955077831
2025-09-09,23.055517196655273,23.794448852539062,22.863370895385742,23.050901412963867,1063479411
2025-09-10,23.55696678161621,23.88629722595215,22.908233642578125,23.05557632446289,813995265
2025-09-11,24.46678924560547,24.492229461669922,23.468822479248047,23.55692481994629,1052199907
2025-09-12,25.13623046875,25.29320526123047,24.2228946685791,24.466829299926758,1143932659
2025-09-13,24.877197265625,25.577938079833984,24.502531051635742,25.13585090637207,1014268343
2025-09-14,24.1313533782959,24.998287200927734,23.894683837890625,24.877153396606445,703294515
2025-09-15,23.584924697875977,24.431182861328125,23.021196365356445,24.131187438964844,900825492
2025-09-16,23.494625091552734,23.744661331176758,23.160524368286133,23.584932327270508,682554445
2025-09-17,23.98741340637207,24.230695724487305,22.832679748535156,23.494295120239258,1170212603
2025-09-18,24.6402530670166,24.72763442993164,23.712194442749023,23.987546920776367,959274372
2025-09-19,23.496610641479492,24.851457595825195,23.337343215942383,24.64031410217285,1066877361
2025-09-20,23.34481430053711,23.654325485229492,23.13029670715332,23.496980667114258,501304427
2025-09-21,22.997249603271484,23.485740661621094,22.940223693847656,23.34473419189453,435051103
2025-09-22,21.66023063659668,23.032779693603516,20.84096336364746,22.997285842895508,1496100656
2025-09-23,21.544639587402344,21.988452911376953,21.219573974609375,21.660171508789062,776247349
2025-09-24,21.620655059814453,21.96425437927246,21.11666488647461,21.543882369995117,811744874
2025-09-25,20.108457565307617,21.6571044921875,19.913251876831055,21.6207218170166,1222682522
2025-09-26,21.08590316772461,21.22411346435547,19.974557876586914,20.108800888061523,848191807
2025-09-27,20.928056716918945,21.151464462280273,20.761640548706055,21.085487365722656,324665391
2025-09-28,21.680927276611328,21.69170570373535,20.46637725830078,20.928085327148438,446906327
2025-09-29,21.749244689941406,21.88847541809082,20.968767166137695,21.681005477905273,667529543
2025-09-30,21.329387664794922,21.836164474487305,21.01544952392578,21.74923324584961,723246420
2025-10-01,22.582313537597656,22.627830505371094,21.082134246826172,21.329185485839844,844755025
2025-10-02,22.774349212646484,23.11431121826172,22.001012802124023,22.58274269104004,948735220
2025-10-03,22.5244083404541,23.05874252319336,22.14243507385254,22.774377822875977,965222469
2025-10-04,22.032007217407227,22.599348068237305,21.797754287719727,22.524473190307617,628716750
2025-10-05,22.002395629882812,22.91104507446289,21.933923721313477,22.031980514526367,863779461
2025-10-06,23.37454605102539,23.575542449951172,21.55360221862793,22.002395629882812,1194602384
2025-10-07,21.855979919433594,23.669267654418945,21.847270965576172,23.374221801757812,1315570468
2025-10-08,22.620698928833008,22.653024673461914,21.72518539428711,21.856021881103516,784523519
2025-10-09,22.012300491333008,22.654375076293945,21.378801345825195,22.620689392089844,880368741
2025-10-10,17.354766845703125,22.751161575317383,10.17926025390625,22.012203216552734,3361821002
2025-10-11,17.21348762512207,18.477811813354492,16.67828941345215,17.341880798339844,1988393359
2025-10-12,19.047706604003906,19.391937255859375,16.765865325927734,17.213497161865234,1278894619
2025-10-13,19.86493492126465,20.192644119262695,18.81398582458496,19.047571182250977,1422251197
2025-10-14,19.113391876220703,20.03530502319336,18.158018112182617,19.86488914489746,1375105192
2025-10-15,18.063411712646484,19.235950469970703,17.843441009521484,19.11338233947754,946169365
2025-10-16,17.40520477294922,18.566953659057617,17.144947052001953,18.063411712646484,963114595
2025-10-17,16.611236572265625,17.666961669921875,15.769655227661133,17.405494689941406,1310104291
2025-10-18,16.820730209350586,16.966510772705078,16.588125228881836,16.61131477355957,444690571
2025-10-19,17.27528953552246,17.6568603515625,16.553022384643555,16.820730209350586,685360938
2025-10-20,18.6574764251709,19.172805786132812,16.963077545166016,17.27590560913086,1317301407
2025-10-21,17.62841796875,18.940265655517578,17.575393676757812,18.66220474243164,1329358652
2025-10-22,17.207212448120117,17.835784912109375,16.86880111694336,17.628250122070312,945434490
2025-10-23,17.41607666015625,17.764766693115234,17.139829635620117,17.207212448120117,699180129
2025-10-24,17.87808609008789,17.984703063964844,17.317310333251953,17.41610336303711,666571200
2025-10-25,18.01698112487793,18.223819732666016,17.80828285217285,17.87808609008789,355900758
2025-10-26,18.540292739868164,18.66091537475586,17.7121639251709,18.01751136779785,681105114
2025-10-27,18.216867446899414,19.02147674560547,18.139427185058594,18.541322708129883,877560888
2025-10-28,17.840238571166992,18.787517547607422,17.559404373168945,18.216840744018555,869022092
2025-10-29,18.110286712646484,18.618070602416992,17.69462776184082,17.840322494506836,995502586
2025-10-30,16.80474281311035,18.400466918945312,16.3859920501709,18.109817504882812,1180005684
2025-10-31,17.24004554748535,17.419322967529297,16.781984329223633,16.805585861206055,805192726
2025-11-01,17.1216983795166,17.401369094848633,17.075864791870117,17.240148544311523,438785349
2025-11-02,17.598976135253906,17.600069046020508,17.007360458374023,17.121679306030273,524183843
2025-11-03,15.24285888671875,17.62802505493164,15.046916961669922,17.59806251525879,1383418830
2025-11-04,14.724411964416504,15.474836349487305,13.865748405456543,15.242831230163574,1622564462
2025-11-05,15.150303840637207,15.377610206604004,14.043899536132812,14.723957061767578,965152397
2025-11-06,14.716654777526855,15.19433307647705,14.324334144592285,15.149827003479004,733660296
2025-11-07,15.769024848937988,16.19568634033203,14.365883827209473,14.717702865600586,1052439693
2025-11-08,15.515359878540039,16.001401901245117,15.149271965026855,15.769099235534668,752557415
2025-11-09,15.927966117858887,16.09974479675293,15.060649871826172,15.515302658081055,633488337
2025-11-10,16.34421157836914,16.625041961669922,15.855692863464355,15.927749633789062,841203343
2025-11-11,15.298300743103027,16.716917037963867,15.27698040008545,16.34475326538086,760231060
2025-11-12,15.141704559326172,16.209758758544922,14.965481758117676,15.298077583312988,810797365
2025-11-13,14.584552764892578,15.976841926574707,14.170378684997559,15.14175033569336,1003151749
2025-11-14,13.800078392028809,14.585670471191406,13.64599609375,14.58436393737793,1100900775
2025-11-15,14.120943069458008,14.309027671813965,13.798151969909668,13.798151969909668,487126006
2025-11-16,13.741969108581543,14.473529815673828,13.445899963378906,14.121142387390137,790466339
2025-11-17,13.306071281433105,14.17671012878418,13.101222038269043,13.741694450378418,865194247
2025-11-18,13.79493236541748,13.961406707763672,13.120712280273438,13.306604385375977,825409520
2025-11-19,13.521196365356445,13.79459285736084,12.80105209350586,13.79459285736084,845304901
2025-11-20,12.925078392028809,13.940572738647461,12.791886329650879,13.521321296691895,1004586893
2025-11-21,12.119377136230469,13.17544174194336,11.660616874694824,12.924698829650879,1300578209
2025-11-22,12.172947883605957,12.262310981750488,11.770852088928223,12.119552612304688,516413939
2025-11-23,12.509099006652832,12.724534034729004,12.123976707458496,12.173174858093262,594430890
2025-11-24,12.964276313781738,13.178525924682617,12.37462329864502,12.509326934814453,708639149
2025-11-25,13.065637588500977,13.197150230407715,12.58984661102295,12.964056968688965,674660530
2025-11-26,13.45560073852539,13.492705345153809,12.7629976272583,13.065667152404785,535075113
2025-11-27,13.348663330078125,13.553443908691406,13.243778228759766,13.455578804016113,445590223
2025-11-28,13.13994026184082,13.510627746582031,13.076004028320312,13.348682403564453,478723295
2025-11-29,13.0029296875,13.205680847167969,12.958691596984863,13.139918327331543,310763617
2025-11-30,12.981496810913086,13.412604331970215,12.975979804992676,13.002795219421387,328471524
2025-12-01,12.08540153503418,12.979913711547852,11.762447357177734,12.979913711547852,829474677
2025-12-02,13.510494232177734,13.569308280944824,11.993120193481445,12.085393905639648,799393506
2025-12-03,14.687666893005371,14.709872245788574,13.457096099853516,13.509849548339844,1211123454
2025-12-04,14.254020690917969,14.910977363586426,14.007237434387207,14.681859970092773,720360577
2025-12-05,13.607115745544434,14.37975788116455,13.397290229797363,14.254481315612793,668600935
2025-12-06,13.926069259643555,14.07009506225586,13.513663291931152,13.60709285736084,470170431
2025-12-07,13.642915725708008,14.135845184326172,13.233833312988281,13.925993919372559,615161382
2025-12-08,13.748384475708008,14.254388809204102,13.610139846801758,13.643217086791992,577408386
2025-12-09,14.41729736328125,14.984186172485352,13.578458786010742,13.748920440673828,721040184
2025-12-10,14.118707656860352,14.862334251403809,13.985569953918457,14.417238235473633,785783951
2025-12-11,14.062646865844727,14.181832313537598,13.445608139038086,14.118260383605957,678492606
2025-12-12,13.645241737365723,14.326870918273926,13.33537769317627,14.062516212463379,580676373
2025-12-13,13.742837905883789,13.95242977142334,13.618451118469238,13.645215034484863,334111632
2025-12-14,13.29239273071289,13.78232479095459,13.207554817199707,13.742929458618164,382513332
2025-12-15,12.864611625671387,13.71958065032959,12.537033081054688,13.292303085327148,667123756
2025-12-16,12.934125900268555,13.069948196411133,12.645984649658203,12.864611625671387,542879458
2025-12-17,12.24010181427002,13.126523971557617,12.148893356323242,12.934125900268555,637625397
2025-12-18,11.933768272399902,12.829325675964355,11.75934886932373,12.24026107788086,687187945
2025-12-19,12.531227111816406,12.729793548583984,11.855095863342285,11.933768272399902,577250884
2025-12-20,12.551011085510254,12.696409225463867,12.485509872436523,12.531208992004395,255017538
2025-12-21,12.432073593139648,12.684806823730469,12.243268013000488,12.55097770690918,337431219
2025-12-22,12.5781831741333,12.877555847167969,12.376264572143555,12.432073593139648,500351044
2025-12-23,12.38786506652832,12.667014122009277,12.129007339477539,12.578210830688477,438012165
2025-12-24,12.26815128326416,12.410330772399902,12.066637992858887,12.38783073425293,299871493
2025-12-25,12.055989265441895,12.401097297668457,12.0176420211792,12.26815128326416,245990002
2025-12-26,12.177103042602539,12.51515007019043,12.04641342163086,12.055834770202637,318075740
2025-12-27,12.497620582580566,12.497825622558594,12.167431831359863,12.177084922790527,215036321
2025-12-28,12.47721004486084,12.564410209655762,12.326004028320312,12.497554779052734,247125605
2025-12-29,12.290201187133789,12.977884292602539,12.259302139282227,12.477226257324219,460383776
2025-12-30,12.414362907409668,12.561203002929688,12.270892143249512,12.290191650390625,310407593
2025-12-31,12.188008308410645,12.507661819458008,12.187711715698242,12.414362907409668,466939404
2026-01-01,12.586158752441406,12.60582160949707,12.143738746643066,12.188225746154785,424088085
2026-01-02,13.2632417678833,13.405162811279297,12.57580280303955,12.586124420166016,833520947
2026-01-03,13.231463432312012,13.355284690856934,12.993575096130371,13.263481140136719,510726074
2026-01-04,13.398759841918945,13.557690620422363,13.226285934448242,13.231463432312012,583816633
2026-01-05,13.917906761169434,14.114192962646484,13.399941444396973,13.399941444396973,926822463
2026-01-06,14.041692733764648,14.18685245513916,13.499103546142578,13.917684555053711,997947576
2026-01-07,13.428935050964355,14.041777610778809,13.316845893859863,14.041324615478516,762040205
2026-01-08,13.215398788452148,13.529767990112305,13.043404579162598,13.428935050964355,675466736
2026-01-09,13.117958068847656,13.407736778259277,13.061969757080078,13.21545696258545,561561184
2026-01-10,13.12912654876709,13.226133346557617,13.064697265625,13.11807918548584,201046969
2026-01-11,13.174175262451172,13.326699256896973,13.070013999938965,13.128449440002441,235889877
2026-01-12,13.068760871887207,13.488855361938477,12.966285705566406,13.174328804016113,385293417
2026-01-13,14.042167663574219,14.15237808227539,13.054830551147461,13.068946838378906,543318706
2026-01-14,14.114400863647461,14.376190185546875,13.864969253540039,14.042203903198242,595218601
